index,group_index,group_name,filename,relative_name,path
0,0,picc,picc000_D5.wav,picc/picc000_D5.wav,/home/itolab-1/yusei/database_chromatic-longtones/picc/picc000_D5.wav
1,0,picc,picc001_Dis5.wav,picc/picc001_Dis5.wav,/home/itolab-1/yusei/database_chromatic-longtones/picc/picc001_Dis5.wav
2,0,picc,picc002_E5.wav,picc/picc002_E5.wav,/home/itolab-1/yusei/database_chromatic-longtones/picc/picc002_E5.wav
3,0,picc,picc003_F5.wav,picc/picc003_F5.wav,/home/itolab-1/yusei/database_chromatic-longtones/picc/picc003_F5.wav
4,0,picc,picc004_Fis5.wav,picc/picc004_Fis5.wav,/home/itolab-1/yusei/database_chromatic-longtones/picc/picc004_Fis5.wav
5,0,picc,picc005_G5.wav,picc/picc005_G5.wav,/home/itolab-1/yusei/database_chromatic-longtones/picc/picc005_G5.wav
6,0,picc,picc006_Gis5.wav,picc/picc006_Gis5.wav,/home/itolab-1/yusei/database_chromatic-longtones/picc/picc006_Gis5.wav
7,0,picc,picc007_A5.wav,picc/picc007_A5.wav,/home/itolab-1/yusei/database_chromatic-longtones/picc/picc007_A5.wav
8,0,picc,picc008_Ais5.wav,picc/picc008_Ais5.wav,/home/itolab-1/yusei/database_chromatic-longtones/picc/picc008_Ais5.wav
9,0,picc,picc009_H5.wav,picc/picc009_H5.wav,/home/itolab-1/yusei/database_chromatic-longtones/picc/picc009_H5.wav
10,0,picc,picc010_C6.wav,picc/picc010_C6.wav,/home/itolab-1/yusei/database_chromatic-longtones/picc/picc010_C6.wav
11,0,picc,picc011_Cis6.wav,picc/picc011_Cis6.wav,/home/itolab-1/yusei/database_chromatic-longtones/picc/picc011_Cis6.wav
12,0,picc,picc012_D6.wav,picc/picc012_D6.wav,/home/itolab-1/yusei/database_chromatic-longtones/picc/picc012_D6.wav
13,0,picc,picc013_Dis6.wav,picc/picc013_Dis6.wav,/home/itolab-1/yusei/database_chromatic-longtones/picc/picc013_Dis6.wav
14,0,picc,picc014_E6.wav,picc/picc014_E6.wav,/home/itolab-1/yusei/database_chromatic-longtones/picc/picc014_E6.wav
15,0,picc,picc015_F6.wav,picc/picc015_F6.wav,/home/itolab-1/yusei/database_chromatic-longtones/picc/picc015_F6.wav
16,0,picc,picc016_Fis6.wav,picc/picc016_Fis6.wav,/home/itolab-1/yusei/database_chromatic-longtones/picc/picc016_Fis6.wav
17,0,picc,picc017_G6.wav,picc/picc017_G6.wav,/home/itolab-1/yusei/database_chromatic-longtones/picc/picc017_G6.wav
18,0,picc,picc018_Gis6.wav,picc/picc018_Gis6.wav,/home/itolab-1/yusei/database_chromatic-longtones/picc/picc018_Gis6.wav
19,0,picc,picc019_A6.wav,picc/picc019_A6.wav,/home/itolab-1/yusei/database_chromatic-longtones/picc/picc019_A6.wav
20,0,picc,picc020_Ais6.wav,picc/picc020_Ais6.wav,/home/itolab-1/yusei/database_chromatic-longtones/picc/picc020_Ais6.wav
21,0,picc,picc021_H6.wav,picc/picc021_H6.wav,/home/itolab-1/yusei/database_chromatic-longtones/picc/picc021_H6.wav
22,0,picc,picc022_C7.wav,picc/picc022_C7.wav,/home/itolab-1/yusei/database_chromatic-longtones/picc/picc022_C7.wav
23,0,picc,picc023_Cis7.wav,picc/picc023_Cis7.wav,/home/itolab-1/yusei/database_chromatic-longtones/picc/picc023_Cis7.wav
24,0,picc,picc024_D7.wav,picc/picc024_D7.wav,/home/itolab-1/yusei/database_chromatic-longtones/picc/picc024_D7.wav
25,0,picc,picc025_Dis7.wav,picc/picc025_Dis7.wav,/home/itolab-1/yusei/database_chromatic-longtones/picc/picc025_Dis7.wav
26,0,picc,picc026_E7.wav,picc/picc026_E7.wav,/home/itolab-1/yusei/database_chromatic-longtones/picc/picc026_E7.wav
27,0,picc,picc027_F7.wav,picc/picc027_F7.wav,/home/itolab-1/yusei/database_chromatic-longtones/picc/picc027_F7.wav
28,0,picc,picc028_Fis7.wav,picc/picc028_Fis7.wav,/home/itolab-1/yusei/database_chromatic-longtones/picc/picc028_Fis7.wav
29,0,picc,picc029_G7.wav,picc/picc029_G7.wav,/home/itolab-1/yusei/database_chromatic-longtones/picc/picc029_G7.wav
30,0,picc,picc030_Gis7.wav,picc/picc030_Gis7.wav,/home/itolab-1/yusei/database_chromatic-longtones/picc/picc030_Gis7.wav
31,0,picc,picc031_A7.wav,picc/picc031_A7.wav,/home/itolab-1/yusei/database_chromatic-longtones/picc/picc031_A7.wav
32,0,picc,picc032_Ais7.wav,picc/picc032_Ais7.wav,/home/itolab-1/yusei/database_chromatic-longtones/picc/picc032_Ais7.wav
33,0,picc,picc033_H7.wav,picc/picc033_H7.wav,/home/itolab-1/yusei/database_chromatic-longtones/picc/picc033_H7.wav
34,1,fl,fl000_C4.wav,fl/fl000_C4.wav,/home/itolab-1/yusei/database_chromatic-longtones/fl/fl000_C4.wav
35,1,fl,fl001_Cis4.wav,fl/fl001_Cis4.wav,/home/itolab-1/yusei/database_chromatic-longtones/fl/fl001_Cis4.wav
36,1,fl,fl002_D4.wav,fl/fl002_D4.wav,/home/itolab-1/yusei/database_chromatic-longtones/fl/fl002_D4.wav
37,1,fl,fl003_Dis4.wav,fl/fl003_Dis4.wav,/home/itolab-1/yusei/database_chromatic-longtones/fl/fl003_Dis4.wav
38,1,fl,fl004_E4.wav,fl/fl004_E4.wav,/home/itolab-1/yusei/database_chromatic-longtones/fl/fl004_E4.wav
39,1,fl,fl005_F4.wav,fl/fl005_F4.wav,/home/itolab-1/yusei/database_chromatic-longtones/fl/fl005_F4.wav
40,1,fl,fl006_Fis4.wav,fl/fl006_Fis4.wav,/home/itolab-1/yusei/database_chromatic-longtones/fl/fl006_Fis4.wav
41,1,fl,fl007_G4.wav,fl/fl007_G4.wav,/home/itolab-1/yusei/database_chromatic-longtones/fl/fl007_G4.wav
42,1,fl,fl008_Gis4.wav,fl/fl008_Gis4.wav,/home/itolab-1/yusei/database_chromatic-longtones/fl/fl008_Gis4.wav
43,1,fl,fl009_A4.wav,fl/fl009_A4.wav,/home/itolab-1/yusei/database_chromatic-longtones/fl/fl009_A4.wav
44,1,fl,fl010_Ais4.wav,fl/fl010_Ais4.wav,/home/itolab-1/yusei/database_chromatic-longtones/fl/fl010_Ais4.wav
45,1,fl,fl011_H4.wav,fl/fl011_H4.wav,/home/itolab-1/yusei/database_chromatic-longtones/fl/fl011_H4.wav
46,1,fl,fl012_C5.wav,fl/fl012_C5.wav,/home/itolab-1/yusei/database_chromatic-longtones/fl/fl012_C5.wav
47,1,fl,fl013_Cis5.wav,fl/fl013_Cis5.wav,/home/itolab-1/yusei/database_chromatic-longtones/fl/fl013_Cis5.wav
48,1,fl,fl014_D5.wav,fl/fl014_D5.wav,/home/itolab-1/yusei/database_chromatic-longtones/fl/fl014_D5.wav
49,1,fl,fl015_Dis5.wav,fl/fl015_Dis5.wav,/home/itolab-1/yusei/database_chromatic-longtones/fl/fl015_Dis5.wav
50,1,fl,fl016_E5.wav,fl/fl016_E5.wav,/home/itolab-1/yusei/database_chromatic-longtones/fl/fl016_E5.wav
51,1,fl,fl017_F5.wav,fl/fl017_F5.wav,/home/itolab-1/yusei/database_chromatic-longtones/fl/fl017_F5.wav
52,1,fl,fl018_Fis5.wav,fl/fl018_Fis5.wav,/home/itolab-1/yusei/database_chromatic-longtones/fl/fl018_Fis5.wav
53,1,fl,fl019_G5.wav,fl/fl019_G5.wav,/home/itolab-1/yusei/database_chromatic-longtones/fl/fl019_G5.wav
54,1,fl,fl020_Gis5.wav,fl/fl020_Gis5.wav,/home/itolab-1/yusei/database_chromatic-longtones/fl/fl020_Gis5.wav
55,1,fl,fl021_A5.wav,fl/fl021_A5.wav,/home/itolab-1/yusei/database_chromatic-longtones/fl/fl021_A5.wav
56,1,fl,fl022_Ais5.wav,fl/fl022_Ais5.wav,/home/itolab-1/yusei/database_chromatic-longtones/fl/fl022_Ais5.wav
57,1,fl,fl023_H5.wav,fl/fl023_H5.wav,/home/itolab-1/yusei/database_chromatic-longtones/fl/fl023_H5.wav
58,1,fl,fl024_C6.wav,fl/fl024_C6.wav,/home/itolab-1/yusei/database_chromatic-longtones/fl/fl024_C6.wav
59,1,fl,fl025_Cis6.wav,fl/fl025_Cis6.wav,/home/itolab-1/yusei/database_chromatic-longtones/fl/fl025_Cis6.wav
60,1,fl,fl026_D6.wav,fl/fl026_D6.wav,/home/itolab-1/yusei/database_chromatic-longtones/fl/fl026_D6.wav
61,1,fl,fl027_Dis6.wav,fl/fl027_Dis6.wav,/home/itolab-1/yusei/database_chromatic-longtones/fl/fl027_Dis6.wav
62,1,fl,fl028_E6.wav,fl/fl028_E6.wav,/home/itolab-1/yusei/database_chromatic-longtones/fl/fl028_E6.wav
63,1,fl,fl029_F6.wav,fl/fl029_F6.wav,/home/itolab-1/yusei/database_chromatic-longtones/fl/fl029_F6.wav
64,1,fl,fl030_Fis6.wav,fl/fl030_Fis6.wav,/home/itolab-1/yusei/database_chromatic-longtones/fl/fl030_Fis6.wav
65,1,fl,fl031_G6.wav,fl/fl031_G6.wav,/home/itolab-1/yusei/database_chromatic-longtones/fl/fl031_G6.wav
66,1,fl,fl032_Gis6.wav,fl/fl032_Gis6.wav,/home/itolab-1/yusei/database_chromatic-longtones/fl/fl032_Gis6.wav
67,1,fl,fl033_A6.wav,fl/fl033_A6.wav,/home/itolab-1/yusei/database_chromatic-longtones/fl/fl033_A6.wav
68,1,fl,fl034_Ais6.wav,fl/fl034_Ais6.wav,/home/itolab-1/yusei/database_chromatic-longtones/fl/fl034_Ais6.wav
69,1,fl,fl035_H6.wav,fl/fl035_H6.wav,/home/itolab-1/yusei/database_chromatic-longtones/fl/fl035_H6.wav
70,1,fl,fl036_C7.wav,fl/fl036_C7.wav,/home/itolab-1/yusei/database_chromatic-longtones/fl/fl036_C7.wav
71,2,fl_lip-tight,fl000_C4_lip-tight.wav,fl_lip-tight/fl000_C4_lip-tight.wav,/home/itolab-1/yusei/database_chromatic-longtones/fl_lip-tight/fl000_C4_lip-tight.wav
72,2,fl_lip-tight,fl001_Cis4_lip-tight.wav,fl_lip-tight/fl001_Cis4_lip-tight.wav,/home/itolab-1/yusei/database_chromatic-longtones/fl_lip-tight/fl001_Cis4_lip-tight.wav
73,2,fl_lip-tight,fl002_D4_lip-tight.wav,fl_lip-tight/fl002_D4_lip-tight.wav,/home/itolab-1/yusei/database_chromatic-longtones/fl_lip-tight/fl002_D4_lip-tight.wav
74,2,fl_lip-tight,fl003_Dis4_lip-tight.wav,fl_lip-tight/fl003_Dis4_lip-tight.wav,/home/itolab-1/yusei/database_chromatic-longtones/fl_lip-tight/fl003_Dis4_lip-tight.wav
75,2,fl_lip-tight,fl004_E4_lip-tight.wav,fl_lip-tight/fl004_E4_lip-tight.wav,/home/itolab-1/yusei/database_chromatic-longtones/fl_lip-tight/fl004_E4_lip-tight.wav
76,2,fl_lip-tight,fl005_F4_lip-tight.wav,fl_lip-tight/fl005_F4_lip-tight.wav,/home/itolab-1/yusei/database_chromatic-longtones/fl_lip-tight/fl005_F4_lip-tight.wav
77,2,fl_lip-tight,fl006_Fis4_lip-tight.wav,fl_lip-tight/fl006_Fis4_lip-tight.wav,/home/itolab-1/yusei/database_chromatic-longtones/fl_lip-tight/fl006_Fis4_lip-tight.wav
78,2,fl_lip-tight,fl007_G4_lip-tight.wav,fl_lip-tight/fl007_G4_lip-tight.wav,/home/itolab-1/yusei/database_chromatic-longtones/fl_lip-tight/fl007_G4_lip-tight.wav
79,2,fl_lip-tight,fl008_Gis4_lip-tight.wav,fl_lip-tight/fl008_Gis4_lip-tight.wav,/home/itolab-1/yusei/database_chromatic-longtones/fl_lip-tight/fl008_Gis4_lip-tight.wav
80,2,fl_lip-tight,fl009_A4_lip-tight.wav,fl_lip-tight/fl009_A4_lip-tight.wav,/home/itolab-1/yusei/database_chromatic-longtones/fl_lip-tight/fl009_A4_lip-tight.wav
81,2,fl_lip-tight,fl010_Ais4_lip-tight.wav,fl_lip-tight/fl010_Ais4_lip-tight.wav,/home/itolab-1/yusei/database_chromatic-longtones/fl_lip-tight/fl010_Ais4_lip-tight.wav
82,2,fl_lip-tight,fl011_H4_lip-tight.wav,fl_lip-tight/fl011_H4_lip-tight.wav,/home/itolab-1/yusei/database_chromatic-longtones/fl_lip-tight/fl011_H4_lip-tight.wav
83,2,fl_lip-tight,fl012_C5_lip-tight.wav,fl_lip-tight/fl012_C5_lip-tight.wav,/home/itolab-1/yusei/database_chromatic-longtones/fl_lip-tight/fl012_C5_lip-tight.wav
84,2,fl_lip-tight,fl013_Cis5_lip-tight.wav,fl_lip-tight/fl013_Cis5_lip-tight.wav,/home/itolab-1/yusei/database_chromatic-longtones/fl_lip-tight/fl013_Cis5_lip-tight.wav
85,2,fl_lip-tight,fl014_D5_lip-tight.wav,fl_lip-tight/fl014_D5_lip-tight.wav,/home/itolab-1/yusei/database_chromatic-longtones/fl_lip-tight/fl014_D5_lip-tight.wav
86,2,fl_lip-tight,fl015_Dis5_lip-tight.wav,fl_lip-tight/fl015_Dis5_lip-tight.wav,/home/itolab-1/yusei/database_chromatic-longtones/fl_lip-tight/fl015_Dis5_lip-tight.wav
87,2,fl_lip-tight,fl016_E5_lip-tight.wav,fl_lip-tight/fl016_E5_lip-tight.wav,/home/itolab-1/yusei/database_chromatic-longtones/fl_lip-tight/fl016_E5_lip-tight.wav
88,2,fl_lip-tight,fl017_F5_lip-tight.wav,fl_lip-tight/fl017_F5_lip-tight.wav,/home/itolab-1/yusei/database_chromatic-longtones/fl_lip-tight/fl017_F5_lip-tight.wav
89,2,fl_lip-tight,fl018_Fis5_lip-tight.wav,fl_lip-tight/fl018_Fis5_lip-tight.wav,/home/itolab-1/yusei/database_chromatic-longtones/fl_lip-tight/fl018_Fis5_lip-tight.wav
90,2,fl_lip-tight,fl019_G5_lip-tight.wav,fl_lip-tight/fl019_G5_lip-tight.wav,/home/itolab-1/yusei/database_chromatic-longtones/fl_lip-tight/fl019_G5_lip-tight.wav
91,2,fl_lip-tight,fl020_Gis5_lip-tight.wav,fl_lip-tight/fl020_Gis5_lip-tight.wav,/home/itolab-1/yusei/database_chromatic-longtones/fl_lip-tight/fl020_Gis5_lip-tight.wav
92,2,fl_lip-tight,fl021_A5_lip-tight.wav,fl_lip-tight/fl021_A5_lip-tight.wav,/home/itolab-1/yusei/database_chromatic-longtones/fl_lip-tight/fl021_A5_lip-tight.wav
93,2,fl_lip-tight,fl022_Ais5_lip-tight.wav,fl_lip-tight/fl022_Ais5_lip-tight.wav,/home/itolab-1/yusei/database_chromatic-longtones/fl_lip-tight/fl022_Ais5_lip-tight.wav
94,2,fl_lip-tight,fl023_H5_lip-tight.wav,fl_lip-tight/fl023_H5_lip-tight.wav,/home/itolab-1/yusei/database_chromatic-longtones/fl_lip-tight/fl023_H5_lip-tight.wav
95,2,fl_lip-tight,fl024_C6_lip-tight.wav,fl_lip-tight/fl024_C6_lip-tight.wav,/home/itolab-1/yusei/database_chromatic-longtones/fl_lip-tight/fl024_C6_lip-tight.wav
96,2,fl_lip-tight,fl025_Cis6_lip-tight.wav,fl_lip-tight/fl025_Cis6_lip-tight.wav,/home/itolab-1/yusei/database_chromatic-longtones/fl_lip-tight/fl025_Cis6_lip-tight.wav
97,2,fl_lip-tight,fl026_D6_lip-tight.wav,fl_lip-tight/fl026_D6_lip-tight.wav,/home/itolab-1/yusei/database_chromatic-longtones/fl_lip-tight/fl026_D6_lip-tight.wav
98,2,fl_lip-tight,fl027_Dis6_lip-tight.wav,fl_lip-tight/fl027_Dis6_lip-tight.wav,/home/itolab-1/yusei/database_chromatic-longtones/fl_lip-tight/fl027_Dis6_lip-tight.wav
99,2,fl_lip-tight,fl028_E6_lip-tight.wav,fl_lip-tight/fl028_E6_lip-tight.wav,/home/itolab-1/yusei/database_chromatic-longtones/fl_lip-tight/fl028_E6_lip-tight.wav
100,2,fl_lip-tight,fl029_F6_lip-tight.wav,fl_lip-tight/fl029_F6_lip-tight.wav,/home/itolab-1/yusei/database_chromatic-longtones/fl_lip-tight/fl029_F6_lip-tight.wav
101,2,fl_lip-tight,fl030_Fis6_lip-tight.wav,fl_lip-tight/fl030_Fis6_lip-tight.wav,/home/itolab-1/yusei/database_chromatic-longtones/fl_lip-tight/fl030_Fis6_lip-tight.wav
102,2,fl_lip-tight,fl031_G6_lip-tight.wav,fl_lip-tight/fl031_G6_lip-tight.wav,/home/itolab-1/yusei/database_chromatic-longtones/fl_lip-tight/fl031_G6_lip-tight.wav
103,2,fl_lip-tight,fl032_Gis6_lip-tight.wav,fl_lip-tight/fl032_Gis6_lip-tight.wav,/home/itolab-1/yusei/database_chromatic-longtones/fl_lip-tight/fl032_Gis6_lip-tight.wav
104,2,fl_lip-tight,fl033_A6_lip-tight.wav,fl_lip-tight/fl033_A6_lip-tight.wav,/home/itolab-1/yusei/database_chromatic-longtones/fl_lip-tight/fl033_A6_lip-tight.wav
105,2,fl_lip-tight,fl034_Ais6_lip-tight.wav,fl_lip-tight/fl034_Ais6_lip-tight.wav,/home/itolab-1/yusei/database_chromatic-longtones/fl_lip-tight/fl034_Ais6_lip-tight.wav
106,2,fl_lip-tight,fl035_H6_lip-tight.wav,fl_lip-tight/fl035_H6_lip-tight.wav,/home/itolab-1/yusei/database_chromatic-longtones/fl_lip-tight/fl035_H6_lip-tight.wav
107,2,fl_lip-tight,fl036_C7_lip-tight.wav,fl_lip-tight/fl036_C7_lip-tight.wav,/home/itolab-1/yusei/database_chromatic-longtones/fl_lip-tight/fl036_C7_lip-tight.wav
108,3,altofl,altofl000_conc-G3_writ-C4.wav,altofl/altofl000_conc-G3_writ-C4.wav,/home/itolab-1/yusei/database_chromatic-longtones/altofl/altofl000_conc-G3_writ-C4.wav
109,3,altofl,altofl001_conc-Gis3_writ-Cis4.wav,altofl/altofl001_conc-Gis3_writ-Cis4.wav,/home/itolab-1/yusei/database_chromatic-longtones/altofl/altofl001_conc-Gis3_writ-Cis4.wav
110,3,altofl,altofl002_conc-A3_writ-D4.wav,altofl/altofl002_conc-A3_writ-D4.wav,/home/itolab-1/yusei/database_chromatic-longtones/altofl/altofl002_conc-A3_writ-D4.wav
111,3,altofl,altofl003_conc-Ais3_writ-Dis4.wav,altofl/altofl003_conc-Ais3_writ-Dis4.wav,/home/itolab-1/yusei/database_chromatic-longtones/altofl/altofl003_conc-Ais3_writ-Dis4.wav
112,3,altofl,altofl004_conc-H3_writ-E4.wav,altofl/altofl004_conc-H3_writ-E4.wav,/home/itolab-1/yusei/database_chromatic-longtones/altofl/altofl004_conc-H3_writ-E4.wav
113,3,altofl,altofl005_conc-C4_writ-F4.wav,altofl/altofl005_conc-C4_writ-F4.wav,/home/itolab-1/yusei/database_chromatic-longtones/altofl/altofl005_conc-C4_writ-F4.wav
114,3,altofl,altofl006_conc-Cis4_writ-Fis4.wav,altofl/altofl006_conc-Cis4_writ-Fis4.wav,/home/itolab-1/yusei/database_chromatic-longtones/altofl/altofl006_conc-Cis4_writ-Fis4.wav
115,3,altofl,altofl007_conc-D4_writ-G4.wav,altofl/altofl007_conc-D4_writ-G4.wav,/home/itolab-1/yusei/database_chromatic-longtones/altofl/altofl007_conc-D4_writ-G4.wav
116,3,altofl,altofl008_conc-Dis4_writ-Gis4.wav,altofl/altofl008_conc-Dis4_writ-Gis4.wav,/home/itolab-1/yusei/database_chromatic-longtones/altofl/altofl008_conc-Dis4_writ-Gis4.wav
117,3,altofl,altofl009_conc-E4_writ-A4.wav,altofl/altofl009_conc-E4_writ-A4.wav,/home/itolab-1/yusei/database_chromatic-longtones/altofl/altofl009_conc-E4_writ-A4.wav
118,3,altofl,altofl010_conc-F4_writ-B4.wav,altofl/altofl010_conc-F4_writ-B4.wav,/home/itolab-1/yusei/database_chromatic-longtones/altofl/altofl010_conc-F4_writ-B4.wav
119,3,altofl,altofl011_conc-Fis4_writ-H4.wav,altofl/altofl011_conc-Fis4_writ-H4.wav,/home/itolab-1/yusei/database_chromatic-longtones/altofl/altofl011_conc-Fis4_writ-H4.wav
120,3,altofl,altofl012_conc-G4_writ-C5.wav,altofl/altofl012_conc-G4_writ-C5.wav,/home/itolab-1/yusei/database_chromatic-longtones/altofl/altofl012_conc-G4_writ-C5.wav
121,3,altofl,altofl013_conc-Gis4_writ-Cis5.wav,altofl/altofl013_conc-Gis4_writ-Cis5.wav,/home/itolab-1/yusei/database_chromatic-longtones/altofl/altofl013_conc-Gis4_writ-Cis5.wav
122,3,altofl,altofl014_conc-A4_writ-D5.wav,altofl/altofl014_conc-A4_writ-D5.wav,/home/itolab-1/yusei/database_chromatic-longtones/altofl/altofl014_conc-A4_writ-D5.wav
123,3,altofl,altofl015_conc-Ais4_writ-Dis5.wav,altofl/altofl015_conc-Ais4_writ-Dis5.wav,/home/itolab-1/yusei/database_chromatic-longtones/altofl/altofl015_conc-Ais4_writ-Dis5.wav
124,3,altofl,altofl016_conc-H4_writ-E5.wav,altofl/altofl016_conc-H4_writ-E5.wav,/home/itolab-1/yusei/database_chromatic-longtones/altofl/altofl016_conc-H4_writ-E5.wav
125,3,altofl,altofl017_conc-C5_writ-F5.wav,altofl/altofl017_conc-C5_writ-F5.wav,/home/itolab-1/yusei/database_chromatic-longtones/altofl/altofl017_conc-C5_writ-F5.wav
126,3,altofl,altofl018_conc-Cis5_writ-Fis5.wav,altofl/altofl018_conc-Cis5_writ-Fis5.wav,/home/itolab-1/yusei/database_chromatic-longtones/altofl/altofl018_conc-Cis5_writ-Fis5.wav
127,3,altofl,altofl019_conc-D5_writ-G5.wav,altofl/altofl019_conc-D5_writ-G5.wav,/home/itolab-1/yusei/database_chromatic-longtones/altofl/altofl019_conc-D5_writ-G5.wav
128,3,altofl,altofl020_conc-Dis5_writ-Gis5.wav,altofl/altofl020_conc-Dis5_writ-Gis5.wav,/home/itolab-1/yusei/database_chromatic-longtones/altofl/altofl020_conc-Dis5_writ-Gis5.wav
129,3,altofl,altofl021_conc-E5_writ-A5.wav,altofl/altofl021_conc-E5_writ-A5.wav,/home/itolab-1/yusei/database_chromatic-longtones/altofl/altofl021_conc-E5_writ-A5.wav
130,3,altofl,altofl022_conc-F5_writ-B5.wav,altofl/altofl022_conc-F5_writ-B5.wav,/home/itolab-1/yusei/database_chromatic-longtones/altofl/altofl022_conc-F5_writ-B5.wav
131,3,altofl,altofl023_conc-Fis5_writ-H5.wav,altofl/altofl023_conc-Fis5_writ-H5.wav,/home/itolab-1/yusei/database_chromatic-longtones/altofl/altofl023_conc-Fis5_writ-H5.wav
132,3,altofl,altofl024_conc-G5_writ-C6.wav,altofl/altofl024_conc-G5_writ-C6.wav,/home/itolab-1/yusei/database_chromatic-longtones/altofl/altofl024_conc-G5_writ-C6.wav
133,3,altofl,altofl025_conc-Gis5_writ-Cis6.wav,altofl/altofl025_conc-Gis5_writ-Cis6.wav,/home/itolab-1/yusei/database_chromatic-longtones/altofl/altofl025_conc-Gis5_writ-Cis6.wav
134,3,altofl,altofl026_conc-A5_writ-D6.wav,altofl/altofl026_conc-A5_writ-D6.wav,/home/itolab-1/yusei/database_chromatic-longtones/altofl/altofl026_conc-A5_writ-D6.wav
135,3,altofl,altofl027_conc-Ais5_writ-Dis6.wav,altofl/altofl027_conc-Ais5_writ-Dis6.wav,/home/itolab-1/yusei/database_chromatic-longtones/altofl/altofl027_conc-Ais5_writ-Dis6.wav
136,3,altofl,altofl028_conc-H5_writ-E6.wav,altofl/altofl028_conc-H5_writ-E6.wav,/home/itolab-1/yusei/database_chromatic-longtones/altofl/altofl028_conc-H5_writ-E6.wav
137,3,altofl,altofl029_conc-C6_writ-F6.wav,altofl/altofl029_conc-C6_writ-F6.wav,/home/itolab-1/yusei/database_chromatic-longtones/altofl/altofl029_conc-C6_writ-F6.wav
138,3,altofl,altofl030_conc-Cis6_writ-Fis6.wav,altofl/altofl030_conc-Cis6_writ-Fis6.wav,/home/itolab-1/yusei/database_chromatic-longtones/altofl/altofl030_conc-Cis6_writ-Fis6.wav
139,3,altofl,altofl031_conc-D6_writ-G6.wav,altofl/altofl031_conc-D6_writ-G6.wav,/home/itolab-1/yusei/database_chromatic-longtones/altofl/altofl031_conc-D6_writ-G6.wav
140,3,altofl,altofl032_conc-Dis6_writ-Gis6.wav,altofl/altofl032_conc-Dis6_writ-Gis6.wav,/home/itolab-1/yusei/database_chromatic-longtones/altofl/altofl032_conc-Dis6_writ-Gis6.wav
141,3,altofl,altofl033_conc-E6_writ-A6.wav,altofl/altofl033_conc-E6_writ-A6.wav,/home/itolab-1/yusei/database_chromatic-longtones/altofl/altofl033_conc-E6_writ-A6.wav
142,3,altofl,altofl034_conc-F6_writ-B6.wav,altofl/altofl034_conc-F6_writ-B6.wav,/home/itolab-1/yusei/database_chromatic-longtones/altofl/altofl034_conc-F6_writ-B6.wav
143,3,altofl,altofl035_conc-Fis6_writ-H6.wav,altofl/altofl035_conc-Fis6_writ-H6.wav,/home/itolab-1/yusei/database_chromatic-longtones/altofl/altofl035_conc-Fis6_writ-H6.wav
144,3,altofl,altofl036_conc-G6_writ-C7.wav,altofl/altofl036_conc-G6_writ-C7.wav,/home/itolab-1/yusei/database_chromatic-longtones/altofl/altofl036_conc-G6_writ-C7.wav
145,4,bassfl,bassfl000_C3.wav,bassfl/bassfl000_C3.wav,/home/itolab-1/yusei/database_chromatic-longtones/bassfl/bassfl000_C3.wav
146,4,bassfl,bassfl001_Cis3.wav,bassfl/bassfl001_Cis3.wav,/home/itolab-1/yusei/database_chromatic-longtones/bassfl/bassfl001_Cis3.wav
147,4,bassfl,bassfl002_D3.wav,bassfl/bassfl002_D3.wav,/home/itolab-1/yusei/database_chromatic-longtones/bassfl/bassfl002_D3.wav
148,4,bassfl,bassfl003_Dis3.wav,bassfl/bassfl003_Dis3.wav,/home/itolab-1/yusei/database_chromatic-longtones/bassfl/bassfl003_Dis3.wav
149,4,bassfl,bassfl004_E3.wav,bassfl/bassfl004_E3.wav,/home/itolab-1/yusei/database_chromatic-longtones/bassfl/bassfl004_E3.wav
150,4,bassfl,bassfl005_F3.wav,bassfl/bassfl005_F3.wav,/home/itolab-1/yusei/database_chromatic-longtones/bassfl/bassfl005_F3.wav
151,4,bassfl,bassfl006_Fis3.wav,bassfl/bassfl006_Fis3.wav,/home/itolab-1/yusei/database_chromatic-longtones/bassfl/bassfl006_Fis3.wav
152,4,bassfl,bassfl007_G3.wav,bassfl/bassfl007_G3.wav,/home/itolab-1/yusei/database_chromatic-longtones/bassfl/bassfl007_G3.wav
153,4,bassfl,bassfl008_Gis3.wav,bassfl/bassfl008_Gis3.wav,/home/itolab-1/yusei/database_chromatic-longtones/bassfl/bassfl008_Gis3.wav
154,4,bassfl,bassfl009_A3.wav,bassfl/bassfl009_A3.wav,/home/itolab-1/yusei/database_chromatic-longtones/bassfl/bassfl009_A3.wav
155,4,bassfl,bassfl010_Ais3.wav,bassfl/bassfl010_Ais3.wav,/home/itolab-1/yusei/database_chromatic-longtones/bassfl/bassfl010_Ais3.wav
156,4,bassfl,bassfl011_H3.wav,bassfl/bassfl011_H3.wav,/home/itolab-1/yusei/database_chromatic-longtones/bassfl/bassfl011_H3.wav
157,4,bassfl,bassfl012_C4.wav,bassfl/bassfl012_C4.wav,/home/itolab-1/yusei/database_chromatic-longtones/bassfl/bassfl012_C4.wav
158,4,bassfl,bassfl013_Cis4.wav,bassfl/bassfl013_Cis4.wav,/home/itolab-1/yusei/database_chromatic-longtones/bassfl/bassfl013_Cis4.wav
159,4,bassfl,bassfl014_D4.wav,bassfl/bassfl014_D4.wav,/home/itolab-1/yusei/database_chromatic-longtones/bassfl/bassfl014_D4.wav
160,4,bassfl,bassfl015_Dis4.wav,bassfl/bassfl015_Dis4.wav,/home/itolab-1/yusei/database_chromatic-longtones/bassfl/bassfl015_Dis4.wav
161,4,bassfl,bassfl016_E4.wav,bassfl/bassfl016_E4.wav,/home/itolab-1/yusei/database_chromatic-longtones/bassfl/bassfl016_E4.wav
162,4,bassfl,bassfl017_F4.wav,bassfl/bassfl017_F4.wav,/home/itolab-1/yusei/database_chromatic-longtones/bassfl/bassfl017_F4.wav
163,4,bassfl,bassfl018_Fis4.wav,bassfl/bassfl018_Fis4.wav,/home/itolab-1/yusei/database_chromatic-longtones/bassfl/bassfl018_Fis4.wav
164,4,bassfl,bassfl019_G4.wav,bassfl/bassfl019_G4.wav,/home/itolab-1/yusei/database_chromatic-longtones/bassfl/bassfl019_G4.wav
165,4,bassfl,bassfl020_Gis4.wav,bassfl/bassfl020_Gis4.wav,/home/itolab-1/yusei/database_chromatic-longtones/bassfl/bassfl020_Gis4.wav
166,4,bassfl,bassfl021_A4.wav,bassfl/bassfl021_A4.wav,/home/itolab-1/yusei/database_chromatic-longtones/bassfl/bassfl021_A4.wav
167,4,bassfl,bassfl022_Ais4.wav,bassfl/bassfl022_Ais4.wav,/home/itolab-1/yusei/database_chromatic-longtones/bassfl/bassfl022_Ais4.wav
168,4,bassfl,bassfl023_H4.wav,bassfl/bassfl023_H4.wav,/home/itolab-1/yusei/database_chromatic-longtones/bassfl/bassfl023_H4.wav
169,4,bassfl,bassfl024_C5.wav,bassfl/bassfl024_C5.wav,/home/itolab-1/yusei/database_chromatic-longtones/bassfl/bassfl024_C5.wav
170,4,bassfl,bassfl025_Cis5.wav,bassfl/bassfl025_Cis5.wav,/home/itolab-1/yusei/database_chromatic-longtones/bassfl/bassfl025_Cis5.wav
171,4,bassfl,bassfl026_D5.wav,bassfl/bassfl026_D5.wav,/home/itolab-1/yusei/database_chromatic-longtones/bassfl/bassfl026_D5.wav
172,4,bassfl,bassfl027_Dis5.wav,bassfl/bassfl027_Dis5.wav,/home/itolab-1/yusei/database_chromatic-longtones/bassfl/bassfl027_Dis5.wav
173,4,bassfl,bassfl028_E5.wav,bassfl/bassfl028_E5.wav,/home/itolab-1/yusei/database_chromatic-longtones/bassfl/bassfl028_E5.wav
174,4,bassfl,bassfl029_F5.wav,bassfl/bassfl029_F5.wav,/home/itolab-1/yusei/database_chromatic-longtones/bassfl/bassfl029_F5.wav
175,4,bassfl,bassfl030_Fis5.wav,bassfl/bassfl030_Fis5.wav,/home/itolab-1/yusei/database_chromatic-longtones/bassfl/bassfl030_Fis5.wav
176,4,bassfl,bassfl031_G5.wav,bassfl/bassfl031_G5.wav,/home/itolab-1/yusei/database_chromatic-longtones/bassfl/bassfl031_G5.wav
177,4,bassfl,bassfl032_Gis5.wav,bassfl/bassfl032_Gis5.wav,/home/itolab-1/yusei/database_chromatic-longtones/bassfl/bassfl032_Gis5.wav
178,4,bassfl,bassfl033_A5.wav,bassfl/bassfl033_A5.wav,/home/itolab-1/yusei/database_chromatic-longtones/bassfl/bassfl033_A5.wav
179,4,bassfl,bassfl034_Ais5.wav,bassfl/bassfl034_Ais5.wav,/home/itolab-1/yusei/database_chromatic-longtones/bassfl/bassfl034_Ais5.wav
180,4,bassfl,bassfl035_H5.wav,bassfl/bassfl035_H5.wav,/home/itolab-1/yusei/database_chromatic-longtones/bassfl/bassfl035_H5.wav
181,4,bassfl,bassfl036_C6.wav,bassfl/bassfl036_C6.wav,/home/itolab-1/yusei/database_chromatic-longtones/bassfl/bassfl036_C6.wav
182,5,kbfl,kbfl000_H1.wav,kbfl/kbfl000_H1.wav,/home/itolab-1/yusei/database_chromatic-longtones/kbfl/kbfl000_H1.wav
183,5,kbfl,kbfl001_C2.wav,kbfl/kbfl001_C2.wav,/home/itolab-1/yusei/database_chromatic-longtones/kbfl/kbfl001_C2.wav
184,5,kbfl,kbfl002_Cis2.wav,kbfl/kbfl002_Cis2.wav,/home/itolab-1/yusei/database_chromatic-longtones/kbfl/kbfl002_Cis2.wav
185,5,kbfl,kbfl003_D2.wav,kbfl/kbfl003_D2.wav,/home/itolab-1/yusei/database_chromatic-longtones/kbfl/kbfl003_D2.wav
186,5,kbfl,kbfl004_Dis2.wav,kbfl/kbfl004_Dis2.wav,/home/itolab-1/yusei/database_chromatic-longtones/kbfl/kbfl004_Dis2.wav
187,5,kbfl,kbfl005_E2.wav,kbfl/kbfl005_E2.wav,/home/itolab-1/yusei/database_chromatic-longtones/kbfl/kbfl005_E2.wav
188,5,kbfl,kbfl006_F2.wav,kbfl/kbfl006_F2.wav,/home/itolab-1/yusei/database_chromatic-longtones/kbfl/kbfl006_F2.wav
189,5,kbfl,kbfl007_Fis2.wav,kbfl/kbfl007_Fis2.wav,/home/itolab-1/yusei/database_chromatic-longtones/kbfl/kbfl007_Fis2.wav
190,5,kbfl,kbfl008_G2.wav,kbfl/kbfl008_G2.wav,/home/itolab-1/yusei/database_chromatic-longtones/kbfl/kbfl008_G2.wav
191,5,kbfl,kbfl009_Gis2.wav,kbfl/kbfl009_Gis2.wav,/home/itolab-1/yusei/database_chromatic-longtones/kbfl/kbfl009_Gis2.wav
192,5,kbfl,kbfl010_A2.wav,kbfl/kbfl010_A2.wav,/home/itolab-1/yusei/database_chromatic-longtones/kbfl/kbfl010_A2.wav
193,5,kbfl,kbfl011_Ais2.wav,kbfl/kbfl011_Ais2.wav,/home/itolab-1/yusei/database_chromatic-longtones/kbfl/kbfl011_Ais2.wav
194,5,kbfl,kbfl012_H2.wav,kbfl/kbfl012_H2.wav,/home/itolab-1/yusei/database_chromatic-longtones/kbfl/kbfl012_H2.wav
195,5,kbfl,kbfl013_C3.wav,kbfl/kbfl013_C3.wav,/home/itolab-1/yusei/database_chromatic-longtones/kbfl/kbfl013_C3.wav
196,5,kbfl,kbfl014_Cis3.wav,kbfl/kbfl014_Cis3.wav,/home/itolab-1/yusei/database_chromatic-longtones/kbfl/kbfl014_Cis3.wav
197,5,kbfl,kbfl015_D3.wav,kbfl/kbfl015_D3.wav,/home/itolab-1/yusei/database_chromatic-longtones/kbfl/kbfl015_D3.wav
198,5,kbfl,kbfl016_Dis3.wav,kbfl/kbfl016_Dis3.wav,/home/itolab-1/yusei/database_chromatic-longtones/kbfl/kbfl016_Dis3.wav
199,5,kbfl,kbfl017_E3.wav,kbfl/kbfl017_E3.wav,/home/itolab-1/yusei/database_chromatic-longtones/kbfl/kbfl017_E3.wav
200,5,kbfl,kbfl018_F3.wav,kbfl/kbfl018_F3.wav,/home/itolab-1/yusei/database_chromatic-longtones/kbfl/kbfl018_F3.wav
201,5,kbfl,kbfl019_Fis3.wav,kbfl/kbfl019_Fis3.wav,/home/itolab-1/yusei/database_chromatic-longtones/kbfl/kbfl019_Fis3.wav
202,5,kbfl,kbfl020_G3.wav,kbfl/kbfl020_G3.wav,/home/itolab-1/yusei/database_chromatic-longtones/kbfl/kbfl020_G3.wav
203,5,kbfl,kbfl021_Gis3.wav,kbfl/kbfl021_Gis3.wav,/home/itolab-1/yusei/database_chromatic-longtones/kbfl/kbfl021_Gis3.wav
204,5,kbfl,kbfl022_A3.wav,kbfl/kbfl022_A3.wav,/home/itolab-1/yusei/database_chromatic-longtones/kbfl/kbfl022_A3.wav
205,5,kbfl,kbfl023_Ais3.wav,kbfl/kbfl023_Ais3.wav,/home/itolab-1/yusei/database_chromatic-longtones/kbfl/kbfl023_Ais3.wav
206,5,kbfl,kbfl024_H3.wav,kbfl/kbfl024_H3.wav,/home/itolab-1/yusei/database_chromatic-longtones/kbfl/kbfl024_H3.wav
207,5,kbfl,kbfl025_C4.wav,kbfl/kbfl025_C4.wav,/home/itolab-1/yusei/database_chromatic-longtones/kbfl/kbfl025_C4.wav
208,5,kbfl,kbfl026_Cis4.wav,kbfl/kbfl026_Cis4.wav,/home/itolab-1/yusei/database_chromatic-longtones/kbfl/kbfl026_Cis4.wav
209,5,kbfl,kbfl027_D4.wav,kbfl/kbfl027_D4.wav,/home/itolab-1/yusei/database_chromatic-longtones/kbfl/kbfl027_D4.wav
210,5,kbfl,kbfl028_Dis4.wav,kbfl/kbfl028_Dis4.wav,/home/itolab-1/yusei/database_chromatic-longtones/kbfl/kbfl028_Dis4.wav
211,5,kbfl,kbfl029_E4.wav,kbfl/kbfl029_E4.wav,/home/itolab-1/yusei/database_chromatic-longtones/kbfl/kbfl029_E4.wav
212,5,kbfl,kbfl030_F4.wav,kbfl/kbfl030_F4.wav,/home/itolab-1/yusei/database_chromatic-longtones/kbfl/kbfl030_F4.wav
213,5,kbfl,kbfl031_Fis4.wav,kbfl/kbfl031_Fis4.wav,/home/itolab-1/yusei/database_chromatic-longtones/kbfl/kbfl031_Fis4.wav
214,5,kbfl,kbfl032_G4.wav,kbfl/kbfl032_G4.wav,/home/itolab-1/yusei/database_chromatic-longtones/kbfl/kbfl032_G4.wav
215,5,kbfl,kbfl033_Gis4.wav,kbfl/kbfl033_Gis4.wav,/home/itolab-1/yusei/database_chromatic-longtones/kbfl/kbfl033_Gis4.wav
216,5,kbfl,kbfl034_A4.wav,kbfl/kbfl034_A4.wav,/home/itolab-1/yusei/database_chromatic-longtones/kbfl/kbfl034_A4.wav
217,5,kbfl,kbfl035_Ais4.wav,kbfl/kbfl035_Ais4.wav,/home/itolab-1/yusei/database_chromatic-longtones/kbfl/kbfl035_Ais4.wav
218,5,kbfl,kbfl036_H4.wav,kbfl/kbfl036_H4.wav,/home/itolab-1/yusei/database_chromatic-longtones/kbfl/kbfl036_H4.wav
219,5,kbfl,kbfl037_C5.wav,kbfl/kbfl037_C5.wav,/home/itolab-1/yusei/database_chromatic-longtones/kbfl/kbfl037_C5.wav
220,6,ob,ob000_Ais3_fing-common.wav,ob/ob000_Ais3_fing-common.wav,/home/itolab-1/yusei/database_chromatic-longtones/ob/ob000_Ais3_fing-common.wav
221,6,ob,ob001_H3_fing-common.wav,ob/ob001_H3_fing-common.wav,/home/itolab-1/yusei/database_chromatic-longtones/ob/ob001_H3_fing-common.wav
222,6,ob,ob002_C4_fing-common.wav,ob/ob002_C4_fing-common.wav,/home/itolab-1/yusei/database_chromatic-longtones/ob/ob002_C4_fing-common.wav
223,6,ob,ob003_Cis4_fing-common.wav,ob/ob003_Cis4_fing-common.wav,/home/itolab-1/yusei/database_chromatic-longtones/ob/ob003_Cis4_fing-common.wav
224,6,ob,ob004_D4_fing-common.wav,ob/ob004_D4_fing-common.wav,/home/itolab-1/yusei/database_chromatic-longtones/ob/ob004_D4_fing-common.wav
225,6,ob,ob005_Dis4_fing-common.wav,ob/ob005_Dis4_fing-common.wav,/home/itolab-1/yusei/database_chromatic-longtones/ob/ob005_Dis4_fing-common.wav
226,6,ob,ob006_E4_fing-common.wav,ob/ob006_E4_fing-common.wav,/home/itolab-1/yusei/database_chromatic-longtones/ob/ob006_E4_fing-common.wav
227,6,ob,ob007_F4_fing-common.wav,ob/ob007_F4_fing-common.wav,/home/itolab-1/yusei/database_chromatic-longtones/ob/ob007_F4_fing-common.wav
228,6,ob,ob008_Fis4_fing-common.wav,ob/ob008_Fis4_fing-common.wav,/home/itolab-1/yusei/database_chromatic-longtones/ob/ob008_Fis4_fing-common.wav
229,6,ob,ob009_G4_fing-common.wav,ob/ob009_G4_fing-common.wav,/home/itolab-1/yusei/database_chromatic-longtones/ob/ob009_G4_fing-common.wav
230,6,ob,ob010_Gis4_fing-common.wav,ob/ob010_Gis4_fing-common.wav,/home/itolab-1/yusei/database_chromatic-longtones/ob/ob010_Gis4_fing-common.wav
231,6,ob,ob011_A4_fing-common.wav,ob/ob011_A4_fing-common.wav,/home/itolab-1/yusei/database_chromatic-longtones/ob/ob011_A4_fing-common.wav
232,6,ob,ob012_Ais4_fing-common.wav,ob/ob012_Ais4_fing-common.wav,/home/itolab-1/yusei/database_chromatic-longtones/ob/ob012_Ais4_fing-common.wav
233,6,ob,ob013_H4_fing-common.wav,ob/ob013_H4_fing-common.wav,/home/itolab-1/yusei/database_chromatic-longtones/ob/ob013_H4_fing-common.wav
234,6,ob,ob014_C5_fing-common.wav,ob/ob014_C5_fing-common.wav,/home/itolab-1/yusei/database_chromatic-longtones/ob/ob014_C5_fing-common.wav
235,6,ob,ob015_Cis5_fing-common.wav,ob/ob015_Cis5_fing-common.wav,/home/itolab-1/yusei/database_chromatic-longtones/ob/ob015_Cis5_fing-common.wav
236,6,ob,ob016_D5_fing-common.wav,ob/ob016_D5_fing-common.wav,/home/itolab-1/yusei/database_chromatic-longtones/ob/ob016_D5_fing-common.wav
237,6,ob,ob017_Dis5_fing-common.wav,ob/ob017_Dis5_fing-common.wav,/home/itolab-1/yusei/database_chromatic-longtones/ob/ob017_Dis5_fing-common.wav
238,6,ob,ob018_E5_fing-common.wav,ob/ob018_E5_fing-common.wav,/home/itolab-1/yusei/database_chromatic-longtones/ob/ob018_E5_fing-common.wav
239,6,ob,ob019_F5_fing-common.wav,ob/ob019_F5_fing-common.wav,/home/itolab-1/yusei/database_chromatic-longtones/ob/ob019_F5_fing-common.wav
240,6,ob,ob020_Fis5_fing-common.wav,ob/ob020_Fis5_fing-common.wav,/home/itolab-1/yusei/database_chromatic-longtones/ob/ob020_Fis5_fing-common.wav
241,6,ob,ob021_G5_fing-common.wav,ob/ob021_G5_fing-common.wav,/home/itolab-1/yusei/database_chromatic-longtones/ob/ob021_G5_fing-common.wav
242,6,ob,ob022_Gis5_fing-common.wav,ob/ob022_Gis5_fing-common.wav,/home/itolab-1/yusei/database_chromatic-longtones/ob/ob022_Gis5_fing-common.wav
243,6,ob,ob023_A5_fing-common.wav,ob/ob023_A5_fing-common.wav,/home/itolab-1/yusei/database_chromatic-longtones/ob/ob023_A5_fing-common.wav
244,6,ob,ob024_Ais5_fing-common.wav,ob/ob024_Ais5_fing-common.wav,/home/itolab-1/yusei/database_chromatic-longtones/ob/ob024_Ais5_fing-common.wav
245,6,ob,ob025_H5_fing-common.wav,ob/ob025_H5_fing-common.wav,/home/itolab-1/yusei/database_chromatic-longtones/ob/ob025_H5_fing-common.wav
246,6,ob,ob026_C6_fing-common.wav,ob/ob026_C6_fing-common.wav,/home/itolab-1/yusei/database_chromatic-longtones/ob/ob026_C6_fing-common.wav
247,6,ob,ob027_Cis6_fing-common.wav,ob/ob027_Cis6_fing-common.wav,/home/itolab-1/yusei/database_chromatic-longtones/ob/ob027_Cis6_fing-common.wav
248,6,ob,ob028_D6_fing-common.wav,ob/ob028_D6_fing-common.wav,/home/itolab-1/yusei/database_chromatic-longtones/ob/ob028_D6_fing-common.wav
249,6,ob,ob029_Dis6_fing-fr.wav,ob/ob029_Dis6_fing-fr.wav,/home/itolab-1/yusei/database_chromatic-longtones/ob/ob029_Dis6_fing-fr.wav
250,6,ob,ob030_Dis6_fing-ge.wav,ob/ob030_Dis6_fing-ge.wav,/home/itolab-1/yusei/database_chromatic-longtones/ob/ob030_Dis6_fing-ge.wav
251,6,ob,ob031_E6_fing-fr.wav,ob/ob031_E6_fing-fr.wav,/home/itolab-1/yusei/database_chromatic-longtones/ob/ob031_E6_fing-fr.wav
252,6,ob,ob032_E6_fing-ge.wav,ob/ob032_E6_fing-ge.wav,/home/itolab-1/yusei/database_chromatic-longtones/ob/ob032_E6_fing-ge.wav
253,6,ob,ob033_F6_fing-fr.wav,ob/ob033_F6_fing-fr.wav,/home/itolab-1/yusei/database_chromatic-longtones/ob/ob033_F6_fing-fr.wav
254,6,ob,ob034_F6_fing-ge.wav,ob/ob034_F6_fing-ge.wav,/home/itolab-1/yusei/database_chromatic-longtones/ob/ob034_F6_fing-ge.wav
255,6,ob,ob035_Fis6_fing-fr.wav,ob/ob035_Fis6_fing-fr.wav,/home/itolab-1/yusei/database_chromatic-longtones/ob/ob035_Fis6_fing-fr.wav
256,6,ob,ob036_Fis6_fing-ge.wav,ob/ob036_Fis6_fing-ge.wav,/home/itolab-1/yusei/database_chromatic-longtones/ob/ob036_Fis6_fing-ge.wav
257,6,ob,ob037_G6_fing-fr.wav,ob/ob037_G6_fing-fr.wav,/home/itolab-1/yusei/database_chromatic-longtones/ob/ob037_G6_fing-fr.wav
258,6,ob,ob038_G6_fing-ge.wav,ob/ob038_G6_fing-ge.wav,/home/itolab-1/yusei/database_chromatic-longtones/ob/ob038_G6_fing-ge.wav
259,6,ob,ob039_Gis6_fing-common.wav,ob/ob039_Gis6_fing-common.wav,/home/itolab-1/yusei/database_chromatic-longtones/ob/ob039_Gis6_fing-common.wav
260,6,ob,ob040_A6_fing-common.wav,ob/ob040_A6_fing-common.wav,/home/itolab-1/yusei/database_chromatic-longtones/ob/ob040_A6_fing-common.wav
261,7,ci,ci000_conc-Dis3_writ-Ais3.wav,ci/ci000_conc-Dis3_writ-Ais3.wav,/home/itolab-1/yusei/database_chromatic-longtones/ci/ci000_conc-Dis3_writ-Ais3.wav
262,7,ci,ci001_conc-E3_writ-H3.wav,ci/ci001_conc-E3_writ-H3.wav,/home/itolab-1/yusei/database_chromatic-longtones/ci/ci001_conc-E3_writ-H3.wav
263,7,ci,ci002_conc-F3_writ-C4.wav,ci/ci002_conc-F3_writ-C4.wav,/home/itolab-1/yusei/database_chromatic-longtones/ci/ci002_conc-F3_writ-C4.wav
264,7,ci,ci003_conc-Fis3_writ-Cis4.wav,ci/ci003_conc-Fis3_writ-Cis4.wav,/home/itolab-1/yusei/database_chromatic-longtones/ci/ci003_conc-Fis3_writ-Cis4.wav
265,7,ci,ci004_conc-G3_writ-D4.wav,ci/ci004_conc-G3_writ-D4.wav,/home/itolab-1/yusei/database_chromatic-longtones/ci/ci004_conc-G3_writ-D4.wav
266,7,ci,ci005_conc-Gis3_writ-Dis4.wav,ci/ci005_conc-Gis3_writ-Dis4.wav,/home/itolab-1/yusei/database_chromatic-longtones/ci/ci005_conc-Gis3_writ-Dis4.wav
267,7,ci,ci006_conc-A3_writ-E4.wav,ci/ci006_conc-A3_writ-E4.wav,/home/itolab-1/yusei/database_chromatic-longtones/ci/ci006_conc-A3_writ-E4.wav
268,7,ci,ci007_conc-B3_writ-F4.wav,ci/ci007_conc-B3_writ-F4.wav,/home/itolab-1/yusei/database_chromatic-longtones/ci/ci007_conc-B3_writ-F4.wav
269,7,ci,ci008_conc-H3_writ-Fis4.wav,ci/ci008_conc-H3_writ-Fis4.wav,/home/itolab-1/yusei/database_chromatic-longtones/ci/ci008_conc-H3_writ-Fis4.wav
270,7,ci,ci009_conc-C4_writ-G4.wav,ci/ci009_conc-C4_writ-G4.wav,/home/itolab-1/yusei/database_chromatic-longtones/ci/ci009_conc-C4_writ-G4.wav
271,7,ci,ci010_conc-Cis4_writ-Gis4.wav,ci/ci010_conc-Cis4_writ-Gis4.wav,/home/itolab-1/yusei/database_chromatic-longtones/ci/ci010_conc-Cis4_writ-Gis4.wav
272,7,ci,ci011_conc-D4_writ-A4.wav,ci/ci011_conc-D4_writ-A4.wav,/home/itolab-1/yusei/database_chromatic-longtones/ci/ci011_conc-D4_writ-A4.wav
273,7,ci,ci012_conc-Dis4_writ-Ais4.wav,ci/ci012_conc-Dis4_writ-Ais4.wav,/home/itolab-1/yusei/database_chromatic-longtones/ci/ci012_conc-Dis4_writ-Ais4.wav
274,7,ci,ci013_conc-E4_writ-H4.wav,ci/ci013_conc-E4_writ-H4.wav,/home/itolab-1/yusei/database_chromatic-longtones/ci/ci013_conc-E4_writ-H4.wav
275,7,ci,ci014_conc-F4_writ-C5.wav,ci/ci014_conc-F4_writ-C5.wav,/home/itolab-1/yusei/database_chromatic-longtones/ci/ci014_conc-F4_writ-C5.wav
276,7,ci,ci015_conc-Fis4_writ-Cis5.wav,ci/ci015_conc-Fis4_writ-Cis5.wav,/home/itolab-1/yusei/database_chromatic-longtones/ci/ci015_conc-Fis4_writ-Cis5.wav
277,7,ci,ci016_conc-G4_writ-D5.wav,ci/ci016_conc-G4_writ-D5.wav,/home/itolab-1/yusei/database_chromatic-longtones/ci/ci016_conc-G4_writ-D5.wav
278,7,ci,ci017_conc-Gis4_writ-Dis5.wav,ci/ci017_conc-Gis4_writ-Dis5.wav,/home/itolab-1/yusei/database_chromatic-longtones/ci/ci017_conc-Gis4_writ-Dis5.wav
279,7,ci,ci018_conc-A4_writ-E5.wav,ci/ci018_conc-A4_writ-E5.wav,/home/itolab-1/yusei/database_chromatic-longtones/ci/ci018_conc-A4_writ-E5.wav
280,7,ci,ci019_conc-B4_writ-F5.wav,ci/ci019_conc-B4_writ-F5.wav,/home/itolab-1/yusei/database_chromatic-longtones/ci/ci019_conc-B4_writ-F5.wav
281,7,ci,ci020_conc-H4_writ-Fis5.wav,ci/ci020_conc-H4_writ-Fis5.wav,/home/itolab-1/yusei/database_chromatic-longtones/ci/ci020_conc-H4_writ-Fis5.wav
282,7,ci,ci021_conc-C5_writ-G5.wav,ci/ci021_conc-C5_writ-G5.wav,/home/itolab-1/yusei/database_chromatic-longtones/ci/ci021_conc-C5_writ-G5.wav
283,7,ci,ci022_conc-Cis5_writ-Gis5.wav,ci/ci022_conc-Cis5_writ-Gis5.wav,/home/itolab-1/yusei/database_chromatic-longtones/ci/ci022_conc-Cis5_writ-Gis5.wav
284,7,ci,ci023_conc-D5_writ-A5.wav,ci/ci023_conc-D5_writ-A5.wav,/home/itolab-1/yusei/database_chromatic-longtones/ci/ci023_conc-D5_writ-A5.wav
285,7,ci,ci024_conc-Dis5_writ-Ais5.wav,ci/ci024_conc-Dis5_writ-Ais5.wav,/home/itolab-1/yusei/database_chromatic-longtones/ci/ci024_conc-Dis5_writ-Ais5.wav
286,7,ci,ci025_conc-E5_writ-H5.wav,ci/ci025_conc-E5_writ-H5.wav,/home/itolab-1/yusei/database_chromatic-longtones/ci/ci025_conc-E5_writ-H5.wav
287,7,ci,ci026_conc-F5_writ-C6.wav,ci/ci026_conc-F5_writ-C6.wav,/home/itolab-1/yusei/database_chromatic-longtones/ci/ci026_conc-F5_writ-C6.wav
288,7,ci,ci027_conc-Fis5_writ-Cis6.wav,ci/ci027_conc-Fis5_writ-Cis6.wav,/home/itolab-1/yusei/database_chromatic-longtones/ci/ci027_conc-Fis5_writ-Cis6.wav
289,7,ci,ci028_conc-G5_writ-D6.wav,ci/ci028_conc-G5_writ-D6.wav,/home/itolab-1/yusei/database_chromatic-longtones/ci/ci028_conc-G5_writ-D6.wav
290,7,ci,ci029_conc-Gis5_writ-Dis6.wav,ci/ci029_conc-Gis5_writ-Dis6.wav,/home/itolab-1/yusei/database_chromatic-longtones/ci/ci029_conc-Gis5_writ-Dis6.wav
291,7,ci,ci030_conc-A5_writ-E6.wav,ci/ci030_conc-A5_writ-E6.wav,/home/itolab-1/yusei/database_chromatic-longtones/ci/ci030_conc-A5_writ-E6.wav
292,7,ci,ci031_conc-B5_writ-F6.wav,ci/ci031_conc-B5_writ-F6.wav,/home/itolab-1/yusei/database_chromatic-longtones/ci/ci031_conc-B5_writ-F6.wav
293,7,ci,ci032_conc-H5_writ-Fis6.wav,ci/ci032_conc-H5_writ-Fis6.wav,/home/itolab-1/yusei/database_chromatic-longtones/ci/ci032_conc-H5_writ-Fis6.wav
294,7,ci,ci033_conc-C6_writ-G6.wav,ci/ci033_conc-C6_writ-G6.wav,/home/itolab-1/yusei/database_chromatic-longtones/ci/ci033_conc-C6_writ-G6.wav
295,8,cl-inEs,cl-inEs000_conc-G3_writ-E3.wav,cl-inEs/cl-inEs000_conc-G3_writ-E3.wav,/home/itolab-1/yusei/database_chromatic-longtones/cl-inEs/cl-inEs000_conc-G3_writ-E3.wav
296,8,cl-inEs,cl-inEs001_conc-As3_writ-F3.wav,cl-inEs/cl-inEs001_conc-As3_writ-F3.wav,/home/itolab-1/yusei/database_chromatic-longtones/cl-inEs/cl-inEs001_conc-As3_writ-F3.wav
297,8,cl-inEs,cl-inEs002_conc-A3_writ-Fis3.wav,cl-inEs/cl-inEs002_conc-A3_writ-Fis3.wav,/home/itolab-1/yusei/database_chromatic-longtones/cl-inEs/cl-inEs002_conc-A3_writ-Fis3.wav
298,8,cl-inEs,cl-inEs003_conc-B3_writ-G3.wav,cl-inEs/cl-inEs003_conc-B3_writ-G3.wav,/home/itolab-1/yusei/database_chromatic-longtones/cl-inEs/cl-inEs003_conc-B3_writ-G3.wav
299,8,cl-inEs,cl-inEs004_conc-H3_writ-Gis3.wav,cl-inEs/cl-inEs004_conc-H3_writ-Gis3.wav,/home/itolab-1/yusei/database_chromatic-longtones/cl-inEs/cl-inEs004_conc-H3_writ-Gis3.wav
300,8,cl-inEs,cl-inEs005_conc-C4_writ-A3.wav,cl-inEs/cl-inEs005_conc-C4_writ-A3.wav,/home/itolab-1/yusei/database_chromatic-longtones/cl-inEs/cl-inEs005_conc-C4_writ-A3.wav
301,8,cl-inEs,cl-inEs006_conc-Cis4_writ-Ais3.wav,cl-inEs/cl-inEs006_conc-Cis4_writ-Ais3.wav,/home/itolab-1/yusei/database_chromatic-longtones/cl-inEs/cl-inEs006_conc-Cis4_writ-Ais3.wav
302,8,cl-inEs,cl-inEs007_conc-D4_writ-H3.wav,cl-inEs/cl-inEs007_conc-D4_writ-H3.wav,/home/itolab-1/yusei/database_chromatic-longtones/cl-inEs/cl-inEs007_conc-D4_writ-H3.wav
303,8,cl-inEs,cl-inEs008_conc-Es4_writ-C4.wav,cl-inEs/cl-inEs008_conc-Es4_writ-C4.wav,/home/itolab-1/yusei/database_chromatic-longtones/cl-inEs/cl-inEs008_conc-Es4_writ-C4.wav
304,8,cl-inEs,cl-inEs009_conc-E4_writ-Cis4.wav,cl-inEs/cl-inEs009_conc-E4_writ-Cis4.wav,/home/itolab-1/yusei/database_chromatic-longtones/cl-inEs/cl-inEs009_conc-E4_writ-Cis4.wav
305,8,cl-inEs,cl-inEs010_conc-F4_writ-D4.wav,cl-inEs/cl-inEs010_conc-F4_writ-D4.wav,/home/itolab-1/yusei/database_chromatic-longtones/cl-inEs/cl-inEs010_conc-F4_writ-D4.wav
306,8,cl-inEs,cl-inEs011_conc-Fis4_writ-Dis4.wav,cl-inEs/cl-inEs011_conc-Fis4_writ-Dis4.wav,/home/itolab-1/yusei/database_chromatic-longtones/cl-inEs/cl-inEs011_conc-Fis4_writ-Dis4.wav
307,8,cl-inEs,cl-inEs012_conc-G4_writ-E4.wav,cl-inEs/cl-inEs012_conc-G4_writ-E4.wav,/home/itolab-1/yusei/database_chromatic-longtones/cl-inEs/cl-inEs012_conc-G4_writ-E4.wav
308,8,cl-inEs,cl-inEs013_conc-As4_writ-F4.wav,cl-inEs/cl-inEs013_conc-As4_writ-F4.wav,/home/itolab-1/yusei/database_chromatic-longtones/cl-inEs/cl-inEs013_conc-As4_writ-F4.wav
309,8,cl-inEs,cl-inEs014_conc-A4_writ-Fis4.wav,cl-inEs/cl-inEs014_conc-A4_writ-Fis4.wav,/home/itolab-1/yusei/database_chromatic-longtones/cl-inEs/cl-inEs014_conc-A4_writ-Fis4.wav
310,8,cl-inEs,cl-inEs015_conc-B4_writ-G4.wav,cl-inEs/cl-inEs015_conc-B4_writ-G4.wav,/home/itolab-1/yusei/database_chromatic-longtones/cl-inEs/cl-inEs015_conc-B4_writ-G4.wav
311,8,cl-inEs,cl-inEs016_conc-H4_writ-Gis4.wav,cl-inEs/cl-inEs016_conc-H4_writ-Gis4.wav,/home/itolab-1/yusei/database_chromatic-longtones/cl-inEs/cl-inEs016_conc-H4_writ-Gis4.wav
312,8,cl-inEs,cl-inEs017_conc-C5_writ-A4.wav,cl-inEs/cl-inEs017_conc-C5_writ-A4.wav,/home/itolab-1/yusei/database_chromatic-longtones/cl-inEs/cl-inEs017_conc-C5_writ-A4.wav
313,8,cl-inEs,cl-inEs018_conc-Cis5_writ-Ais4.wav,cl-inEs/cl-inEs018_conc-Cis5_writ-Ais4.wav,/home/itolab-1/yusei/database_chromatic-longtones/cl-inEs/cl-inEs018_conc-Cis5_writ-Ais4.wav
314,8,cl-inEs,cl-inEs019_conc-D5_writ-H4.wav,cl-inEs/cl-inEs019_conc-D5_writ-H4.wav,/home/itolab-1/yusei/database_chromatic-longtones/cl-inEs/cl-inEs019_conc-D5_writ-H4.wav
315,8,cl-inEs,cl-inEs020_conc-Es5_writ-C5.wav,cl-inEs/cl-inEs020_conc-Es5_writ-C5.wav,/home/itolab-1/yusei/database_chromatic-longtones/cl-inEs/cl-inEs020_conc-Es5_writ-C5.wav
316,8,cl-inEs,cl-inEs021_conc-E5_writ-Cis5.wav,cl-inEs/cl-inEs021_conc-E5_writ-Cis5.wav,/home/itolab-1/yusei/database_chromatic-longtones/cl-inEs/cl-inEs021_conc-E5_writ-Cis5.wav
317,8,cl-inEs,cl-inEs022_conc-F5_writ-D5.wav,cl-inEs/cl-inEs022_conc-F5_writ-D5.wav,/home/itolab-1/yusei/database_chromatic-longtones/cl-inEs/cl-inEs022_conc-F5_writ-D5.wav
318,8,cl-inEs,cl-inEs023_conc-Fis5_writ-Dis5.wav,cl-inEs/cl-inEs023_conc-Fis5_writ-Dis5.wav,/home/itolab-1/yusei/database_chromatic-longtones/cl-inEs/cl-inEs023_conc-Fis5_writ-Dis5.wav
319,8,cl-inEs,cl-inEs024_conc-G5_writ-E5.wav,cl-inEs/cl-inEs024_conc-G5_writ-E5.wav,/home/itolab-1/yusei/database_chromatic-longtones/cl-inEs/cl-inEs024_conc-G5_writ-E5.wav
320,8,cl-inEs,cl-inEs025_conc-As5_writ-F5.wav,cl-inEs/cl-inEs025_conc-As5_writ-F5.wav,/home/itolab-1/yusei/database_chromatic-longtones/cl-inEs/cl-inEs025_conc-As5_writ-F5.wav
321,8,cl-inEs,cl-inEs026_conc-A5_writ-Fis5.wav,cl-inEs/cl-inEs026_conc-A5_writ-Fis5.wav,/home/itolab-1/yusei/database_chromatic-longtones/cl-inEs/cl-inEs026_conc-A5_writ-Fis5.wav
322,8,cl-inEs,cl-inEs027_conc-B5_writ-G5.wav,cl-inEs/cl-inEs027_conc-B5_writ-G5.wav,/home/itolab-1/yusei/database_chromatic-longtones/cl-inEs/cl-inEs027_conc-B5_writ-G5.wav
323,8,cl-inEs,cl-inEs028_conc-H5_writ-Gis5.wav,cl-inEs/cl-inEs028_conc-H5_writ-Gis5.wav,/home/itolab-1/yusei/database_chromatic-longtones/cl-inEs/cl-inEs028_conc-H5_writ-Gis5.wav
324,8,cl-inEs,cl-inEs029_conc-C6_writ-A5.wav,cl-inEs/cl-inEs029_conc-C6_writ-A5.wav,/home/itolab-1/yusei/database_chromatic-longtones/cl-inEs/cl-inEs029_conc-C6_writ-A5.wav
325,8,cl-inEs,cl-inEs030_conc-Cis6_writ-Ais5.wav,cl-inEs/cl-inEs030_conc-Cis6_writ-Ais5.wav,/home/itolab-1/yusei/database_chromatic-longtones/cl-inEs/cl-inEs030_conc-Cis6_writ-Ais5.wav
326,8,cl-inEs,cl-inEs031_conc-D6_writ-H5.wav,cl-inEs/cl-inEs031_conc-D6_writ-H5.wav,/home/itolab-1/yusei/database_chromatic-longtones/cl-inEs/cl-inEs031_conc-D6_writ-H5.wav
327,8,cl-inEs,cl-inEs032_conc-Es6_writ-C6.wav,cl-inEs/cl-inEs032_conc-Es6_writ-C6.wav,/home/itolab-1/yusei/database_chromatic-longtones/cl-inEs/cl-inEs032_conc-Es6_writ-C6.wav
328,8,cl-inEs,cl-inEs033_conc-E6_writ-Cis6.wav,cl-inEs/cl-inEs033_conc-E6_writ-Cis6.wav,/home/itolab-1/yusei/database_chromatic-longtones/cl-inEs/cl-inEs033_conc-E6_writ-Cis6.wav
329,8,cl-inEs,cl-inEs034_conc-F6_writ-D6.wav,cl-inEs/cl-inEs034_conc-F6_writ-D6.wav,/home/itolab-1/yusei/database_chromatic-longtones/cl-inEs/cl-inEs034_conc-F6_writ-D6.wav
330,8,cl-inEs,cl-inEs035_conc-Fis6_writ-Dis6.wav,cl-inEs/cl-inEs035_conc-Fis6_writ-Dis6.wav,/home/itolab-1/yusei/database_chromatic-longtones/cl-inEs/cl-inEs035_conc-Fis6_writ-Dis6.wav
331,8,cl-inEs,cl-inEs036_conc-G6_writ-E6.wav,cl-inEs/cl-inEs036_conc-G6_writ-E6.wav,/home/itolab-1/yusei/database_chromatic-longtones/cl-inEs/cl-inEs036_conc-G6_writ-E6.wav
332,8,cl-inEs,cl-inEs037_conc-As6_writ-F6.wav,cl-inEs/cl-inEs037_conc-As6_writ-F6.wav,/home/itolab-1/yusei/database_chromatic-longtones/cl-inEs/cl-inEs037_conc-As6_writ-F6.wav
333,8,cl-inEs,cl-inEs038_conc-A6_writ-Fis6.wav,cl-inEs/cl-inEs038_conc-A6_writ-Fis6.wav,/home/itolab-1/yusei/database_chromatic-longtones/cl-inEs/cl-inEs038_conc-A6_writ-Fis6.wav
334,8,cl-inEs,cl-inEs039_conc-B6_writ-G6.wav,cl-inEs/cl-inEs039_conc-B6_writ-G6.wav,/home/itolab-1/yusei/database_chromatic-longtones/cl-inEs/cl-inEs039_conc-B6_writ-G6.wav
335,8,cl-inEs,cl-inEs040_conc-H6_writ-Gis6.wav,cl-inEs/cl-inEs040_conc-H6_writ-Gis6.wav,/home/itolab-1/yusei/database_chromatic-longtones/cl-inEs/cl-inEs040_conc-H6_writ-Gis6.wav
336,8,cl-inEs,cl-inEs041_conc-C7_writ-A6.wav,cl-inEs/cl-inEs041_conc-C7_writ-A6.wav,/home/itolab-1/yusei/database_chromatic-longtones/cl-inEs/cl-inEs041_conc-C7_writ-A6.wav
337,8,cl-inEs,cl-inEs042_conc-Cis7_writ-Ais6.wav,cl-inEs/cl-inEs042_conc-Cis7_writ-Ais6.wav,/home/itolab-1/yusei/database_chromatic-longtones/cl-inEs/cl-inEs042_conc-Cis7_writ-Ais6.wav
338,8,cl-inEs,cl-inEs043_conc-D7_writ-H6.wav,cl-inEs/cl-inEs043_conc-D7_writ-H6.wav,/home/itolab-1/yusei/database_chromatic-longtones/cl-inEs/cl-inEs043_conc-D7_writ-H6.wav
339,8,cl-inEs,cl-inEs044_conc-Es7_writ-C7.wav,cl-inEs/cl-inEs044_conc-Es7_writ-C7.wav,/home/itolab-1/yusei/database_chromatic-longtones/cl-inEs/cl-inEs044_conc-Es7_writ-C7.wav
340,9,cl-inB,cl-inB000_conc-D3_writ-E3.wav,cl-inB/cl-inB000_conc-D3_writ-E3.wav,/home/itolab-1/yusei/database_chromatic-longtones/cl-inB/cl-inB000_conc-D3_writ-E3.wav
341,9,cl-inB,cl-inB001_conc-Es3_writ-F3.wav,cl-inB/cl-inB001_conc-Es3_writ-F3.wav,/home/itolab-1/yusei/database_chromatic-longtones/cl-inB/cl-inB001_conc-Es3_writ-F3.wav
342,9,cl-inB,cl-inB002_conc-E3_writ-Fis3.wav,cl-inB/cl-inB002_conc-E3_writ-Fis3.wav,/home/itolab-1/yusei/database_chromatic-longtones/cl-inB/cl-inB002_conc-E3_writ-Fis3.wav
343,9,cl-inB,cl-inB003_conc-F3_writ-G3.wav,cl-inB/cl-inB003_conc-F3_writ-G3.wav,/home/itolab-1/yusei/database_chromatic-longtones/cl-inB/cl-inB003_conc-F3_writ-G3.wav
344,9,cl-inB,cl-inB004_conc-Fis3_writ-Gis3.wav,cl-inB/cl-inB004_conc-Fis3_writ-Gis3.wav,/home/itolab-1/yusei/database_chromatic-longtones/cl-inB/cl-inB004_conc-Fis3_writ-Gis3.wav
345,9,cl-inB,cl-inB005_conc-G3_writ-A3.wav,cl-inB/cl-inB005_conc-G3_writ-A3.wav,/home/itolab-1/yusei/database_chromatic-longtones/cl-inB/cl-inB005_conc-G3_writ-A3.wav
346,9,cl-inB,cl-inB006_conc-Gis3_writ-Ais3.wav,cl-inB/cl-inB006_conc-Gis3_writ-Ais3.wav,/home/itolab-1/yusei/database_chromatic-longtones/cl-inB/cl-inB006_conc-Gis3_writ-Ais3.wav
347,9,cl-inB,cl-inB007_conc-A3_writ-H3.wav,cl-inB/cl-inB007_conc-A3_writ-H3.wav,/home/itolab-1/yusei/database_chromatic-longtones/cl-inB/cl-inB007_conc-A3_writ-H3.wav
348,9,cl-inB,cl-inB008_conc-B3_writ-C4.wav,cl-inB/cl-inB008_conc-B3_writ-C4.wav,/home/itolab-1/yusei/database_chromatic-longtones/cl-inB/cl-inB008_conc-B3_writ-C4.wav
349,9,cl-inB,cl-inB009_conc-H3_writ-Cis4.wav,cl-inB/cl-inB009_conc-H3_writ-Cis4.wav,/home/itolab-1/yusei/database_chromatic-longtones/cl-inB/cl-inB009_conc-H3_writ-Cis4.wav
350,9,cl-inB,cl-inB010_conc-C4_writ-D4.wav,cl-inB/cl-inB010_conc-C4_writ-D4.wav,/home/itolab-1/yusei/database_chromatic-longtones/cl-inB/cl-inB010_conc-C4_writ-D4.wav
351,9,cl-inB,cl-inB011_conc-Cis4_writ-Dis4.wav,cl-inB/cl-inB011_conc-Cis4_writ-Dis4.wav,/home/itolab-1/yusei/database_chromatic-longtones/cl-inB/cl-inB011_conc-Cis4_writ-Dis4.wav
352,9,cl-inB,cl-inB012_conc-D4_writ-E4.wav,cl-inB/cl-inB012_conc-D4_writ-E4.wav,/home/itolab-1/yusei/database_chromatic-longtones/cl-inB/cl-inB012_conc-D4_writ-E4.wav
353,9,cl-inB,cl-inB013_conc-Es4_writ-F4.wav,cl-inB/cl-inB013_conc-Es4_writ-F4.wav,/home/itolab-1/yusei/database_chromatic-longtones/cl-inB/cl-inB013_conc-Es4_writ-F4.wav
354,9,cl-inB,cl-inB014_conc-E4_writ-Fis4.wav,cl-inB/cl-inB014_conc-E4_writ-Fis4.wav,/home/itolab-1/yusei/database_chromatic-longtones/cl-inB/cl-inB014_conc-E4_writ-Fis4.wav
355,9,cl-inB,cl-inB015_conc-F4_writ-G4.wav,cl-inB/cl-inB015_conc-F4_writ-G4.wav,/home/itolab-1/yusei/database_chromatic-longtones/cl-inB/cl-inB015_conc-F4_writ-G4.wav
356,9,cl-inB,cl-inB016_conc-Fis4_writ-Gis4.wav,cl-inB/cl-inB016_conc-Fis4_writ-Gis4.wav,/home/itolab-1/yusei/database_chromatic-longtones/cl-inB/cl-inB016_conc-Fis4_writ-Gis4.wav
357,9,cl-inB,cl-inB017_conc-G4_writ-A4.wav,cl-inB/cl-inB017_conc-G4_writ-A4.wav,/home/itolab-1/yusei/database_chromatic-longtones/cl-inB/cl-inB017_conc-G4_writ-A4.wav
358,9,cl-inB,cl-inB018_conc-Gis4_writ-Ais4.wav,cl-inB/cl-inB018_conc-Gis4_writ-Ais4.wav,/home/itolab-1/yusei/database_chromatic-longtones/cl-inB/cl-inB018_conc-Gis4_writ-Ais4.wav
359,9,cl-inB,cl-inB019_conc-A4_writ-H4.wav,cl-inB/cl-inB019_conc-A4_writ-H4.wav,/home/itolab-1/yusei/database_chromatic-longtones/cl-inB/cl-inB019_conc-A4_writ-H4.wav
360,9,cl-inB,cl-inB020_conc-B4_writ-C5.wav,cl-inB/cl-inB020_conc-B4_writ-C5.wav,/home/itolab-1/yusei/database_chromatic-longtones/cl-inB/cl-inB020_conc-B4_writ-C5.wav
361,9,cl-inB,cl-inB021_conc-H4_writ-Cis5.wav,cl-inB/cl-inB021_conc-H4_writ-Cis5.wav,/home/itolab-1/yusei/database_chromatic-longtones/cl-inB/cl-inB021_conc-H4_writ-Cis5.wav
362,9,cl-inB,cl-inB022_conc-C5_writ-D5.wav,cl-inB/cl-inB022_conc-C5_writ-D5.wav,/home/itolab-1/yusei/database_chromatic-longtones/cl-inB/cl-inB022_conc-C5_writ-D5.wav
363,9,cl-inB,cl-inB023_conc-Cis5_writ-Dis5.wav,cl-inB/cl-inB023_conc-Cis5_writ-Dis5.wav,/home/itolab-1/yusei/database_chromatic-longtones/cl-inB/cl-inB023_conc-Cis5_writ-Dis5.wav
364,9,cl-inB,cl-inB024_conc-D5_writ-E5.wav,cl-inB/cl-inB024_conc-D5_writ-E5.wav,/home/itolab-1/yusei/database_chromatic-longtones/cl-inB/cl-inB024_conc-D5_writ-E5.wav
365,9,cl-inB,cl-inB025_conc-Es5_writ-F5.wav,cl-inB/cl-inB025_conc-Es5_writ-F5.wav,/home/itolab-1/yusei/database_chromatic-longtones/cl-inB/cl-inB025_conc-Es5_writ-F5.wav
366,9,cl-inB,cl-inB026_conc-E5_writ-Fis5.wav,cl-inB/cl-inB026_conc-E5_writ-Fis5.wav,/home/itolab-1/yusei/database_chromatic-longtones/cl-inB/cl-inB026_conc-E5_writ-Fis5.wav
367,9,cl-inB,cl-inB027_conc-F5_writ-G5.wav,cl-inB/cl-inB027_conc-F5_writ-G5.wav,/home/itolab-1/yusei/database_chromatic-longtones/cl-inB/cl-inB027_conc-F5_writ-G5.wav
368,9,cl-inB,cl-inB028_conc-Fis5_writ-Gis5.wav,cl-inB/cl-inB028_conc-Fis5_writ-Gis5.wav,/home/itolab-1/yusei/database_chromatic-longtones/cl-inB/cl-inB028_conc-Fis5_writ-Gis5.wav
369,9,cl-inB,cl-inB029_conc-G5_writ-A5.wav,cl-inB/cl-inB029_conc-G5_writ-A5.wav,/home/itolab-1/yusei/database_chromatic-longtones/cl-inB/cl-inB029_conc-G5_writ-A5.wav
370,9,cl-inB,cl-inB030_conc-Gis5_writ-Ais5.wav,cl-inB/cl-inB030_conc-Gis5_writ-Ais5.wav,/home/itolab-1/yusei/database_chromatic-longtones/cl-inB/cl-inB030_conc-Gis5_writ-Ais5.wav
371,9,cl-inB,cl-inB031_conc-A5_writ-H5.wav,cl-inB/cl-inB031_conc-A5_writ-H5.wav,/home/itolab-1/yusei/database_chromatic-longtones/cl-inB/cl-inB031_conc-A5_writ-H5.wav
372,9,cl-inB,cl-inB032_conc-B5_writ-C6.wav,cl-inB/cl-inB032_conc-B5_writ-C6.wav,/home/itolab-1/yusei/database_chromatic-longtones/cl-inB/cl-inB032_conc-B5_writ-C6.wav
373,9,cl-inB,cl-inB033_conc-H5_writ-Cis6.wav,cl-inB/cl-inB033_conc-H5_writ-Cis6.wav,/home/itolab-1/yusei/database_chromatic-longtones/cl-inB/cl-inB033_conc-H5_writ-Cis6.wav
374,9,cl-inB,cl-inB034_conc-C6_writ-D6.wav,cl-inB/cl-inB034_conc-C6_writ-D6.wav,/home/itolab-1/yusei/database_chromatic-longtones/cl-inB/cl-inB034_conc-C6_writ-D6.wav
375,9,cl-inB,cl-inB035_conc-Cis6_writ-Dis6.wav,cl-inB/cl-inB035_conc-Cis6_writ-Dis6.wav,/home/itolab-1/yusei/database_chromatic-longtones/cl-inB/cl-inB035_conc-Cis6_writ-Dis6.wav
376,9,cl-inB,cl-inB036_conc-D6_writ-E6.wav,cl-inB/cl-inB036_conc-D6_writ-E6.wav,/home/itolab-1/yusei/database_chromatic-longtones/cl-inB/cl-inB036_conc-D6_writ-E6.wav
377,9,cl-inB,cl-inB037_conc-Es6_writ-F6.wav,cl-inB/cl-inB037_conc-Es6_writ-F6.wav,/home/itolab-1/yusei/database_chromatic-longtones/cl-inB/cl-inB037_conc-Es6_writ-F6.wav
378,9,cl-inB,cl-inB038_conc-E6_writ-Fis6.wav,cl-inB/cl-inB038_conc-E6_writ-Fis6.wav,/home/itolab-1/yusei/database_chromatic-longtones/cl-inB/cl-inB038_conc-E6_writ-Fis6.wav
379,9,cl-inB,cl-inB039_conc-F6_writ-G6.wav,cl-inB/cl-inB039_conc-F6_writ-G6.wav,/home/itolab-1/yusei/database_chromatic-longtones/cl-inB/cl-inB039_conc-F6_writ-G6.wav
380,9,cl-inB,cl-inB040_conc-Fis6_writ-Gis6.wav,cl-inB/cl-inB040_conc-Fis6_writ-Gis6.wav,/home/itolab-1/yusei/database_chromatic-longtones/cl-inB/cl-inB040_conc-Fis6_writ-Gis6.wav
381,9,cl-inB,cl-inB041_conc-G6_writ-A6.wav,cl-inB/cl-inB041_conc-G6_writ-A6.wav,/home/itolab-1/yusei/database_chromatic-longtones/cl-inB/cl-inB041_conc-G6_writ-A6.wav
382,10,cl-inA,cl-inA000_conc-Cis3_writ-E3.wav,cl-inA/cl-inA000_conc-Cis3_writ-E3.wav,/home/itolab-1/yusei/database_chromatic-longtones/cl-inA/cl-inA000_conc-Cis3_writ-E3.wav
383,10,cl-inA,cl-inA001_conc-D3_writ-F3.wav,cl-inA/cl-inA001_conc-D3_writ-F3.wav,/home/itolab-1/yusei/database_chromatic-longtones/cl-inA/cl-inA001_conc-D3_writ-F3.wav
384,10,cl-inA,cl-inA002_conc-Dis3_writ-Fis3.wav,cl-inA/cl-inA002_conc-Dis3_writ-Fis3.wav,/home/itolab-1/yusei/database_chromatic-longtones/cl-inA/cl-inA002_conc-Dis3_writ-Fis3.wav
385,10,cl-inA,cl-inA003_conc-E3_writ-G3.wav,cl-inA/cl-inA003_conc-E3_writ-G3.wav,/home/itolab-1/yusei/database_chromatic-longtones/cl-inA/cl-inA003_conc-E3_writ-G3.wav
386,10,cl-inA,cl-inA004_conc-F3_writ-As3.wav,cl-inA/cl-inA004_conc-F3_writ-As3.wav,/home/itolab-1/yusei/database_chromatic-longtones/cl-inA/cl-inA004_conc-F3_writ-As3.wav
387,10,cl-inA,cl-inA005_conc-Fis3_writ-A3.wav,cl-inA/cl-inA005_conc-Fis3_writ-A3.wav,/home/itolab-1/yusei/database_chromatic-longtones/cl-inA/cl-inA005_conc-Fis3_writ-A3.wav
388,10,cl-inA,cl-inA006_conc-G3_writ-B3.wav,cl-inA/cl-inA006_conc-G3_writ-B3.wav,/home/itolab-1/yusei/database_chromatic-longtones/cl-inA/cl-inA006_conc-G3_writ-B3.wav
389,10,cl-inA,cl-inA007_conc-Gis3_writ-H3.wav,cl-inA/cl-inA007_conc-Gis3_writ-H3.wav,/home/itolab-1/yusei/database_chromatic-longtones/cl-inA/cl-inA007_conc-Gis3_writ-H3.wav
390,10,cl-inA,cl-inA008_conc-A3_writ-C4.wav,cl-inA/cl-inA008_conc-A3_writ-C4.wav,/home/itolab-1/yusei/database_chromatic-longtones/cl-inA/cl-inA008_conc-A3_writ-C4.wav
391,10,cl-inA,cl-inA009_conc-Ais3_writ-Cis4.wav,cl-inA/cl-inA009_conc-Ais3_writ-Cis4.wav,/home/itolab-1/yusei/database_chromatic-longtones/cl-inA/cl-inA009_conc-Ais3_writ-Cis4.wav
392,10,cl-inA,cl-inA010_conc-H3_writ-D4.wav,cl-inA/cl-inA010_conc-H3_writ-D4.wav,/home/itolab-1/yusei/database_chromatic-longtones/cl-inA/cl-inA010_conc-H3_writ-D4.wav
393,10,cl-inA,cl-inA011_conc-C4_writ-Es4.wav,cl-inA/cl-inA011_conc-C4_writ-Es4.wav,/home/itolab-1/yusei/database_chromatic-longtones/cl-inA/cl-inA011_conc-C4_writ-Es4.wav
394,10,cl-inA,cl-inA012_conc-Cis4_writ-E4.wav,cl-inA/cl-inA012_conc-Cis4_writ-E4.wav,/home/itolab-1/yusei/database_chromatic-longtones/cl-inA/cl-inA012_conc-Cis4_writ-E4.wav
395,10,cl-inA,cl-inA013_conc-D4_writ-F4.wav,cl-inA/cl-inA013_conc-D4_writ-F4.wav,/home/itolab-1/yusei/database_chromatic-longtones/cl-inA/cl-inA013_conc-D4_writ-F4.wav
396,10,cl-inA,cl-inA014_conc-Dis4_writ-Fis4.wav,cl-inA/cl-inA014_conc-Dis4_writ-Fis4.wav,/home/itolab-1/yusei/database_chromatic-longtones/cl-inA/cl-inA014_conc-Dis4_writ-Fis4.wav
397,10,cl-inA,cl-inA015_conc-E4_writ-G4.wav,cl-inA/cl-inA015_conc-E4_writ-G4.wav,/home/itolab-1/yusei/database_chromatic-longtones/cl-inA/cl-inA015_conc-E4_writ-G4.wav
398,10,cl-inA,cl-inA016_conc-F4_writ-As4.wav,cl-inA/cl-inA016_conc-F4_writ-As4.wav,/home/itolab-1/yusei/database_chromatic-longtones/cl-inA/cl-inA016_conc-F4_writ-As4.wav
399,10,cl-inA,cl-inA017_conc-Fis4_writ-A4.wav,cl-inA/cl-inA017_conc-Fis4_writ-A4.wav,/home/itolab-1/yusei/database_chromatic-longtones/cl-inA/cl-inA017_conc-Fis4_writ-A4.wav
400,10,cl-inA,cl-inA018_conc-G4_writ-B4.wav,cl-inA/cl-inA018_conc-G4_writ-B4.wav,/home/itolab-1/yusei/database_chromatic-longtones/cl-inA/cl-inA018_conc-G4_writ-B4.wav
401,10,cl-inA,cl-inA019_conc-Gis4_writ-H4.wav,cl-inA/cl-inA019_conc-Gis4_writ-H4.wav,/home/itolab-1/yusei/database_chromatic-longtones/cl-inA/cl-inA019_conc-Gis4_writ-H4.wav
402,10,cl-inA,cl-inA020_conc-A4_writ-C5.wav,cl-inA/cl-inA020_conc-A4_writ-C5.wav,/home/itolab-1/yusei/database_chromatic-longtones/cl-inA/cl-inA020_conc-A4_writ-C5.wav
403,10,cl-inA,cl-inA021_conc-Ais4_writ-Cis5.wav,cl-inA/cl-inA021_conc-Ais4_writ-Cis5.wav,/home/itolab-1/yusei/database_chromatic-longtones/cl-inA/cl-inA021_conc-Ais4_writ-Cis5.wav
404,10,cl-inA,cl-inA022_conc-H4_writ-D5.wav,cl-inA/cl-inA022_conc-H4_writ-D5.wav,/home/itolab-1/yusei/database_chromatic-longtones/cl-inA/cl-inA022_conc-H4_writ-D5.wav
405,10,cl-inA,cl-inA023_conc-C5_writ-Es5.wav,cl-inA/cl-inA023_conc-C5_writ-Es5.wav,/home/itolab-1/yusei/database_chromatic-longtones/cl-inA/cl-inA023_conc-C5_writ-Es5.wav
406,10,cl-inA,cl-inA024_conc-Cis5_writ-E5.wav,cl-inA/cl-inA024_conc-Cis5_writ-E5.wav,/home/itolab-1/yusei/database_chromatic-longtones/cl-inA/cl-inA024_conc-Cis5_writ-E5.wav
407,10,cl-inA,cl-inA025_conc-D5_writ-F5.wav,cl-inA/cl-inA025_conc-D5_writ-F5.wav,/home/itolab-1/yusei/database_chromatic-longtones/cl-inA/cl-inA025_conc-D5_writ-F5.wav
408,10,cl-inA,cl-inA026_conc-Dis5_writ-Fis5.wav,cl-inA/cl-inA026_conc-Dis5_writ-Fis5.wav,/home/itolab-1/yusei/database_chromatic-longtones/cl-inA/cl-inA026_conc-Dis5_writ-Fis5.wav
409,10,cl-inA,cl-inA027_conc-E5_writ-G5.wav,cl-inA/cl-inA027_conc-E5_writ-G5.wav,/home/itolab-1/yusei/database_chromatic-longtones/cl-inA/cl-inA027_conc-E5_writ-G5.wav
410,10,cl-inA,cl-inA028_conc-F5_writ-As5.wav,cl-inA/cl-inA028_conc-F5_writ-As5.wav,/home/itolab-1/yusei/database_chromatic-longtones/cl-inA/cl-inA028_conc-F5_writ-As5.wav
411,10,cl-inA,cl-inA029_conc-Fis5_writ-A5.wav,cl-inA/cl-inA029_conc-Fis5_writ-A5.wav,/home/itolab-1/yusei/database_chromatic-longtones/cl-inA/cl-inA029_conc-Fis5_writ-A5.wav
412,10,cl-inA,cl-inA030_conc-G5_writ-B5.wav,cl-inA/cl-inA030_conc-G5_writ-B5.wav,/home/itolab-1/yusei/database_chromatic-longtones/cl-inA/cl-inA030_conc-G5_writ-B5.wav
413,10,cl-inA,cl-inA031_conc-Gis5_writ-H5.wav,cl-inA/cl-inA031_conc-Gis5_writ-H5.wav,/home/itolab-1/yusei/database_chromatic-longtones/cl-inA/cl-inA031_conc-Gis5_writ-H5.wav
414,10,cl-inA,cl-inA032_conc-A5_writ-C6.wav,cl-inA/cl-inA032_conc-A5_writ-C6.wav,/home/itolab-1/yusei/database_chromatic-longtones/cl-inA/cl-inA032_conc-A5_writ-C6.wav
415,10,cl-inA,cl-inA033_conc-Ais5_writ-Cis6.wav,cl-inA/cl-inA033_conc-Ais5_writ-Cis6.wav,/home/itolab-1/yusei/database_chromatic-longtones/cl-inA/cl-inA033_conc-Ais5_writ-Cis6.wav
416,10,cl-inA,cl-inA034_conc-H5_writ-D6.wav,cl-inA/cl-inA034_conc-H5_writ-D6.wav,/home/itolab-1/yusei/database_chromatic-longtones/cl-inA/cl-inA034_conc-H5_writ-D6.wav
417,10,cl-inA,cl-inA035_conc-C6_writ-Es6.wav,cl-inA/cl-inA035_conc-C6_writ-Es6.wav,/home/itolab-1/yusei/database_chromatic-longtones/cl-inA/cl-inA035_conc-C6_writ-Es6.wav
418,10,cl-inA,cl-inA036_conc-Cis6_writ-E6.wav,cl-inA/cl-inA036_conc-Cis6_writ-E6.wav,/home/itolab-1/yusei/database_chromatic-longtones/cl-inA/cl-inA036_conc-Cis6_writ-E6.wav
419,10,cl-inA,cl-inA037_conc-D6_writ-F6.wav,cl-inA/cl-inA037_conc-D6_writ-F6.wav,/home/itolab-1/yusei/database_chromatic-longtones/cl-inA/cl-inA037_conc-D6_writ-F6.wav
420,10,cl-inA,cl-inA038_conc-Dis6_writ-Fis6.wav,cl-inA/cl-inA038_conc-Dis6_writ-Fis6.wav,/home/itolab-1/yusei/database_chromatic-longtones/cl-inA/cl-inA038_conc-Dis6_writ-Fis6.wav
421,10,cl-inA,cl-inA039_conc-E6_writ-G6.wav,cl-inA/cl-inA039_conc-E6_writ-G6.wav,/home/itolab-1/yusei/database_chromatic-longtones/cl-inA/cl-inA039_conc-E6_writ-G6.wav
422,10,cl-inA,cl-inA040_conc-F6_writ-As6.wav,cl-inA/cl-inA040_conc-F6_writ-As6.wav,/home/itolab-1/yusei/database_chromatic-longtones/cl-inA/cl-inA040_conc-F6_writ-As6.wav
423,10,cl-inA,cl-inA041_conc-Fis6_writ-A6.wav,cl-inA/cl-inA041_conc-Fis6_writ-A6.wav,/home/itolab-1/yusei/database_chromatic-longtones/cl-inA/cl-inA041_conc-Fis6_writ-A6.wav
424,11,basscl,basscl000_conc-B1_writ-C2.wav,basscl/basscl000_conc-B1_writ-C2.wav,/home/itolab-1/yusei/database_chromatic-longtones/basscl/basscl000_conc-B1_writ-C2.wav
425,11,basscl,basscl001_conc-H1_writ-Cis2.wav,basscl/basscl001_conc-H1_writ-Cis2.wav,/home/itolab-1/yusei/database_chromatic-longtones/basscl/basscl001_conc-H1_writ-Cis2.wav
426,11,basscl,basscl002_conc-C2_writ-D2.wav,basscl/basscl002_conc-C2_writ-D2.wav,/home/itolab-1/yusei/database_chromatic-longtones/basscl/basscl002_conc-C2_writ-D2.wav
427,11,basscl,basscl003_conc-Cis2_writ-Dis2.wav,basscl/basscl003_conc-Cis2_writ-Dis2.wav,/home/itolab-1/yusei/database_chromatic-longtones/basscl/basscl003_conc-Cis2_writ-Dis2.wav
428,11,basscl,basscl004_conc-D2_writ-E2.wav,basscl/basscl004_conc-D2_writ-E2.wav,/home/itolab-1/yusei/database_chromatic-longtones/basscl/basscl004_conc-D2_writ-E2.wav
429,11,basscl,basscl005_conc-Es2_writ-F2.wav,basscl/basscl005_conc-Es2_writ-F2.wav,/home/itolab-1/yusei/database_chromatic-longtones/basscl/basscl005_conc-Es2_writ-F2.wav
430,11,basscl,basscl006_conc-E2_writ-Fis2.wav,basscl/basscl006_conc-E2_writ-Fis2.wav,/home/itolab-1/yusei/database_chromatic-longtones/basscl/basscl006_conc-E2_writ-Fis2.wav
431,11,basscl,basscl007_conc-F2_writ-G2.wav,basscl/basscl007_conc-F2_writ-G2.wav,/home/itolab-1/yusei/database_chromatic-longtones/basscl/basscl007_conc-F2_writ-G2.wav
432,11,basscl,basscl008_conc-Fis2_writ-Gis2.wav,basscl/basscl008_conc-Fis2_writ-Gis2.wav,/home/itolab-1/yusei/database_chromatic-longtones/basscl/basscl008_conc-Fis2_writ-Gis2.wav
433,11,basscl,basscl009_conc-G2_writ-A2.wav,basscl/basscl009_conc-G2_writ-A2.wav,/home/itolab-1/yusei/database_chromatic-longtones/basscl/basscl009_conc-G2_writ-A2.wav
434,11,basscl,basscl010_conc-Gis2_writ-Ais2.wav,basscl/basscl010_conc-Gis2_writ-Ais2.wav,/home/itolab-1/yusei/database_chromatic-longtones/basscl/basscl010_conc-Gis2_writ-Ais2.wav
435,11,basscl,basscl011_conc-A2_writ-H2.wav,basscl/basscl011_conc-A2_writ-H2.wav,/home/itolab-1/yusei/database_chromatic-longtones/basscl/basscl011_conc-A2_writ-H2.wav
436,11,basscl,basscl012_conc-B2_writ-C3.wav,basscl/basscl012_conc-B2_writ-C3.wav,/home/itolab-1/yusei/database_chromatic-longtones/basscl/basscl012_conc-B2_writ-C3.wav
437,11,basscl,basscl013_conc-H2_writ-Cis3.wav,basscl/basscl013_conc-H2_writ-Cis3.wav,/home/itolab-1/yusei/database_chromatic-longtones/basscl/basscl013_conc-H2_writ-Cis3.wav
438,11,basscl,basscl014_conc-C3_writ-D3.wav,basscl/basscl014_conc-C3_writ-D3.wav,/home/itolab-1/yusei/database_chromatic-longtones/basscl/basscl014_conc-C3_writ-D3.wav
439,11,basscl,basscl015_conc-Cis3_writ-Dis3.wav,basscl/basscl015_conc-Cis3_writ-Dis3.wav,/home/itolab-1/yusei/database_chromatic-longtones/basscl/basscl015_conc-Cis3_writ-Dis3.wav
440,11,basscl,basscl016_conc-D3_writ-E3.wav,basscl/basscl016_conc-D3_writ-E3.wav,/home/itolab-1/yusei/database_chromatic-longtones/basscl/basscl016_conc-D3_writ-E3.wav
441,11,basscl,basscl017_conc-Es3_writ-F3.wav,basscl/basscl017_conc-Es3_writ-F3.wav,/home/itolab-1/yusei/database_chromatic-longtones/basscl/basscl017_conc-Es3_writ-F3.wav
442,11,basscl,basscl018_conc-E3_writ-Fis3.wav,basscl/basscl018_conc-E3_writ-Fis3.wav,/home/itolab-1/yusei/database_chromatic-longtones/basscl/basscl018_conc-E3_writ-Fis3.wav
443,11,basscl,basscl019_conc-F3_writ-G3.wav,basscl/basscl019_conc-F3_writ-G3.wav,/home/itolab-1/yusei/database_chromatic-longtones/basscl/basscl019_conc-F3_writ-G3.wav
444,11,basscl,basscl020_conc-Fis3_writ-Gis3.wav,basscl/basscl020_conc-Fis3_writ-Gis3.wav,/home/itolab-1/yusei/database_chromatic-longtones/basscl/basscl020_conc-Fis3_writ-Gis3.wav
445,11,basscl,basscl021_conc-G3_writ-A3.wav,basscl/basscl021_conc-G3_writ-A3.wav,/home/itolab-1/yusei/database_chromatic-longtones/basscl/basscl021_conc-G3_writ-A3.wav
446,11,basscl,basscl022_conc-Gis3_writ-Ais3.wav,basscl/basscl022_conc-Gis3_writ-Ais3.wav,/home/itolab-1/yusei/database_chromatic-longtones/basscl/basscl022_conc-Gis3_writ-Ais3.wav
447,11,basscl,basscl023_conc-A3_writ-H3.wav,basscl/basscl023_conc-A3_writ-H3.wav,/home/itolab-1/yusei/database_chromatic-longtones/basscl/basscl023_conc-A3_writ-H3.wav
448,11,basscl,basscl024_conc-B3_writ-C4.wav,basscl/basscl024_conc-B3_writ-C4.wav,/home/itolab-1/yusei/database_chromatic-longtones/basscl/basscl024_conc-B3_writ-C4.wav
449,11,basscl,basscl025_conc-H3_writ-Cis4.wav,basscl/basscl025_conc-H3_writ-Cis4.wav,/home/itolab-1/yusei/database_chromatic-longtones/basscl/basscl025_conc-H3_writ-Cis4.wav
450,11,basscl,basscl026_conc-C4_writ-D4.wav,basscl/basscl026_conc-C4_writ-D4.wav,/home/itolab-1/yusei/database_chromatic-longtones/basscl/basscl026_conc-C4_writ-D4.wav
451,11,basscl,basscl027_conc-Cis4_writ-Dis4.wav,basscl/basscl027_conc-Cis4_writ-Dis4.wav,/home/itolab-1/yusei/database_chromatic-longtones/basscl/basscl027_conc-Cis4_writ-Dis4.wav
452,11,basscl,basscl028_conc-D4_writ-E4.wav,basscl/basscl028_conc-D4_writ-E4.wav,/home/itolab-1/yusei/database_chromatic-longtones/basscl/basscl028_conc-D4_writ-E4.wav
453,11,basscl,basscl029_conc-Es4_writ-F4.wav,basscl/basscl029_conc-Es4_writ-F4.wav,/home/itolab-1/yusei/database_chromatic-longtones/basscl/basscl029_conc-Es4_writ-F4.wav
454,11,basscl,basscl030_conc-E4_writ-Fis4.wav,basscl/basscl030_conc-E4_writ-Fis4.wav,/home/itolab-1/yusei/database_chromatic-longtones/basscl/basscl030_conc-E4_writ-Fis4.wav
455,11,basscl,basscl031_conc-F4_writ-G4.wav,basscl/basscl031_conc-F4_writ-G4.wav,/home/itolab-1/yusei/database_chromatic-longtones/basscl/basscl031_conc-F4_writ-G4.wav
456,11,basscl,basscl032_conc-Fis4_writ-Gis4.wav,basscl/basscl032_conc-Fis4_writ-Gis4.wav,/home/itolab-1/yusei/database_chromatic-longtones/basscl/basscl032_conc-Fis4_writ-Gis4.wav
457,11,basscl,basscl033_conc-G4_writ-A4.wav,basscl/basscl033_conc-G4_writ-A4.wav,/home/itolab-1/yusei/database_chromatic-longtones/basscl/basscl033_conc-G4_writ-A4.wav
458,11,basscl,basscl034_conc-Gis4_writ-Ais4.wav,basscl/basscl034_conc-Gis4_writ-Ais4.wav,/home/itolab-1/yusei/database_chromatic-longtones/basscl/basscl034_conc-Gis4_writ-Ais4.wav
459,11,basscl,basscl035_conc-A4_writ-H4.wav,basscl/basscl035_conc-A4_writ-H4.wav,/home/itolab-1/yusei/database_chromatic-longtones/basscl/basscl035_conc-A4_writ-H4.wav
460,11,basscl,basscl036_conc-B4_writ-C5.wav,basscl/basscl036_conc-B4_writ-C5.wav,/home/itolab-1/yusei/database_chromatic-longtones/basscl/basscl036_conc-B4_writ-C5.wav
461,11,basscl,basscl037_conc-H4_writ-Cis5.wav,basscl/basscl037_conc-H4_writ-Cis5.wav,/home/itolab-1/yusei/database_chromatic-longtones/basscl/basscl037_conc-H4_writ-Cis5.wav
462,11,basscl,basscl038_conc-C5_writ-D5.wav,basscl/basscl038_conc-C5_writ-D5.wav,/home/itolab-1/yusei/database_chromatic-longtones/basscl/basscl038_conc-C5_writ-D5.wav
463,11,basscl,basscl039_conc-Cis5_writ-Dis5.wav,basscl/basscl039_conc-Cis5_writ-Dis5.wav,/home/itolab-1/yusei/database_chromatic-longtones/basscl/basscl039_conc-Cis5_writ-Dis5.wav
464,11,basscl,basscl040_conc-D5_writ-E5.wav,basscl/basscl040_conc-D5_writ-E5.wav,/home/itolab-1/yusei/database_chromatic-longtones/basscl/basscl040_conc-D5_writ-E5.wav
465,11,basscl,basscl041_conc-Es5_writ-F5.wav,basscl/basscl041_conc-Es5_writ-F5.wav,/home/itolab-1/yusei/database_chromatic-longtones/basscl/basscl041_conc-Es5_writ-F5.wav
466,11,basscl,basscl042_conc-E5_writ-Fis5.wav,basscl/basscl042_conc-E5_writ-Fis5.wav,/home/itolab-1/yusei/database_chromatic-longtones/basscl/basscl042_conc-E5_writ-Fis5.wav
467,11,basscl,basscl043_conc-F5_writ-G5.wav,basscl/basscl043_conc-F5_writ-G5.wav,/home/itolab-1/yusei/database_chromatic-longtones/basscl/basscl043_conc-F5_writ-G5.wav
468,12,fg,fg000_Ais1.wav,fg/fg000_Ais1.wav,/home/itolab-1/yusei/database_chromatic-longtones/fg/fg000_Ais1.wav
469,12,fg,fg001_H1.wav,fg/fg001_H1.wav,/home/itolab-1/yusei/database_chromatic-longtones/fg/fg001_H1.wav
470,12,fg,fg002_C2.wav,fg/fg002_C2.wav,/home/itolab-1/yusei/database_chromatic-longtones/fg/fg002_C2.wav
471,12,fg,fg003_Cis2.wav,fg/fg003_Cis2.wav,/home/itolab-1/yusei/database_chromatic-longtones/fg/fg003_Cis2.wav
472,12,fg,fg004_D2.wav,fg/fg004_D2.wav,/home/itolab-1/yusei/database_chromatic-longtones/fg/fg004_D2.wav
473,12,fg,fg005_Dis2.wav,fg/fg005_Dis2.wav,/home/itolab-1/yusei/database_chromatic-longtones/fg/fg005_Dis2.wav
474,12,fg,fg006_E2.wav,fg/fg006_E2.wav,/home/itolab-1/yusei/database_chromatic-longtones/fg/fg006_E2.wav
475,12,fg,fg007_F2.wav,fg/fg007_F2.wav,/home/itolab-1/yusei/database_chromatic-longtones/fg/fg007_F2.wav
476,12,fg,fg008_Fis2.wav,fg/fg008_Fis2.wav,/home/itolab-1/yusei/database_chromatic-longtones/fg/fg008_Fis2.wav
477,12,fg,fg009_G2.wav,fg/fg009_G2.wav,/home/itolab-1/yusei/database_chromatic-longtones/fg/fg009_G2.wav
478,12,fg,fg010_Gis2.wav,fg/fg010_Gis2.wav,/home/itolab-1/yusei/database_chromatic-longtones/fg/fg010_Gis2.wav
479,12,fg,fg011_A2.wav,fg/fg011_A2.wav,/home/itolab-1/yusei/database_chromatic-longtones/fg/fg011_A2.wav
480,12,fg,fg012_Ais2.wav,fg/fg012_Ais2.wav,/home/itolab-1/yusei/database_chromatic-longtones/fg/fg012_Ais2.wav
481,12,fg,fg013_H2.wav,fg/fg013_H2.wav,/home/itolab-1/yusei/database_chromatic-longtones/fg/fg013_H2.wav
482,12,fg,fg014_C3.wav,fg/fg014_C3.wav,/home/itolab-1/yusei/database_chromatic-longtones/fg/fg014_C3.wav
483,12,fg,fg015_Cis3.wav,fg/fg015_Cis3.wav,/home/itolab-1/yusei/database_chromatic-longtones/fg/fg015_Cis3.wav
484,12,fg,fg016_D3.wav,fg/fg016_D3.wav,/home/itolab-1/yusei/database_chromatic-longtones/fg/fg016_D3.wav
485,12,fg,fg017_Dis3.wav,fg/fg017_Dis3.wav,/home/itolab-1/yusei/database_chromatic-longtones/fg/fg017_Dis3.wav
486,12,fg,fg018_E3.wav,fg/fg018_E3.wav,/home/itolab-1/yusei/database_chromatic-longtones/fg/fg018_E3.wav
487,12,fg,fg019_F3.wav,fg/fg019_F3.wav,/home/itolab-1/yusei/database_chromatic-longtones/fg/fg019_F3.wav
488,12,fg,fg020_Fis3.wav,fg/fg020_Fis3.wav,/home/itolab-1/yusei/database_chromatic-longtones/fg/fg020_Fis3.wav
489,12,fg,fg021_G3.wav,fg/fg021_G3.wav,/home/itolab-1/yusei/database_chromatic-longtones/fg/fg021_G3.wav
490,12,fg,fg022_Gis3.wav,fg/fg022_Gis3.wav,/home/itolab-1/yusei/database_chromatic-longtones/fg/fg022_Gis3.wav
491,12,fg,fg023_A3.wav,fg/fg023_A3.wav,/home/itolab-1/yusei/database_chromatic-longtones/fg/fg023_A3.wav
492,12,fg,fg024_Ais3.wav,fg/fg024_Ais3.wav,/home/itolab-1/yusei/database_chromatic-longtones/fg/fg024_Ais3.wav
493,12,fg,fg025_H3.wav,fg/fg025_H3.wav,/home/itolab-1/yusei/database_chromatic-longtones/fg/fg025_H3.wav
494,12,fg,fg026_C4.wav,fg/fg026_C4.wav,/home/itolab-1/yusei/database_chromatic-longtones/fg/fg026_C4.wav
495,12,fg,fg027_Cis4.wav,fg/fg027_Cis4.wav,/home/itolab-1/yusei/database_chromatic-longtones/fg/fg027_Cis4.wav
496,12,fg,fg028_D4.wav,fg/fg028_D4.wav,/home/itolab-1/yusei/database_chromatic-longtones/fg/fg028_D4.wav
497,12,fg,fg029_Dis4.wav,fg/fg029_Dis4.wav,/home/itolab-1/yusei/database_chromatic-longtones/fg/fg029_Dis4.wav
498,12,fg,fg030_E4.wav,fg/fg030_E4.wav,/home/itolab-1/yusei/database_chromatic-longtones/fg/fg030_E4.wav
499,12,fg,fg031_F4.wav,fg/fg031_F4.wav,/home/itolab-1/yusei/database_chromatic-longtones/fg/fg031_F4.wav
500,12,fg,fg032_Fis4.wav,fg/fg032_Fis4.wav,/home/itolab-1/yusei/database_chromatic-longtones/fg/fg032_Fis4.wav
501,12,fg,fg033_G4.wav,fg/fg033_G4.wav,/home/itolab-1/yusei/database_chromatic-longtones/fg/fg033_G4.wav
502,12,fg,fg034_Gis4.wav,fg/fg034_Gis4.wav,/home/itolab-1/yusei/database_chromatic-longtones/fg/fg034_Gis4.wav
503,12,fg,fg035_A4.wav,fg/fg035_A4.wav,/home/itolab-1/yusei/database_chromatic-longtones/fg/fg035_A4.wav
504,12,fg,fg036_Ais4.wav,fg/fg036_Ais4.wav,/home/itolab-1/yusei/database_chromatic-longtones/fg/fg036_Ais4.wav
505,12,fg,fg037_H4.wav,fg/fg037_H4.wav,/home/itolab-1/yusei/database_chromatic-longtones/fg/fg037_H4.wav
506,12,fg,fg038_C5.wav,fg/fg038_C5.wav,/home/itolab-1/yusei/database_chromatic-longtones/fg/fg038_C5.wav
507,12,fg,fg039_Cis5.wav,fg/fg039_Cis5.wav,/home/itolab-1/yusei/database_chromatic-longtones/fg/fg039_Cis5.wav
508,12,fg,fg040_D5.wav,fg/fg040_D5.wav,/home/itolab-1/yusei/database_chromatic-longtones/fg/fg040_D5.wav
509,12,fg,fg041_G3_alt1.wav,fg/fg041_G3_alt1.wav,/home/itolab-1/yusei/database_chromatic-longtones/fg/fg041_G3_alt1.wav
510,12,fg,fg042_G3_alt2.wav,fg/fg042_G3_alt2.wav,/home/itolab-1/yusei/database_chromatic-longtones/fg/fg042_G3_alt2.wav
511,12,fg,fg043_G3_alt3.wav,fg/fg043_G3_alt3.wav,/home/itolab-1/yusei/database_chromatic-longtones/fg/fg043_G3_alt3.wav
512,12,fg,fg044_D4_alt1.wav,fg/fg044_D4_alt1.wav,/home/itolab-1/yusei/database_chromatic-longtones/fg/fg044_D4_alt1.wav
513,12,fg,fg045_D4_alt2.wav,fg/fg045_D4_alt2.wav,/home/itolab-1/yusei/database_chromatic-longtones/fg/fg045_D4_alt2.wav
514,12,fg,fg046_D4_alt3.wav,fg/fg046_D4_alt3.wav,/home/itolab-1/yusei/database_chromatic-longtones/fg/fg046_D4_alt3.wav
515,13,fh_tube-F,fh000_conc-H1_writ-Fis2_ovt-02_lvr-1+2+3_tube-F.wav,fh_tube-F/fh000_conc-H1_writ-Fis2_ovt-02_lvr-1+2+3_tube-F.wav,/home/itolab-1/yusei/database_chromatic-longtones/fh_tube-F/fh000_conc-H1_writ-Fis2_ovt-02_lvr-1+2+3_tube-F.wav
516,13,fh_tube-F,fh001_conc-C2_writ-G2_ovt-02_lvr-1+3_tube-F.wav,fh_tube-F/fh001_conc-C2_writ-G2_ovt-02_lvr-1+3_tube-F.wav,/home/itolab-1/yusei/database_chromatic-longtones/fh_tube-F/fh001_conc-C2_writ-G2_ovt-02_lvr-1+3_tube-F.wav
517,13,fh_tube-F,fh002_conc-Des2_writ-As2_ovt-02_lvr-2+3_tube-F.wav,fh_tube-F/fh002_conc-Des2_writ-As2_ovt-02_lvr-2+3_tube-F.wav,/home/itolab-1/yusei/database_chromatic-longtones/fh_tube-F/fh002_conc-Des2_writ-As2_ovt-02_lvr-2+3_tube-F.wav
518,13,fh_tube-F,fh003_conc-D2_writ-A2_ovt-02_lvr-1+2_tube-F.wav,fh_tube-F/fh003_conc-D2_writ-A2_ovt-02_lvr-1+2_tube-F.wav,/home/itolab-1/yusei/database_chromatic-longtones/fh_tube-F/fh003_conc-D2_writ-A2_ovt-02_lvr-1+2_tube-F.wav
519,13,fh_tube-F,fh004_conc-D2_writ-A2_ovt-02_lvr-3_tube-F.wav,fh_tube-F/fh004_conc-D2_writ-A2_ovt-02_lvr-3_tube-F.wav,/home/itolab-1/yusei/database_chromatic-longtones/fh_tube-F/fh004_conc-D2_writ-A2_ovt-02_lvr-3_tube-F.wav
520,13,fh_tube-F,fh005_conc-Es2_writ-B2_ovt-02_lvr-1_tube-F.wav,fh_tube-F/fh005_conc-Es2_writ-B2_ovt-02_lvr-1_tube-F.wav,/home/itolab-1/yusei/database_chromatic-longtones/fh_tube-F/fh005_conc-Es2_writ-B2_ovt-02_lvr-1_tube-F.wav
521,13,fh_tube-F,fh006_conc-E2_writ-H2_ovt-02_lvr-2_tube-F.wav,fh_tube-F/fh006_conc-E2_writ-H2_ovt-02_lvr-2_tube-F.wav,/home/itolab-1/yusei/database_chromatic-longtones/fh_tube-F/fh006_conc-E2_writ-H2_ovt-02_lvr-2_tube-F.wav
522,13,fh_tube-F,fh007_conc-F2_writ-C3_ovt-02_lvr-0_tube-F.wav,fh_tube-F/fh007_conc-F2_writ-C3_ovt-02_lvr-0_tube-F.wav,/home/itolab-1/yusei/database_chromatic-longtones/fh_tube-F/fh007_conc-F2_writ-C3_ovt-02_lvr-0_tube-F.wav
523,13,fh_tube-F,fh008_conc-Fis2_writ-Cis3_ovt-03_lvr-1+2+3_tube-F.wav,fh_tube-F/fh008_conc-Fis2_writ-Cis3_ovt-03_lvr-1+2+3_tube-F.wav,/home/itolab-1/yusei/database_chromatic-longtones/fh_tube-F/fh008_conc-Fis2_writ-Cis3_ovt-03_lvr-1+2+3_tube-F.wav
524,13,fh_tube-F,fh009_conc-G2_writ-D3_ovt-03_lvr-1+3_tube-F.wav,fh_tube-F/fh009_conc-G2_writ-D3_ovt-03_lvr-1+3_tube-F.wav,/home/itolab-1/yusei/database_chromatic-longtones/fh_tube-F/fh009_conc-G2_writ-D3_ovt-03_lvr-1+3_tube-F.wav
525,13,fh_tube-F,fh010_conc-As2_writ-Es3_ovt-03_lvr-2+3_tube-F.wav,fh_tube-F/fh010_conc-As2_writ-Es3_ovt-03_lvr-2+3_tube-F.wav,/home/itolab-1/yusei/database_chromatic-longtones/fh_tube-F/fh010_conc-As2_writ-Es3_ovt-03_lvr-2+3_tube-F.wav
526,13,fh_tube-F,fh011_conc-A2_writ-E3_ovt-03_lvr-1+2_tube-F.wav,fh_tube-F/fh011_conc-A2_writ-E3_ovt-03_lvr-1+2_tube-F.wav,/home/itolab-1/yusei/database_chromatic-longtones/fh_tube-F/fh011_conc-A2_writ-E3_ovt-03_lvr-1+2_tube-F.wav
527,13,fh_tube-F,fh012_conc-A2_writ-E3_ovt-03_lvr-3_tube-F.wav,fh_tube-F/fh012_conc-A2_writ-E3_ovt-03_lvr-3_tube-F.wav,/home/itolab-1/yusei/database_chromatic-longtones/fh_tube-F/fh012_conc-A2_writ-E3_ovt-03_lvr-3_tube-F.wav
528,13,fh_tube-F,fh013_conc-B2_writ-F3_ovt-03_lvr-1_tube-F.wav,fh_tube-F/fh013_conc-B2_writ-F3_ovt-03_lvr-1_tube-F.wav,/home/itolab-1/yusei/database_chromatic-longtones/fh_tube-F/fh013_conc-B2_writ-F3_ovt-03_lvr-1_tube-F.wav
529,13,fh_tube-F,fh014_conc-H2_writ-Fis3_ovt-03_lvr-2_tube-F.wav,fh_tube-F/fh014_conc-H2_writ-Fis3_ovt-03_lvr-2_tube-F.wav,/home/itolab-1/yusei/database_chromatic-longtones/fh_tube-F/fh014_conc-H2_writ-Fis3_ovt-03_lvr-2_tube-F.wav
530,13,fh_tube-F,fh015_conc-H2_writ-Fis3_ovt-04_lvr-1+2+3_tube-F.wav,fh_tube-F/fh015_conc-H2_writ-Fis3_ovt-04_lvr-1+2+3_tube-F.wav,/home/itolab-1/yusei/database_chromatic-longtones/fh_tube-F/fh015_conc-H2_writ-Fis3_ovt-04_lvr-1+2+3_tube-F.wav
531,13,fh_tube-F,fh016_conc-C3_writ-G3_ovt-03_lvr-0_tube-F.wav,fh_tube-F/fh016_conc-C3_writ-G3_ovt-03_lvr-0_tube-F.wav,/home/itolab-1/yusei/database_chromatic-longtones/fh_tube-F/fh016_conc-C3_writ-G3_ovt-03_lvr-0_tube-F.wav
532,13,fh_tube-F,fh017_conc-C3_writ-G3_ovt-04_lvr-1+3_tube-F.wav,fh_tube-F/fh017_conc-C3_writ-G3_ovt-04_lvr-1+3_tube-F.wav,/home/itolab-1/yusei/database_chromatic-longtones/fh_tube-F/fh017_conc-C3_writ-G3_ovt-04_lvr-1+3_tube-F.wav
533,13,fh_tube-F,fh018_conc-Des3_writ-As3_ovt-04_lvr-2+3_tube-F.wav,fh_tube-F/fh018_conc-Des3_writ-As3_ovt-04_lvr-2+3_tube-F.wav,/home/itolab-1/yusei/database_chromatic-longtones/fh_tube-F/fh018_conc-Des3_writ-As3_ovt-04_lvr-2+3_tube-F.wav
534,13,fh_tube-F,fh019_conc-D3_writ-A3_ovt-04_lvr-1+2_tube-F.wav,fh_tube-F/fh019_conc-D3_writ-A3_ovt-04_lvr-1+2_tube-F.wav,/home/itolab-1/yusei/database_chromatic-longtones/fh_tube-F/fh019_conc-D3_writ-A3_ovt-04_lvr-1+2_tube-F.wav
535,13,fh_tube-F,fh020_conc-D3_writ-A3_ovt-04_lvr-3_tube-F.wav,fh_tube-F/fh020_conc-D3_writ-A3_ovt-04_lvr-3_tube-F.wav,/home/itolab-1/yusei/database_chromatic-longtones/fh_tube-F/fh020_conc-D3_writ-A3_ovt-04_lvr-3_tube-F.wav
536,13,fh_tube-F,fh021_conc-Es3_writ-B3_ovt-04_lvr-1_tube-F.wav,fh_tube-F/fh021_conc-Es3_writ-B3_ovt-04_lvr-1_tube-F.wav,/home/itolab-1/yusei/database_chromatic-longtones/fh_tube-F/fh021_conc-Es3_writ-B3_ovt-04_lvr-1_tube-F.wav
537,13,fh_tube-F,fh022_conc-Dis3_writ-Ais3_ovt-05_lvr-1+2+3_tube-F.wav,fh_tube-F/fh022_conc-Dis3_writ-Ais3_ovt-05_lvr-1+2+3_tube-F.wav,/home/itolab-1/yusei/database_chromatic-longtones/fh_tube-F/fh022_conc-Dis3_writ-Ais3_ovt-05_lvr-1+2+3_tube-F.wav
538,13,fh_tube-F,fh023_conc-E3_writ-H3_ovt-04_lvr-2_tube-F.wav,fh_tube-F/fh023_conc-E3_writ-H3_ovt-04_lvr-2_tube-F.wav,/home/itolab-1/yusei/database_chromatic-longtones/fh_tube-F/fh023_conc-E3_writ-H3_ovt-04_lvr-2_tube-F.wav
539,13,fh_tube-F,fh024_conc-E3_writ-H3_ovt-05_lvr-1+3_tube-F.wav,fh_tube-F/fh024_conc-E3_writ-H3_ovt-05_lvr-1+3_tube-F.wav,/home/itolab-1/yusei/database_chromatic-longtones/fh_tube-F/fh024_conc-E3_writ-H3_ovt-05_lvr-1+3_tube-F.wav
540,13,fh_tube-F,fh025_conc-F3_writ-C4_ovt-04_lvr-0_tube-F.wav,fh_tube-F/fh025_conc-F3_writ-C4_ovt-04_lvr-0_tube-F.wav,/home/itolab-1/yusei/database_chromatic-longtones/fh_tube-F/fh025_conc-F3_writ-C4_ovt-04_lvr-0_tube-F.wav
541,13,fh_tube-F,fh026_conc-F3_writ-C4_ovt-05_lvr-2+3_tube-F.wav,fh_tube-F/fh026_conc-F3_writ-C4_ovt-05_lvr-2+3_tube-F.wav,/home/itolab-1/yusei/database_chromatic-longtones/fh_tube-F/fh026_conc-F3_writ-C4_ovt-05_lvr-2+3_tube-F.wav
542,13,fh_tube-F,fh027_conc-Fis3_writ-Cis4_ovt-05_lvr-3_tube-F.wav,fh_tube-F/fh027_conc-Fis3_writ-Cis4_ovt-05_lvr-3_tube-F.wav,/home/itolab-1/yusei/database_chromatic-longtones/fh_tube-F/fh027_conc-Fis3_writ-Cis4_ovt-05_lvr-3_tube-F.wav
543,13,fh_tube-F,fh028_conc-Fis3_writ-Cis4_ovt-05_lvr-1+2_tube-F.wav,fh_tube-F/fh028_conc-Fis3_writ-Cis4_ovt-05_lvr-1+2_tube-F.wav,/home/itolab-1/yusei/database_chromatic-longtones/fh_tube-F/fh028_conc-Fis3_writ-Cis4_ovt-05_lvr-1+2_tube-F.wav
544,13,fh_tube-F,fh029_conc-Fis3_writ-Cis4_ovt-06_lvr-1+2+3_tube-F.wav,fh_tube-F/fh029_conc-Fis3_writ-Cis4_ovt-06_lvr-1+2+3_tube-F.wav,/home/itolab-1/yusei/database_chromatic-longtones/fh_tube-F/fh029_conc-Fis3_writ-Cis4_ovt-06_lvr-1+2+3_tube-F.wav
545,13,fh_tube-F,fh030_conc-G3_writ-D4_ovt-05_lvr-1_tube-F.wav,fh_tube-F/fh030_conc-G3_writ-D4_ovt-05_lvr-1_tube-F.wav,/home/itolab-1/yusei/database_chromatic-longtones/fh_tube-F/fh030_conc-G3_writ-D4_ovt-05_lvr-1_tube-F.wav
546,13,fh_tube-F,fh031_conc-G3_writ-D4_ovt-06_lvr-1+3_tube-F.wav,fh_tube-F/fh031_conc-G3_writ-D4_ovt-06_lvr-1+3_tube-F.wav,/home/itolab-1/yusei/database_chromatic-longtones/fh_tube-F/fh031_conc-G3_writ-D4_ovt-06_lvr-1+3_tube-F.wav
547,13,fh_tube-F,fh032_conc-Gis3_writ-Dis4_ovt-05_lvr-2_tube-F.wav,fh_tube-F/fh032_conc-Gis3_writ-Dis4_ovt-05_lvr-2_tube-F.wav,/home/itolab-1/yusei/database_chromatic-longtones/fh_tube-F/fh032_conc-Gis3_writ-Dis4_ovt-05_lvr-2_tube-F.wav
548,13,fh_tube-F,fh033_conc-As3_writ-Es4_ovt-06_lvr-2+3_tube-F.wav,fh_tube-F/fh033_conc-As3_writ-Es4_ovt-06_lvr-2+3_tube-F.wav,/home/itolab-1/yusei/database_chromatic-longtones/fh_tube-F/fh033_conc-As3_writ-Es4_ovt-06_lvr-2+3_tube-F.wav
549,13,fh_tube-F,fh034_conc-A3_writ-E4_ovt-05_lvr-0_tube-F.wav,fh_tube-F/fh034_conc-A3_writ-E4_ovt-05_lvr-0_tube-F.wav,/home/itolab-1/yusei/database_chromatic-longtones/fh_tube-F/fh034_conc-A3_writ-E4_ovt-05_lvr-0_tube-F.wav
550,13,fh_tube-F,fh035_conc-A3_writ-E4_ovt-06_lvr-1+2_tube-F.wav,fh_tube-F/fh035_conc-A3_writ-E4_ovt-06_lvr-1+2_tube-F.wav,/home/itolab-1/yusei/database_chromatic-longtones/fh_tube-F/fh035_conc-A3_writ-E4_ovt-06_lvr-1+2_tube-F.wav
551,13,fh_tube-F,fh036_conc-A3_writ-E4_ovt-06_lvr-3_tube-F.wav,fh_tube-F/fh036_conc-A3_writ-E4_ovt-06_lvr-3_tube-F.wav,/home/itolab-1/yusei/database_chromatic-longtones/fh_tube-F/fh036_conc-A3_writ-E4_ovt-06_lvr-3_tube-F.wav
552,13,fh_tube-F,fh037_conc-A3_writ-E4_ovt-07_lvr-1+2+3_tube-F.wav,fh_tube-F/fh037_conc-A3_writ-E4_ovt-07_lvr-1+2+3_tube-F.wav,/home/itolab-1/yusei/database_chromatic-longtones/fh_tube-F/fh037_conc-A3_writ-E4_ovt-07_lvr-1+2+3_tube-F.wav
553,13,fh_tube-F,fh038_conc-B3_writ-F4_ovt-06_lvr-1_tube-F.wav,fh_tube-F/fh038_conc-B3_writ-F4_ovt-06_lvr-1_tube-F.wav,/home/itolab-1/yusei/database_chromatic-longtones/fh_tube-F/fh038_conc-B3_writ-F4_ovt-06_lvr-1_tube-F.wav
554,13,fh_tube-F,fh039_conc-B3_writ-F4_ovt-07_lvr-1+3_tube-F.wav,fh_tube-F/fh039_conc-B3_writ-F4_ovt-07_lvr-1+3_tube-F.wav,/home/itolab-1/yusei/database_chromatic-longtones/fh_tube-F/fh039_conc-B3_writ-F4_ovt-07_lvr-1+3_tube-F.wav
555,13,fh_tube-F,fh040_conc-H3_writ-Fis4_ovt-06_lvr-2_tube-F.wav,fh_tube-F/fh040_conc-H3_writ-Fis4_ovt-06_lvr-2_tube-F.wav,/home/itolab-1/yusei/database_chromatic-longtones/fh_tube-F/fh040_conc-H3_writ-Fis4_ovt-06_lvr-2_tube-F.wav
556,13,fh_tube-F,fh041_conc-Ces4_writ-Ges4_ovt-07_lvr-2+3_tube-F.wav,fh_tube-F/fh041_conc-Ces4_writ-Ges4_ovt-07_lvr-2+3_tube-F.wav,/home/itolab-1/yusei/database_chromatic-longtones/fh_tube-F/fh041_conc-Ces4_writ-Ges4_ovt-07_lvr-2+3_tube-F.wav
557,13,fh_tube-F,fh042_conc-H3_writ-Fis4_ovt-08_lvr-1+2+3_tube-F.wav,fh_tube-F/fh042_conc-H3_writ-Fis4_ovt-08_lvr-1+2+3_tube-F.wav,/home/itolab-1/yusei/database_chromatic-longtones/fh_tube-F/fh042_conc-H3_writ-Fis4_ovt-08_lvr-1+2+3_tube-F.wav
558,13,fh_tube-F,fh043_conc-C4_writ-G4_ovt-06_lvr-0_tube-F.wav,fh_tube-F/fh043_conc-C4_writ-G4_ovt-06_lvr-0_tube-F.wav,/home/itolab-1/yusei/database_chromatic-longtones/fh_tube-F/fh043_conc-C4_writ-G4_ovt-06_lvr-0_tube-F.wav
559,13,fh_tube-F,fh044_conc-C4_writ-G4_ovt-07_lvr-1+2_tube-F.wav,fh_tube-F/fh044_conc-C4_writ-G4_ovt-07_lvr-1+2_tube-F.wav,/home/itolab-1/yusei/database_chromatic-longtones/fh_tube-F/fh044_conc-C4_writ-G4_ovt-07_lvr-1+2_tube-F.wav
560,13,fh_tube-F,fh045_conc-C4_writ-G4_ovt-07_lvr-3_tube-F.wav,fh_tube-F/fh045_conc-C4_writ-G4_ovt-07_lvr-3_tube-F.wav,/home/itolab-1/yusei/database_chromatic-longtones/fh_tube-F/fh045_conc-C4_writ-G4_ovt-07_lvr-3_tube-F.wav
561,13,fh_tube-F,fh046_conc-C4_writ-G4_ovt-08_lvr-1+3_tube-F.wav,fh_tube-F/fh046_conc-C4_writ-G4_ovt-08_lvr-1+3_tube-F.wav,/home/itolab-1/yusei/database_chromatic-longtones/fh_tube-F/fh046_conc-C4_writ-G4_ovt-08_lvr-1+3_tube-F.wav
562,13,fh_tube-F,fh047_conc-Des4_writ-As4_ovt-07_lvr-1_tube-F.wav,fh_tube-F/fh047_conc-Des4_writ-As4_ovt-07_lvr-1_tube-F.wav,/home/itolab-1/yusei/database_chromatic-longtones/fh_tube-F/fh047_conc-Des4_writ-As4_ovt-07_lvr-1_tube-F.wav
563,13,fh_tube-F,fh048_conc-Des4_writ-As4_ovt-08_lvr-2+3_tube-F.wav,fh_tube-F/fh048_conc-Des4_writ-As4_ovt-08_lvr-2+3_tube-F.wav,/home/itolab-1/yusei/database_chromatic-longtones/fh_tube-F/fh048_conc-Des4_writ-As4_ovt-08_lvr-2+3_tube-F.wav
564,13,fh_tube-F,fh049_conc-Cis4_writ-Gis4_ovt-09_lvr-1+2+3_tube-F.wav,fh_tube-F/fh049_conc-Cis4_writ-Gis4_ovt-09_lvr-1+2+3_tube-F.wav,/home/itolab-1/yusei/database_chromatic-longtones/fh_tube-F/fh049_conc-Cis4_writ-Gis4_ovt-09_lvr-1+2+3_tube-F.wav
565,13,fh_tube-F,fh050_conc-D4_writ-A4_ovt-07_lvr-2_tube-F.wav,fh_tube-F/fh050_conc-D4_writ-A4_ovt-07_lvr-2_tube-F.wav,/home/itolab-1/yusei/database_chromatic-longtones/fh_tube-F/fh050_conc-D4_writ-A4_ovt-07_lvr-2_tube-F.wav
566,13,fh_tube-F,fh051_conc-D4_writ-A4_ovt-08_lvr-1+2_tube-F.wav,fh_tube-F/fh051_conc-D4_writ-A4_ovt-08_lvr-1+2_tube-F.wav,/home/itolab-1/yusei/database_chromatic-longtones/fh_tube-F/fh051_conc-D4_writ-A4_ovt-08_lvr-1+2_tube-F.wav
567,13,fh_tube-F,fh052_conc-D4_writ-A4_ovt-08_lvr-3_tube-F.wav,fh_tube-F/fh052_conc-D4_writ-A4_ovt-08_lvr-3_tube-F.wav,/home/itolab-1/yusei/database_chromatic-longtones/fh_tube-F/fh052_conc-D4_writ-A4_ovt-08_lvr-3_tube-F.wav
568,13,fh_tube-F,fh053_conc-D4_writ-A4_ovt-09_lvr-1+3_tube-F.wav,fh_tube-F/fh053_conc-D4_writ-A4_ovt-09_lvr-1+3_tube-F.wav,/home/itolab-1/yusei/database_chromatic-longtones/fh_tube-F/fh053_conc-D4_writ-A4_ovt-09_lvr-1+3_tube-F.wav
569,13,fh_tube-F,fh054_conc-Es4_writ-B4_ovt-07_lvr-0_tube-F.wav,fh_tube-F/fh054_conc-Es4_writ-B4_ovt-07_lvr-0_tube-F.wav,/home/itolab-1/yusei/database_chromatic-longtones/fh_tube-F/fh054_conc-Es4_writ-B4_ovt-07_lvr-0_tube-F.wav
570,13,fh_tube-F,fh055_conc-Es4_writ-B4_ovt-08_lvr-1_tube-F.wav,fh_tube-F/fh055_conc-Es4_writ-B4_ovt-08_lvr-1_tube-F.wav,/home/itolab-1/yusei/database_chromatic-longtones/fh_tube-F/fh055_conc-Es4_writ-B4_ovt-08_lvr-1_tube-F.wav
571,13,fh_tube-F,fh056_conc-Es4_writ-B4_ovt-09_lvr-2+3_tube-F.wav,fh_tube-F/fh056_conc-Es4_writ-B4_ovt-09_lvr-2+3_tube-F.wav,/home/itolab-1/yusei/database_chromatic-longtones/fh_tube-F/fh056_conc-Es4_writ-B4_ovt-09_lvr-2+3_tube-F.wav
572,13,fh_tube-F,fh057_conc-Dis4_writ-Ais4_ovt-10_lvr-1+2+3_tube-F.wav,fh_tube-F/fh057_conc-Dis4_writ-Ais4_ovt-10_lvr-1+2+3_tube-F.wav,/home/itolab-1/yusei/database_chromatic-longtones/fh_tube-F/fh057_conc-Dis4_writ-Ais4_ovt-10_lvr-1+2+3_tube-F.wav
573,13,fh_tube-F,fh058_conc-E4_writ-H4_ovt-08_lvr-2_tube-F.wav,fh_tube-F/fh058_conc-E4_writ-H4_ovt-08_lvr-2_tube-F.wav,/home/itolab-1/yusei/database_chromatic-longtones/fh_tube-F/fh058_conc-E4_writ-H4_ovt-08_lvr-2_tube-F.wav
574,13,fh_tube-F,fh059_conc-E4_writ-H4_ovt-09_lvr-1+2_tube-F.wav,fh_tube-F/fh059_conc-E4_writ-H4_ovt-09_lvr-1+2_tube-F.wav,/home/itolab-1/yusei/database_chromatic-longtones/fh_tube-F/fh059_conc-E4_writ-H4_ovt-09_lvr-1+2_tube-F.wav
575,13,fh_tube-F,fh060_conc-E4_writ-H4_ovt-09_lvr-3_tube-F.wav,fh_tube-F/fh060_conc-E4_writ-H4_ovt-09_lvr-3_tube-F.wav,/home/itolab-1/yusei/database_chromatic-longtones/fh_tube-F/fh060_conc-E4_writ-H4_ovt-09_lvr-3_tube-F.wav
576,13,fh_tube-F,fh061_conc-E4_writ-H4_ovt-10_lvr-1+3_tube-F.wav,fh_tube-F/fh061_conc-E4_writ-H4_ovt-10_lvr-1+3_tube-F.wav,/home/itolab-1/yusei/database_chromatic-longtones/fh_tube-F/fh061_conc-E4_writ-H4_ovt-10_lvr-1+3_tube-F.wav
577,13,fh_tube-F,fh062_conc-F4_writ-C5_ovt-08_lvr-0_tube-F.wav,fh_tube-F/fh062_conc-F4_writ-C5_ovt-08_lvr-0_tube-F.wav,/home/itolab-1/yusei/database_chromatic-longtones/fh_tube-F/fh062_conc-F4_writ-C5_ovt-08_lvr-0_tube-F.wav
578,13,fh_tube-F,fh063_conc-F4_writ-C5_ovt-09_lvr-1_tube-F.wav,fh_tube-F/fh063_conc-F4_writ-C5_ovt-09_lvr-1_tube-F.wav,/home/itolab-1/yusei/database_chromatic-longtones/fh_tube-F/fh063_conc-F4_writ-C5_ovt-09_lvr-1_tube-F.wav
579,13,fh_tube-F,fh064_conc-F4_writ-C5_ovt-10_lvr-2+3_tube-F.wav,fh_tube-F/fh064_conc-F4_writ-C5_ovt-10_lvr-2+3_tube-F.wav,/home/itolab-1/yusei/database_chromatic-longtones/fh_tube-F/fh064_conc-F4_writ-C5_ovt-10_lvr-2+3_tube-F.wav
580,13,fh_tube-F,fh065_conc-Fis4_writ-Cis5_ovt-09_lvr-2_tube-F.wav,fh_tube-F/fh065_conc-Fis4_writ-Cis5_ovt-09_lvr-2_tube-F.wav,/home/itolab-1/yusei/database_chromatic-longtones/fh_tube-F/fh065_conc-Fis4_writ-Cis5_ovt-09_lvr-2_tube-F.wav
581,13,fh_tube-F,fh066_conc-Fis4_writ-Cis5_ovt-10_lvr-1+2_tube-F.wav,fh_tube-F/fh066_conc-Fis4_writ-Cis5_ovt-10_lvr-1+2_tube-F.wav,/home/itolab-1/yusei/database_chromatic-longtones/fh_tube-F/fh066_conc-Fis4_writ-Cis5_ovt-10_lvr-1+2_tube-F.wav
582,13,fh_tube-F,fh067_conc-Fis4_writ-Cis5_ovt-10_lvr-3_tube-F.wav,fh_tube-F/fh067_conc-Fis4_writ-Cis5_ovt-10_lvr-3_tube-F.wav,/home/itolab-1/yusei/database_chromatic-longtones/fh_tube-F/fh067_conc-Fis4_writ-Cis5_ovt-10_lvr-3_tube-F.wav
583,13,fh_tube-F,fh068_conc-Fis4_writ-Cis5_ovt-12_lvr-1+2+3_tube-F.wav,fh_tube-F/fh068_conc-Fis4_writ-Cis5_ovt-12_lvr-1+2+3_tube-F.wav,/home/itolab-1/yusei/database_chromatic-longtones/fh_tube-F/fh068_conc-Fis4_writ-Cis5_ovt-12_lvr-1+2+3_tube-F.wav
584,13,fh_tube-F,fh069_conc-G4_writ-D5_ovt-09_lvr-0_tube-F.wav,fh_tube-F/fh069_conc-G4_writ-D5_ovt-09_lvr-0_tube-F.wav,/home/itolab-1/yusei/database_chromatic-longtones/fh_tube-F/fh069_conc-G4_writ-D5_ovt-09_lvr-0_tube-F.wav
585,13,fh_tube-F,fh070_conc-G4_writ-D5_ovt-10_lvr-1_tube-F.wav,fh_tube-F/fh070_conc-G4_writ-D5_ovt-10_lvr-1_tube-F.wav,/home/itolab-1/yusei/database_chromatic-longtones/fh_tube-F/fh070_conc-G4_writ-D5_ovt-10_lvr-1_tube-F.wav
586,13,fh_tube-F,fh071_conc-G4_writ-D5_ovt-12_lvr-1+3_tube-F.wav,fh_tube-F/fh071_conc-G4_writ-D5_ovt-12_lvr-1+3_tube-F.wav,/home/itolab-1/yusei/database_chromatic-longtones/fh_tube-F/fh071_conc-G4_writ-D5_ovt-12_lvr-1+3_tube-F.wav
587,13,fh_tube-F,fh072_conc-Gis4_writ-Dis5_ovt-10_lvr-2_tube-F.wav,fh_tube-F/fh072_conc-Gis4_writ-Dis5_ovt-10_lvr-2_tube-F.wav,/home/itolab-1/yusei/database_chromatic-longtones/fh_tube-F/fh072_conc-Gis4_writ-Dis5_ovt-10_lvr-2_tube-F.wav
588,13,fh_tube-F,fh073_conc-As4_writ-Es5_ovt-12_lvr-2+3_tube-F.wav,fh_tube-F/fh073_conc-As4_writ-Es5_ovt-12_lvr-2+3_tube-F.wav,/home/itolab-1/yusei/database_chromatic-longtones/fh_tube-F/fh073_conc-As4_writ-Es5_ovt-12_lvr-2+3_tube-F.wav
589,13,fh_tube-F,fh074_conc-A4_writ-E5_ovt-10_lvr-0_tube-F.wav,fh_tube-F/fh074_conc-A4_writ-E5_ovt-10_lvr-0_tube-F.wav,/home/itolab-1/yusei/database_chromatic-longtones/fh_tube-F/fh074_conc-A4_writ-E5_ovt-10_lvr-0_tube-F.wav
590,13,fh_tube-F,fh075_conc-A4_writ-E5_ovt-12_lvr-1+2_tube-F.wav,fh_tube-F/fh075_conc-A4_writ-E5_ovt-12_lvr-1+2_tube-F.wav,/home/itolab-1/yusei/database_chromatic-longtones/fh_tube-F/fh075_conc-A4_writ-E5_ovt-12_lvr-1+2_tube-F.wav
591,13,fh_tube-F,fh076_conc-A4_writ-E5_ovt-12_lvr-3_tube-F.wav,fh_tube-F/fh076_conc-A4_writ-E5_ovt-12_lvr-3_tube-F.wav,/home/itolab-1/yusei/database_chromatic-longtones/fh_tube-F/fh076_conc-A4_writ-E5_ovt-12_lvr-3_tube-F.wav
592,13,fh_tube-F,fh077_conc-B4_writ-F5_ovt-12_lvr-1_tube-F.wav,fh_tube-F/fh077_conc-B4_writ-F5_ovt-12_lvr-1_tube-F.wav,/home/itolab-1/yusei/database_chromatic-longtones/fh_tube-F/fh077_conc-B4_writ-F5_ovt-12_lvr-1_tube-F.wav
593,13,fh_tube-F,fh078_conc-H4_writ-Fis5_ovt-11_lvr-0_tube-F.wav,fh_tube-F/fh078_conc-H4_writ-Fis5_ovt-11_lvr-0_tube-F.wav,/home/itolab-1/yusei/database_chromatic-longtones/fh_tube-F/fh078_conc-H4_writ-Fis5_ovt-11_lvr-0_tube-F.wav
594,13,fh_tube-F,fh079_conc-H4_writ-Fis5_ovt-12_lvr-1_tube-F.wav,fh_tube-F/fh079_conc-H4_writ-Fis5_ovt-12_lvr-1_tube-F.wav,/home/itolab-1/yusei/database_chromatic-longtones/fh_tube-F/fh079_conc-H4_writ-Fis5_ovt-12_lvr-1_tube-F.wav
595,13,fh_tube-F,fh080_conc-C5_writ-G5_ovt-12_lvr-0_tube-F.wav,fh_tube-F/fh080_conc-C5_writ-G5_ovt-12_lvr-0_tube-F.wav,/home/itolab-1/yusei/database_chromatic-longtones/fh_tube-F/fh080_conc-C5_writ-G5_ovt-12_lvr-0_tube-F.wav
596,13,fh_tube-F,fh081_conc-Des5_writ-As5_ovt-13_lvr-0_tube-F.wav,fh_tube-F/fh081_conc-Des5_writ-As5_ovt-13_lvr-0_tube-F.wav,/home/itolab-1/yusei/database_chromatic-longtones/fh_tube-F/fh081_conc-Des5_writ-As5_ovt-13_lvr-0_tube-F.wav
597,13,fh_tube-F,fh082_conc-D5_writ-A5_ovt-14_lvr-2_tube-F.wav,fh_tube-F/fh082_conc-D5_writ-A5_ovt-14_lvr-2_tube-F.wav,/home/itolab-1/yusei/database_chromatic-longtones/fh_tube-F/fh082_conc-D5_writ-A5_ovt-14_lvr-2_tube-F.wav
598,13,fh_tube-F,fh083_conc-Es5_writ-B5_ovt-14_lvr-0_tube-F.wav,fh_tube-F/fh083_conc-Es5_writ-B5_ovt-14_lvr-0_tube-F.wav,/home/itolab-1/yusei/database_chromatic-longtones/fh_tube-F/fh083_conc-Es5_writ-B5_ovt-14_lvr-0_tube-F.wav
599,13,fh_tube-F,fh084_conc-E5_writ-H5_ovt-15_lvr-0_tube-F.wav,fh_tube-F/fh084_conc-E5_writ-H5_ovt-15_lvr-0_tube-F.wav,/home/itolab-1/yusei/database_chromatic-longtones/fh_tube-F/fh084_conc-E5_writ-H5_ovt-15_lvr-0_tube-F.wav
600,13,fh_tube-F,fh085_conc-F5_writ-C6_ovt-16_lvr-0_tube-F.wav,fh_tube-F/fh085_conc-F5_writ-C6_ovt-16_lvr-0_tube-F.wav,/home/itolab-1/yusei/database_chromatic-longtones/fh_tube-F/fh085_conc-F5_writ-C6_ovt-16_lvr-0_tube-F.wav
601,14,fh_tube-B,fh000_conc-B1_writ-F2_ovt-01_lvr-0_tube-B.wav,fh_tube-B/fh000_conc-B1_writ-F2_ovt-01_lvr-0_tube-B.wav,/home/itolab-1/yusei/database_chromatic-longtones/fh_tube-B/fh000_conc-B1_writ-F2_ovt-01_lvr-0_tube-B.wav
602,14,fh_tube-B,fh001_conc-B2_writ-F3_ovt-02_lvr-0_tube-B.wav,fh_tube-B/fh001_conc-B2_writ-F3_ovt-02_lvr-0_tube-B.wav,/home/itolab-1/yusei/database_chromatic-longtones/fh_tube-B/fh001_conc-B2_writ-F3_ovt-02_lvr-0_tube-B.wav
603,14,fh_tube-B,fh002_conc-F3_writ-C4_ovt-03_lvr-0_tube-B.wav,fh_tube-B/fh002_conc-F3_writ-C4_ovt-03_lvr-0_tube-B.wav,/home/itolab-1/yusei/database_chromatic-longtones/fh_tube-B/fh002_conc-F3_writ-C4_ovt-03_lvr-0_tube-B.wav
604,14,fh_tube-B,fh003_conc-B3_writ-F4_ovt-04_lvr-0_tube-B.wav,fh_tube-B/fh003_conc-B3_writ-F4_ovt-04_lvr-0_tube-B.wav,/home/itolab-1/yusei/database_chromatic-longtones/fh_tube-B/fh003_conc-B3_writ-F4_ovt-04_lvr-0_tube-B.wav
605,14,fh_tube-B,fh004_conc-D4_writ-A4_ovt-05_lvr-0_tube-B.wav,fh_tube-B/fh004_conc-D4_writ-A4_ovt-05_lvr-0_tube-B.wav,/home/itolab-1/yusei/database_chromatic-longtones/fh_tube-B/fh004_conc-D4_writ-A4_ovt-05_lvr-0_tube-B.wav
606,14,fh_tube-B,fh005_conc-F4_writ-C5_ovt-06_lvr-0_tube-B.wav,fh_tube-B/fh005_conc-F4_writ-C5_ovt-06_lvr-0_tube-B.wav,/home/itolab-1/yusei/database_chromatic-longtones/fh_tube-B/fh005_conc-F4_writ-C5_ovt-06_lvr-0_tube-B.wav
607,14,fh_tube-B,fh006_conc-As4_writ-Es5_ovt-07_lvr-0_tube-B.wav,fh_tube-B/fh006_conc-As4_writ-Es5_ovt-07_lvr-0_tube-B.wav,/home/itolab-1/yusei/database_chromatic-longtones/fh_tube-B/fh006_conc-As4_writ-Es5_ovt-07_lvr-0_tube-B.wav
608,14,fh_tube-B,fh007_conc-B4_writ-F5_ovt-08_lvr-0_tube-B.wav,fh_tube-B/fh007_conc-B4_writ-F5_ovt-08_lvr-0_tube-B.wav,/home/itolab-1/yusei/database_chromatic-longtones/fh_tube-B/fh007_conc-B4_writ-F5_ovt-08_lvr-0_tube-B.wav
609,14,fh_tube-B,fh008_conc-C5_writ-G5_ovt-09_lvr-0_tube-B.wav,fh_tube-B/fh008_conc-C5_writ-G5_ovt-09_lvr-0_tube-B.wav,/home/itolab-1/yusei/database_chromatic-longtones/fh_tube-B/fh008_conc-C5_writ-G5_ovt-09_lvr-0_tube-B.wav
610,14,fh_tube-B,fh009_conc-D5_writ-A5_ovt-10_lvr-0_tube-B.wav,fh_tube-B/fh009_conc-D5_writ-A5_ovt-10_lvr-0_tube-B.wav,/home/itolab-1/yusei/database_chromatic-longtones/fh_tube-B/fh009_conc-D5_writ-A5_ovt-10_lvr-0_tube-B.wav
611,14,fh_tube-B,fh010_conc-F5_writ-C6_ovt-12_lvr-0_tube-B.wav,fh_tube-B/fh010_conc-F5_writ-C6_ovt-12_lvr-0_tube-B.wav,/home/itolab-1/yusei/database_chromatic-longtones/fh_tube-B/fh010_conc-F5_writ-C6_ovt-12_lvr-0_tube-B.wav
612,15,basstrb,basstrb000_E1_ovt-01_pos-VII.wav,basstrb/basstrb000_E1_ovt-01_pos-VII.wav,/home/itolab-1/yusei/database_chromatic-longtones/basstrb/basstrb000_E1_ovt-01_pos-VII.wav
613,15,basstrb,basstrb001_F1_ovt-01_pos-VI.wav,basstrb/basstrb001_F1_ovt-01_pos-VI.wav,/home/itolab-1/yusei/database_chromatic-longtones/basstrb/basstrb001_F1_ovt-01_pos-VI.wav
614,15,basstrb,basstrb002_Fis1_ovt-01_pos-V.wav,basstrb/basstrb002_Fis1_ovt-01_pos-V.wav,/home/itolab-1/yusei/database_chromatic-longtones/basstrb/basstrb002_Fis1_ovt-01_pos-V.wav
615,15,basstrb,basstrb003_G1_ovt-01_pos-IV.wav,basstrb/basstrb003_G1_ovt-01_pos-IV.wav,/home/itolab-1/yusei/database_chromatic-longtones/basstrb/basstrb003_G1_ovt-01_pos-IV.wav
616,15,basstrb,basstrb004_As1_ovt-01_pos-III.wav,basstrb/basstrb004_As1_ovt-01_pos-III.wav,/home/itolab-1/yusei/database_chromatic-longtones/basstrb/basstrb004_As1_ovt-01_pos-III.wav
617,15,basstrb,basstrb005_A1_ovt-01_pos-II.wav,basstrb/basstrb005_A1_ovt-01_pos-II.wav,/home/itolab-1/yusei/database_chromatic-longtones/basstrb/basstrb005_A1_ovt-01_pos-II.wav
618,15,basstrb,basstrb006_B1_ovt-01_pos-I.wav,basstrb/basstrb006_B1_ovt-01_pos-I.wav,/home/itolab-1/yusei/database_chromatic-longtones/basstrb/basstrb006_B1_ovt-01_pos-I.wav
619,15,basstrb,basstrb007_E2_ovt-02_pos-VII.wav,basstrb/basstrb007_E2_ovt-02_pos-VII.wav,/home/itolab-1/yusei/database_chromatic-longtones/basstrb/basstrb007_E2_ovt-02_pos-VII.wav
620,15,basstrb,basstrb008_F2_ovt-02_pos-VI.wav,basstrb/basstrb008_F2_ovt-02_pos-VI.wav,/home/itolab-1/yusei/database_chromatic-longtones/basstrb/basstrb008_F2_ovt-02_pos-VI.wav
621,15,basstrb,basstrb009_Fis2_ovt-02_pos-V.wav,basstrb/basstrb009_Fis2_ovt-02_pos-V.wav,/home/itolab-1/yusei/database_chromatic-longtones/basstrb/basstrb009_Fis2_ovt-02_pos-V.wav
622,15,basstrb,basstrb010_G2_ovt-02_pos-IV.wav,basstrb/basstrb010_G2_ovt-02_pos-IV.wav,/home/itolab-1/yusei/database_chromatic-longtones/basstrb/basstrb010_G2_ovt-02_pos-IV.wav
623,15,basstrb,basstrb011_As2_ovt-02_pos-III.wav,basstrb/basstrb011_As2_ovt-02_pos-III.wav,/home/itolab-1/yusei/database_chromatic-longtones/basstrb/basstrb011_As2_ovt-02_pos-III.wav
624,15,basstrb,basstrb012_A2_ovt-02_pos-II.wav,basstrb/basstrb012_A2_ovt-02_pos-II.wav,/home/itolab-1/yusei/database_chromatic-longtones/basstrb/basstrb012_A2_ovt-02_pos-II.wav
625,15,basstrb,basstrb013_B2_ovt-02_pos-I.wav,basstrb/basstrb013_B2_ovt-02_pos-I.wav,/home/itolab-1/yusei/database_chromatic-longtones/basstrb/basstrb013_B2_ovt-02_pos-I.wav
626,15,basstrb,basstrb014_H2_ovt-03_pos-VII.wav,basstrb/basstrb014_H2_ovt-03_pos-VII.wav,/home/itolab-1/yusei/database_chromatic-longtones/basstrb/basstrb014_H2_ovt-03_pos-VII.wav
627,15,basstrb,basstrb015_C3_ovt-03_pos-VI.wav,basstrb/basstrb015_C3_ovt-03_pos-VI.wav,/home/itolab-1/yusei/database_chromatic-longtones/basstrb/basstrb015_C3_ovt-03_pos-VI.wav
628,15,basstrb,basstrb016_Cis3_ovt-03_pos-V.wav,basstrb/basstrb016_Cis3_ovt-03_pos-V.wav,/home/itolab-1/yusei/database_chromatic-longtones/basstrb/basstrb016_Cis3_ovt-03_pos-V.wav
629,15,basstrb,basstrb017_D3_ovt-03_pos-IV.wav,basstrb/basstrb017_D3_ovt-03_pos-IV.wav,/home/itolab-1/yusei/database_chromatic-longtones/basstrb/basstrb017_D3_ovt-03_pos-IV.wav
630,15,basstrb,basstrb018_Es3_ovt-03_pos-III.wav,basstrb/basstrb018_Es3_ovt-03_pos-III.wav,/home/itolab-1/yusei/database_chromatic-longtones/basstrb/basstrb018_Es3_ovt-03_pos-III.wav
631,15,basstrb,basstrb019_E3_ovt-03_pos-II.wav,basstrb/basstrb019_E3_ovt-03_pos-II.wav,/home/itolab-1/yusei/database_chromatic-longtones/basstrb/basstrb019_E3_ovt-03_pos-II.wav
632,15,basstrb,basstrb020_E3_ovt-04_pos-VII.wav,basstrb/basstrb020_E3_ovt-04_pos-VII.wav,/home/itolab-1/yusei/database_chromatic-longtones/basstrb/basstrb020_E3_ovt-04_pos-VII.wav
633,15,basstrb,basstrb021_F3_ovt-03_pos-I.wav,basstrb/basstrb021_F3_ovt-03_pos-I.wav,/home/itolab-1/yusei/database_chromatic-longtones/basstrb/basstrb021_F3_ovt-03_pos-I.wav
634,15,basstrb,basstrb022_F3_ovt-04_pos-VI.wav,basstrb/basstrb022_F3_ovt-04_pos-VI.wav,/home/itolab-1/yusei/database_chromatic-longtones/basstrb/basstrb022_F3_ovt-04_pos-VI.wav
635,15,basstrb,basstrb023_Fis3_ovt-04_pos-V.wav,basstrb/basstrb023_Fis3_ovt-04_pos-V.wav,/home/itolab-1/yusei/database_chromatic-longtones/basstrb/basstrb023_Fis3_ovt-04_pos-V.wav
636,15,basstrb,basstrb024_G3_ovt-04_pos-IV.wav,basstrb/basstrb024_G3_ovt-04_pos-IV.wav,/home/itolab-1/yusei/database_chromatic-longtones/basstrb/basstrb024_G3_ovt-04_pos-IV.wav
637,15,basstrb,basstrb025_As3_ovt-04_pos-III.wav,basstrb/basstrb025_As3_ovt-04_pos-III.wav,/home/itolab-1/yusei/database_chromatic-longtones/basstrb/basstrb025_As3_ovt-04_pos-III.wav
638,15,basstrb,basstrb026_Gis3_ovt-05_pos-VII.wav,basstrb/basstrb026_Gis3_ovt-05_pos-VII.wav,/home/itolab-1/yusei/database_chromatic-longtones/basstrb/basstrb026_Gis3_ovt-05_pos-VII.wav
639,15,basstrb,basstrb027_A3_ovt-04_pos-II.wav,basstrb/basstrb027_A3_ovt-04_pos-II.wav,/home/itolab-1/yusei/database_chromatic-longtones/basstrb/basstrb027_A3_ovt-04_pos-II.wav
640,15,basstrb,basstrb028_A3_ovt-05_pos-VI.wav,basstrb/basstrb028_A3_ovt-05_pos-VI.wav,/home/itolab-1/yusei/database_chromatic-longtones/basstrb/basstrb028_A3_ovt-05_pos-VI.wav
641,15,basstrb,basstrb029_B3_ovt-04_pos-I.wav,basstrb/basstrb029_B3_ovt-04_pos-I.wav,/home/itolab-1/yusei/database_chromatic-longtones/basstrb/basstrb029_B3_ovt-04_pos-I.wav
642,15,basstrb,basstrb030_Ais3_ovt-05_pos-V.wav,basstrb/basstrb030_Ais3_ovt-05_pos-V.wav,/home/itolab-1/yusei/database_chromatic-longtones/basstrb/basstrb030_Ais3_ovt-05_pos-V.wav
643,15,basstrb,basstrb031_H3_ovt-05_pos-IV.wav,basstrb/basstrb031_H3_ovt-05_pos-IV.wav,/home/itolab-1/yusei/database_chromatic-longtones/basstrb/basstrb031_H3_ovt-05_pos-IV.wav
644,15,basstrb,basstrb032_H3_ovt-06_pos-VII.wav,basstrb/basstrb032_H3_ovt-06_pos-VII.wav,/home/itolab-1/yusei/database_chromatic-longtones/basstrb/basstrb032_H3_ovt-06_pos-VII.wav
645,15,basstrb,basstrb033_C4_ovt-05_pos-III.wav,basstrb/basstrb033_C4_ovt-05_pos-III.wav,/home/itolab-1/yusei/database_chromatic-longtones/basstrb/basstrb033_C4_ovt-05_pos-III.wav
646,15,basstrb,basstrb034_C4_ovt-06_pos-VI.wav,basstrb/basstrb034_C4_ovt-06_pos-VI.wav,/home/itolab-1/yusei/database_chromatic-longtones/basstrb/basstrb034_C4_ovt-06_pos-VI.wav
647,15,basstrb,basstrb035_Cis4_ovt-05_pos-II.wav,basstrb/basstrb035_Cis4_ovt-05_pos-II.wav,/home/itolab-1/yusei/database_chromatic-longtones/basstrb/basstrb035_Cis4_ovt-05_pos-II.wav
648,15,basstrb,basstrb036_Cis4_ovt-06_pos-V.wav,basstrb/basstrb036_Cis4_ovt-06_pos-V.wav,/home/itolab-1/yusei/database_chromatic-longtones/basstrb/basstrb036_Cis4_ovt-06_pos-V.wav
649,15,basstrb,basstrb037_D4_ovt-05_pos-I.wav,basstrb/basstrb037_D4_ovt-05_pos-I.wav,/home/itolab-1/yusei/database_chromatic-longtones/basstrb/basstrb037_D4_ovt-05_pos-I.wav
650,15,basstrb,basstrb038_D4_ovt-06_pos-IV.wav,basstrb/basstrb038_D4_ovt-06_pos-IV.wav,/home/itolab-1/yusei/database_chromatic-longtones/basstrb/basstrb038_D4_ovt-06_pos-IV.wav
651,15,basstrb,basstrb039_D4_ovt-07_pos-VII.wav,basstrb/basstrb039_D4_ovt-07_pos-VII.wav,/home/itolab-1/yusei/database_chromatic-longtones/basstrb/basstrb039_D4_ovt-07_pos-VII.wav
652,15,basstrb,basstrb040_Es4_ovt-06_pos-III.wav,basstrb/basstrb040_Es4_ovt-06_pos-III.wav,/home/itolab-1/yusei/database_chromatic-longtones/basstrb/basstrb040_Es4_ovt-06_pos-III.wav
653,15,basstrb,basstrb041_Es4_ovt-07_pos-VI.wav,basstrb/basstrb041_Es4_ovt-07_pos-VI.wav,/home/itolab-1/yusei/database_chromatic-longtones/basstrb/basstrb041_Es4_ovt-07_pos-VI.wav
654,15,basstrb,basstrb042_E4_ovt-06_pos-II.wav,basstrb/basstrb042_E4_ovt-06_pos-II.wav,/home/itolab-1/yusei/database_chromatic-longtones/basstrb/basstrb042_E4_ovt-06_pos-II.wav
655,15,basstrb,basstrb043_E4_ovt-07_pos-V.wav,basstrb/basstrb043_E4_ovt-07_pos-V.wav,/home/itolab-1/yusei/database_chromatic-longtones/basstrb/basstrb043_E4_ovt-07_pos-V.wav
656,15,basstrb,basstrb044_E4_ovt-08_pos-VII.wav,basstrb/basstrb044_E4_ovt-08_pos-VII.wav,/home/itolab-1/yusei/database_chromatic-longtones/basstrb/basstrb044_E4_ovt-08_pos-VII.wav
657,15,basstrb,basstrb045_F4_ovt-06_pos-I.wav,basstrb/basstrb045_F4_ovt-06_pos-I.wav,/home/itolab-1/yusei/database_chromatic-longtones/basstrb/basstrb045_F4_ovt-06_pos-I.wav
658,15,basstrb,basstrb046_F4_ovt-07_pos-IV.wav,basstrb/basstrb046_F4_ovt-07_pos-IV.wav,/home/itolab-1/yusei/database_chromatic-longtones/basstrb/basstrb046_F4_ovt-07_pos-IV.wav
659,15,basstrb,basstrb047_F4_ovt-08_pos-VI.wav,basstrb/basstrb047_F4_ovt-08_pos-VI.wav,/home/itolab-1/yusei/database_chromatic-longtones/basstrb/basstrb047_F4_ovt-08_pos-VI.wav
660,15,basstrb,basstrb048_Ges4_ovt-07_pos-III.wav,basstrb/basstrb048_Ges4_ovt-07_pos-III.wav,/home/itolab-1/yusei/database_chromatic-longtones/basstrb/basstrb048_Ges4_ovt-07_pos-III.wav
661,15,basstrb,basstrb049_Fis4_ovt-08_pos-V.wav,basstrb/basstrb049_Fis4_ovt-08_pos-V.wav,/home/itolab-1/yusei/database_chromatic-longtones/basstrb/basstrb049_Fis4_ovt-08_pos-V.wav
662,15,basstrb,basstrb050_G4_ovt-07_pos-II.wav,basstrb/basstrb050_G4_ovt-07_pos-II.wav,/home/itolab-1/yusei/database_chromatic-longtones/basstrb/basstrb050_G4_ovt-07_pos-II.wav
663,15,basstrb,basstrb051_G4_ovt-08_pos-IV.wav,basstrb/basstrb051_G4_ovt-08_pos-IV.wav,/home/itolab-1/yusei/database_chromatic-longtones/basstrb/basstrb051_G4_ovt-08_pos-IV.wav
664,15,basstrb,basstrb052_As4_ovt-07_pos-I.wav,basstrb/basstrb052_As4_ovt-07_pos-I.wav,/home/itolab-1/yusei/database_chromatic-longtones/basstrb/basstrb052_As4_ovt-07_pos-I.wav
665,15,basstrb,basstrb053_As4_ovt-08_pos-III.wav,basstrb/basstrb053_As4_ovt-08_pos-III.wav,/home/itolab-1/yusei/database_chromatic-longtones/basstrb/basstrb053_As4_ovt-08_pos-III.wav
666,15,basstrb,basstrb054_A4_ovt-08_pos-II.wav,basstrb/basstrb054_A4_ovt-08_pos-II.wav,/home/itolab-1/yusei/database_chromatic-longtones/basstrb/basstrb054_A4_ovt-08_pos-II.wav
667,15,basstrb,basstrb055_B4_ovt-08_pos-I.wav,basstrb/basstrb055_B4_ovt-08_pos-I.wav,/home/itolab-1/yusei/database_chromatic-longtones/basstrb/basstrb055_B4_ovt-08_pos-I.wav
668,16,basstrb_mute-straight,basstrb000_E1_ovt-01_pos-VII_mute-straight.wav,basstrb_mute-straight/basstrb000_E1_ovt-01_pos-VII_mute-straight.wav,/home/itolab-1/yusei/database_chromatic-longtones/basstrb_mute-straight/basstrb000_E1_ovt-01_pos-VII_mute-straight.wav
669,16,basstrb_mute-straight,basstrb001_F1_ovt-01_pos-VI_mute-straight.wav,basstrb_mute-straight/basstrb001_F1_ovt-01_pos-VI_mute-straight.wav,/home/itolab-1/yusei/database_chromatic-longtones/basstrb_mute-straight/basstrb001_F1_ovt-01_pos-VI_mute-straight.wav
670,16,basstrb_mute-straight,basstrb002_Fis1_ovt-01_pos-V_mute-straight.wav,basstrb_mute-straight/basstrb002_Fis1_ovt-01_pos-V_mute-straight.wav,/home/itolab-1/yusei/database_chromatic-longtones/basstrb_mute-straight/basstrb002_Fis1_ovt-01_pos-V_mute-straight.wav
671,16,basstrb_mute-straight,basstrb003_G1_ovt-01_pos-IV_mute-straight.wav,basstrb_mute-straight/basstrb003_G1_ovt-01_pos-IV_mute-straight.wav,/home/itolab-1/yusei/database_chromatic-longtones/basstrb_mute-straight/basstrb003_G1_ovt-01_pos-IV_mute-straight.wav
672,16,basstrb_mute-straight,basstrb004_As1_ovt-01_pos-III_mute-straight.wav,basstrb_mute-straight/basstrb004_As1_ovt-01_pos-III_mute-straight.wav,/home/itolab-1/yusei/database_chromatic-longtones/basstrb_mute-straight/basstrb004_As1_ovt-01_pos-III_mute-straight.wav
673,16,basstrb_mute-straight,basstrb005_A1_ovt-01_pos-II_mute-straight.wav,basstrb_mute-straight/basstrb005_A1_ovt-01_pos-II_mute-straight.wav,/home/itolab-1/yusei/database_chromatic-longtones/basstrb_mute-straight/basstrb005_A1_ovt-01_pos-II_mute-straight.wav
674,16,basstrb_mute-straight,basstrb006_B1_ovt-01_pos-I_mute-straight.wav,basstrb_mute-straight/basstrb006_B1_ovt-01_pos-I_mute-straight.wav,/home/itolab-1/yusei/database_chromatic-longtones/basstrb_mute-straight/basstrb006_B1_ovt-01_pos-I_mute-straight.wav
675,16,basstrb_mute-straight,basstrb007_E2_ovt-02_pos-VII_mute-straight.wav,basstrb_mute-straight/basstrb007_E2_ovt-02_pos-VII_mute-straight.wav,/home/itolab-1/yusei/database_chromatic-longtones/basstrb_mute-straight/basstrb007_E2_ovt-02_pos-VII_mute-straight.wav
676,16,basstrb_mute-straight,basstrb008_F2_ovt-02_pos-VI_mute-straight.wav,basstrb_mute-straight/basstrb008_F2_ovt-02_pos-VI_mute-straight.wav,/home/itolab-1/yusei/database_chromatic-longtones/basstrb_mute-straight/basstrb008_F2_ovt-02_pos-VI_mute-straight.wav
677,16,basstrb_mute-straight,basstrb009_Fis2_ovt-02_pos-V_mute-straight.wav,basstrb_mute-straight/basstrb009_Fis2_ovt-02_pos-V_mute-straight.wav,/home/itolab-1/yusei/database_chromatic-longtones/basstrb_mute-straight/basstrb009_Fis2_ovt-02_pos-V_mute-straight.wav
678,16,basstrb_mute-straight,basstrb010_G2_ovt-02_pos-IV_mute-straight.wav,basstrb_mute-straight/basstrb010_G2_ovt-02_pos-IV_mute-straight.wav,/home/itolab-1/yusei/database_chromatic-longtones/basstrb_mute-straight/basstrb010_G2_ovt-02_pos-IV_mute-straight.wav
679,16,basstrb_mute-straight,basstrb011_As2_ovt-02_pos-III_mute-straight.wav,basstrb_mute-straight/basstrb011_As2_ovt-02_pos-III_mute-straight.wav,/home/itolab-1/yusei/database_chromatic-longtones/basstrb_mute-straight/basstrb011_As2_ovt-02_pos-III_mute-straight.wav
680,16,basstrb_mute-straight,basstrb012_A2_ovt-02_pos-II_mute-straight.wav,basstrb_mute-straight/basstrb012_A2_ovt-02_pos-II_mute-straight.wav,/home/itolab-1/yusei/database_chromatic-longtones/basstrb_mute-straight/basstrb012_A2_ovt-02_pos-II_mute-straight.wav
681,16,basstrb_mute-straight,basstrb013_B2_ovt-02_pos-I_mute-straight.wav,basstrb_mute-straight/basstrb013_B2_ovt-02_pos-I_mute-straight.wav,/home/itolab-1/yusei/database_chromatic-longtones/basstrb_mute-straight/basstrb013_B2_ovt-02_pos-I_mute-straight.wav
682,16,basstrb_mute-straight,basstrb014_H2_ovt-03_pos-VII_mute-straight.wav,basstrb_mute-straight/basstrb014_H2_ovt-03_pos-VII_mute-straight.wav,/home/itolab-1/yusei/database_chromatic-longtones/basstrb_mute-straight/basstrb014_H2_ovt-03_pos-VII_mute-straight.wav
683,16,basstrb_mute-straight,basstrb015_C3_ovt-03_pos-VI_mute-straight.wav,basstrb_mute-straight/basstrb015_C3_ovt-03_pos-VI_mute-straight.wav,/home/itolab-1/yusei/database_chromatic-longtones/basstrb_mute-straight/basstrb015_C3_ovt-03_pos-VI_mute-straight.wav
684,16,basstrb_mute-straight,basstrb016_Cis3_ovt-03_pos-V_mute-straight.wav,basstrb_mute-straight/basstrb016_Cis3_ovt-03_pos-V_mute-straight.wav,/home/itolab-1/yusei/database_chromatic-longtones/basstrb_mute-straight/basstrb016_Cis3_ovt-03_pos-V_mute-straight.wav
685,16,basstrb_mute-straight,basstrb017_D3_ovt-03_pos-IV_mute-straight.wav,basstrb_mute-straight/basstrb017_D3_ovt-03_pos-IV_mute-straight.wav,/home/itolab-1/yusei/database_chromatic-longtones/basstrb_mute-straight/basstrb017_D3_ovt-03_pos-IV_mute-straight.wav
686,16,basstrb_mute-straight,basstrb018_Es3_ovt-03_pos-III_mute-straight.wav,basstrb_mute-straight/basstrb018_Es3_ovt-03_pos-III_mute-straight.wav,/home/itolab-1/yusei/database_chromatic-longtones/basstrb_mute-straight/basstrb018_Es3_ovt-03_pos-III_mute-straight.wav
687,16,basstrb_mute-straight,basstrb019_E3_ovt-03_pos-II_mute-straight.wav,basstrb_mute-straight/basstrb019_E3_ovt-03_pos-II_mute-straight.wav,/home/itolab-1/yusei/database_chromatic-longtones/basstrb_mute-straight/basstrb019_E3_ovt-03_pos-II_mute-straight.wav
688,16,basstrb_mute-straight,basstrb020_E3_ovt-04_pos-VII_mute-straight.wav,basstrb_mute-straight/basstrb020_E3_ovt-04_pos-VII_mute-straight.wav,/home/itolab-1/yusei/database_chromatic-longtones/basstrb_mute-straight/basstrb020_E3_ovt-04_pos-VII_mute-straight.wav
689,16,basstrb_mute-straight,basstrb021_F3_ovt-03_pos-I_mute-straight.wav,basstrb_mute-straight/basstrb021_F3_ovt-03_pos-I_mute-straight.wav,/home/itolab-1/yusei/database_chromatic-longtones/basstrb_mute-straight/basstrb021_F3_ovt-03_pos-I_mute-straight.wav
690,16,basstrb_mute-straight,basstrb022_F3_ovt-04_pos-VI_mute-straight.wav,basstrb_mute-straight/basstrb022_F3_ovt-04_pos-VI_mute-straight.wav,/home/itolab-1/yusei/database_chromatic-longtones/basstrb_mute-straight/basstrb022_F3_ovt-04_pos-VI_mute-straight.wav
691,16,basstrb_mute-straight,basstrb023_Fis3_ovt-04_pos-V_mute-straight.wav,basstrb_mute-straight/basstrb023_Fis3_ovt-04_pos-V_mute-straight.wav,/home/itolab-1/yusei/database_chromatic-longtones/basstrb_mute-straight/basstrb023_Fis3_ovt-04_pos-V_mute-straight.wav
692,16,basstrb_mute-straight,basstrb024_G3_ovt-04_pos-IV_mute-straight.wav,basstrb_mute-straight/basstrb024_G3_ovt-04_pos-IV_mute-straight.wav,/home/itolab-1/yusei/database_chromatic-longtones/basstrb_mute-straight/basstrb024_G3_ovt-04_pos-IV_mute-straight.wav
693,16,basstrb_mute-straight,basstrb025_As3_ovt-04_pos-III_mute-straight.wav,basstrb_mute-straight/basstrb025_As3_ovt-04_pos-III_mute-straight.wav,/home/itolab-1/yusei/database_chromatic-longtones/basstrb_mute-straight/basstrb025_As3_ovt-04_pos-III_mute-straight.wav
694,16,basstrb_mute-straight,basstrb026_Gis3_ovt-05_pos-VII_mute-straight.wav,basstrb_mute-straight/basstrb026_Gis3_ovt-05_pos-VII_mute-straight.wav,/home/itolab-1/yusei/database_chromatic-longtones/basstrb_mute-straight/basstrb026_Gis3_ovt-05_pos-VII_mute-straight.wav
695,16,basstrb_mute-straight,basstrb027_A3_ovt-04_pos-II_mute-straight.wav,basstrb_mute-straight/basstrb027_A3_ovt-04_pos-II_mute-straight.wav,/home/itolab-1/yusei/database_chromatic-longtones/basstrb_mute-straight/basstrb027_A3_ovt-04_pos-II_mute-straight.wav
696,16,basstrb_mute-straight,basstrb028_A3_ovt-05_pos-VI_mute-straight.wav,basstrb_mute-straight/basstrb028_A3_ovt-05_pos-VI_mute-straight.wav,/home/itolab-1/yusei/database_chromatic-longtones/basstrb_mute-straight/basstrb028_A3_ovt-05_pos-VI_mute-straight.wav
697,16,basstrb_mute-straight,basstrb029_B3_ovt-04_pos-I_mute-straight.wav,basstrb_mute-straight/basstrb029_B3_ovt-04_pos-I_mute-straight.wav,/home/itolab-1/yusei/database_chromatic-longtones/basstrb_mute-straight/basstrb029_B3_ovt-04_pos-I_mute-straight.wav
698,16,basstrb_mute-straight,basstrb030_Ais3_ovt-05_pos-V_mute-straight.wav,basstrb_mute-straight/basstrb030_Ais3_ovt-05_pos-V_mute-straight.wav,/home/itolab-1/yusei/database_chromatic-longtones/basstrb_mute-straight/basstrb030_Ais3_ovt-05_pos-V_mute-straight.wav
699,16,basstrb_mute-straight,basstrb031_H3_ovt-05_pos-IV_mute-straight.wav,basstrb_mute-straight/basstrb031_H3_ovt-05_pos-IV_mute-straight.wav,/home/itolab-1/yusei/database_chromatic-longtones/basstrb_mute-straight/basstrb031_H3_ovt-05_pos-IV_mute-straight.wav
700,16,basstrb_mute-straight,basstrb032_H3_ovt-06_pos-VII_mute-straight.wav,basstrb_mute-straight/basstrb032_H3_ovt-06_pos-VII_mute-straight.wav,/home/itolab-1/yusei/database_chromatic-longtones/basstrb_mute-straight/basstrb032_H3_ovt-06_pos-VII_mute-straight.wav
701,16,basstrb_mute-straight,basstrb033_C4_ovt-05_pos-III_mute-straight.wav,basstrb_mute-straight/basstrb033_C4_ovt-05_pos-III_mute-straight.wav,/home/itolab-1/yusei/database_chromatic-longtones/basstrb_mute-straight/basstrb033_C4_ovt-05_pos-III_mute-straight.wav
702,16,basstrb_mute-straight,basstrb034_C4_ovt-06_pos-VI_mute-straight.wav,basstrb_mute-straight/basstrb034_C4_ovt-06_pos-VI_mute-straight.wav,/home/itolab-1/yusei/database_chromatic-longtones/basstrb_mute-straight/basstrb034_C4_ovt-06_pos-VI_mute-straight.wav
703,16,basstrb_mute-straight,basstrb035_Cis4_ovt-05_pos-II_mute-straight.wav,basstrb_mute-straight/basstrb035_Cis4_ovt-05_pos-II_mute-straight.wav,/home/itolab-1/yusei/database_chromatic-longtones/basstrb_mute-straight/basstrb035_Cis4_ovt-05_pos-II_mute-straight.wav
704,16,basstrb_mute-straight,basstrb036_Cis4_ovt-06_pos-V_mute-straight.wav,basstrb_mute-straight/basstrb036_Cis4_ovt-06_pos-V_mute-straight.wav,/home/itolab-1/yusei/database_chromatic-longtones/basstrb_mute-straight/basstrb036_Cis4_ovt-06_pos-V_mute-straight.wav
705,16,basstrb_mute-straight,basstrb037_D4_ovt-05_pos-I_mute-straight.wav,basstrb_mute-straight/basstrb037_D4_ovt-05_pos-I_mute-straight.wav,/home/itolab-1/yusei/database_chromatic-longtones/basstrb_mute-straight/basstrb037_D4_ovt-05_pos-I_mute-straight.wav
706,16,basstrb_mute-straight,basstrb038_D4_ovt-06_pos-IV_mute-straight.wav,basstrb_mute-straight/basstrb038_D4_ovt-06_pos-IV_mute-straight.wav,/home/itolab-1/yusei/database_chromatic-longtones/basstrb_mute-straight/basstrb038_D4_ovt-06_pos-IV_mute-straight.wav
707,16,basstrb_mute-straight,basstrb039_D4_ovt-07_pos-VII_mute-straight.wav,basstrb_mute-straight/basstrb039_D4_ovt-07_pos-VII_mute-straight.wav,/home/itolab-1/yusei/database_chromatic-longtones/basstrb_mute-straight/basstrb039_D4_ovt-07_pos-VII_mute-straight.wav
708,16,basstrb_mute-straight,basstrb040_Es4_ovt-06_pos-III_mute-straight.wav,basstrb_mute-straight/basstrb040_Es4_ovt-06_pos-III_mute-straight.wav,/home/itolab-1/yusei/database_chromatic-longtones/basstrb_mute-straight/basstrb040_Es4_ovt-06_pos-III_mute-straight.wav
709,16,basstrb_mute-straight,basstrb041_Es4_ovt-07_pos-VI_mute-straight.wav,basstrb_mute-straight/basstrb041_Es4_ovt-07_pos-VI_mute-straight.wav,/home/itolab-1/yusei/database_chromatic-longtones/basstrb_mute-straight/basstrb041_Es4_ovt-07_pos-VI_mute-straight.wav
710,16,basstrb_mute-straight,basstrb042_E4_ovt-06_pos-II_mute-straight.wav,basstrb_mute-straight/basstrb042_E4_ovt-06_pos-II_mute-straight.wav,/home/itolab-1/yusei/database_chromatic-longtones/basstrb_mute-straight/basstrb042_E4_ovt-06_pos-II_mute-straight.wav
711,16,basstrb_mute-straight,basstrb043_E4_ovt-07_pos-V_mute-straight.wav,basstrb_mute-straight/basstrb043_E4_ovt-07_pos-V_mute-straight.wav,/home/itolab-1/yusei/database_chromatic-longtones/basstrb_mute-straight/basstrb043_E4_ovt-07_pos-V_mute-straight.wav
712,16,basstrb_mute-straight,basstrb044_E4_ovt-08_pos-VII_mute-straight.wav,basstrb_mute-straight/basstrb044_E4_ovt-08_pos-VII_mute-straight.wav,/home/itolab-1/yusei/database_chromatic-longtones/basstrb_mute-straight/basstrb044_E4_ovt-08_pos-VII_mute-straight.wav
713,16,basstrb_mute-straight,basstrb045_F4_ovt-06_pos-I_mute-straight.wav,basstrb_mute-straight/basstrb045_F4_ovt-06_pos-I_mute-straight.wav,/home/itolab-1/yusei/database_chromatic-longtones/basstrb_mute-straight/basstrb045_F4_ovt-06_pos-I_mute-straight.wav
714,16,basstrb_mute-straight,basstrb046_F4_ovt-07_pos-IV_mute-straight.wav,basstrb_mute-straight/basstrb046_F4_ovt-07_pos-IV_mute-straight.wav,/home/itolab-1/yusei/database_chromatic-longtones/basstrb_mute-straight/basstrb046_F4_ovt-07_pos-IV_mute-straight.wav
715,16,basstrb_mute-straight,basstrb047_F4_ovt-08_pos-VI_mute-straight.wav,basstrb_mute-straight/basstrb047_F4_ovt-08_pos-VI_mute-straight.wav,/home/itolab-1/yusei/database_chromatic-longtones/basstrb_mute-straight/basstrb047_F4_ovt-08_pos-VI_mute-straight.wav
716,16,basstrb_mute-straight,basstrb048_Ges4_ovt-07_pos-III_mute-straight.wav,basstrb_mute-straight/basstrb048_Ges4_ovt-07_pos-III_mute-straight.wav,/home/itolab-1/yusei/database_chromatic-longtones/basstrb_mute-straight/basstrb048_Ges4_ovt-07_pos-III_mute-straight.wav
717,16,basstrb_mute-straight,basstrb049_Fis4_ovt-08_pos-V_mute-straight.wav,basstrb_mute-straight/basstrb049_Fis4_ovt-08_pos-V_mute-straight.wav,/home/itolab-1/yusei/database_chromatic-longtones/basstrb_mute-straight/basstrb049_Fis4_ovt-08_pos-V_mute-straight.wav
718,16,basstrb_mute-straight,basstrb050_G4_ovt-07_pos-II_mute-straight.wav,basstrb_mute-straight/basstrb050_G4_ovt-07_pos-II_mute-straight.wav,/home/itolab-1/yusei/database_chromatic-longtones/basstrb_mute-straight/basstrb050_G4_ovt-07_pos-II_mute-straight.wav
719,16,basstrb_mute-straight,basstrb051_G4_ovt-08_pos-IV_mute-straight.wav,basstrb_mute-straight/basstrb051_G4_ovt-08_pos-IV_mute-straight.wav,/home/itolab-1/yusei/database_chromatic-longtones/basstrb_mute-straight/basstrb051_G4_ovt-08_pos-IV_mute-straight.wav
720,16,basstrb_mute-straight,basstrb052_As4_ovt-07_pos-I_mute-straight.wav,basstrb_mute-straight/basstrb052_As4_ovt-07_pos-I_mute-straight.wav,/home/itolab-1/yusei/database_chromatic-longtones/basstrb_mute-straight/basstrb052_As4_ovt-07_pos-I_mute-straight.wav
721,16,basstrb_mute-straight,basstrb053_As4_ovt-08_pos-III_mute-straight.wav,basstrb_mute-straight/basstrb053_As4_ovt-08_pos-III_mute-straight.wav,/home/itolab-1/yusei/database_chromatic-longtones/basstrb_mute-straight/basstrb053_As4_ovt-08_pos-III_mute-straight.wav
722,16,basstrb_mute-straight,basstrb054_A4_ovt-08_pos-II_mute-straight.wav,basstrb_mute-straight/basstrb054_A4_ovt-08_pos-II_mute-straight.wav,/home/itolab-1/yusei/database_chromatic-longtones/basstrb_mute-straight/basstrb054_A4_ovt-08_pos-II_mute-straight.wav
723,16,basstrb_mute-straight,basstrb055_B4_ovt-08_pos-I_mute-straight.wav,basstrb_mute-straight/basstrb055_B4_ovt-08_pos-I_mute-straight.wav,/home/itolab-1/yusei/database_chromatic-longtones/basstrb_mute-straight/basstrb055_B4_ovt-08_pos-I_mute-straight.wav
724,17,basstrb_mute-straightMetal,basstrb000_E1_ovt-01_pos-VII_mute-straightMetal.wav,basstrb_mute-straightMetal/basstrb000_E1_ovt-01_pos-VII_mute-straightMetal.wav,/home/itolab-1/yusei/database_chromatic-longtones/basstrb_mute-straightMetal/basstrb000_E1_ovt-01_pos-VII_mute-straightMetal.wav
725,17,basstrb_mute-straightMetal,basstrb001_F1_ovt-01_pos-VI_mute-straightMetal.wav,basstrb_mute-straightMetal/basstrb001_F1_ovt-01_pos-VI_mute-straightMetal.wav,/home/itolab-1/yusei/database_chromatic-longtones/basstrb_mute-straightMetal/basstrb001_F1_ovt-01_pos-VI_mute-straightMetal.wav
726,17,basstrb_mute-straightMetal,basstrb002_Fis1_ovt-01_pos-V_mute-straightMetal.wav,basstrb_mute-straightMetal/basstrb002_Fis1_ovt-01_pos-V_mute-straightMetal.wav,/home/itolab-1/yusei/database_chromatic-longtones/basstrb_mute-straightMetal/basstrb002_Fis1_ovt-01_pos-V_mute-straightMetal.wav
727,17,basstrb_mute-straightMetal,basstrb003_G1_ovt-01_pos-IV_mute-straightMetal.wav,basstrb_mute-straightMetal/basstrb003_G1_ovt-01_pos-IV_mute-straightMetal.wav,/home/itolab-1/yusei/database_chromatic-longtones/basstrb_mute-straightMetal/basstrb003_G1_ovt-01_pos-IV_mute-straightMetal.wav
728,17,basstrb_mute-straightMetal,basstrb004_As1_ovt-01_pos-III_mute-straightMetal.wav,basstrb_mute-straightMetal/basstrb004_As1_ovt-01_pos-III_mute-straightMetal.wav,/home/itolab-1/yusei/database_chromatic-longtones/basstrb_mute-straightMetal/basstrb004_As1_ovt-01_pos-III_mute-straightMetal.wav
729,17,basstrb_mute-straightMetal,basstrb005_A1_ovt-01_pos-II_mute-straightMetal.wav,basstrb_mute-straightMetal/basstrb005_A1_ovt-01_pos-II_mute-straightMetal.wav,/home/itolab-1/yusei/database_chromatic-longtones/basstrb_mute-straightMetal/basstrb005_A1_ovt-01_pos-II_mute-straightMetal.wav
730,17,basstrb_mute-straightMetal,basstrb006_B1_ovt-01_pos-I_mute-straightMetal.wav,basstrb_mute-straightMetal/basstrb006_B1_ovt-01_pos-I_mute-straightMetal.wav,/home/itolab-1/yusei/database_chromatic-longtones/basstrb_mute-straightMetal/basstrb006_B1_ovt-01_pos-I_mute-straightMetal.wav
731,17,basstrb_mute-straightMetal,basstrb007_E2_ovt-02_pos-VII_mute-straightMetal.wav,basstrb_mute-straightMetal/basstrb007_E2_ovt-02_pos-VII_mute-straightMetal.wav,/home/itolab-1/yusei/database_chromatic-longtones/basstrb_mute-straightMetal/basstrb007_E2_ovt-02_pos-VII_mute-straightMetal.wav
732,17,basstrb_mute-straightMetal,basstrb008_F2_ovt-02_pos-VI_mute-straightMetal.wav,basstrb_mute-straightMetal/basstrb008_F2_ovt-02_pos-VI_mute-straightMetal.wav,/home/itolab-1/yusei/database_chromatic-longtones/basstrb_mute-straightMetal/basstrb008_F2_ovt-02_pos-VI_mute-straightMetal.wav
733,17,basstrb_mute-straightMetal,basstrb009_Fis2_ovt-02_pos-V_mute-straightMetal.wav,basstrb_mute-straightMetal/basstrb009_Fis2_ovt-02_pos-V_mute-straightMetal.wav,/home/itolab-1/yusei/database_chromatic-longtones/basstrb_mute-straightMetal/basstrb009_Fis2_ovt-02_pos-V_mute-straightMetal.wav
734,17,basstrb_mute-straightMetal,basstrb010_G2_ovt-02_pos-IV_mute-straightMetal.wav,basstrb_mute-straightMetal/basstrb010_G2_ovt-02_pos-IV_mute-straightMetal.wav,/home/itolab-1/yusei/database_chromatic-longtones/basstrb_mute-straightMetal/basstrb010_G2_ovt-02_pos-IV_mute-straightMetal.wav
735,17,basstrb_mute-straightMetal,basstrb011_As2_ovt-02_pos-III_mute-straightMetal.wav,basstrb_mute-straightMetal/basstrb011_As2_ovt-02_pos-III_mute-straightMetal.wav,/home/itolab-1/yusei/database_chromatic-longtones/basstrb_mute-straightMetal/basstrb011_As2_ovt-02_pos-III_mute-straightMetal.wav
736,17,basstrb_mute-straightMetal,basstrb012_A2_ovt-02_pos-II_mute-straightMetal.wav,basstrb_mute-straightMetal/basstrb012_A2_ovt-02_pos-II_mute-straightMetal.wav,/home/itolab-1/yusei/database_chromatic-longtones/basstrb_mute-straightMetal/basstrb012_A2_ovt-02_pos-II_mute-straightMetal.wav
737,17,basstrb_mute-straightMetal,basstrb013_B2_ovt-02_pos-I_mute-straightMetal.wav,basstrb_mute-straightMetal/basstrb013_B2_ovt-02_pos-I_mute-straightMetal.wav,/home/itolab-1/yusei/database_chromatic-longtones/basstrb_mute-straightMetal/basstrb013_B2_ovt-02_pos-I_mute-straightMetal.wav
738,17,basstrb_mute-straightMetal,basstrb014_C3_ovt-03_pos-VI_mute-straightMetal.wav,basstrb_mute-straightMetal/basstrb014_C3_ovt-03_pos-VI_mute-straightMetal.wav,/home/itolab-1/yusei/database_chromatic-longtones/basstrb_mute-straightMetal/basstrb014_C3_ovt-03_pos-VI_mute-straightMetal.wav
739,17,basstrb_mute-straightMetal,basstrb015_H2_ovt-03_pos-VII_mute-straightMetal.wav,basstrb_mute-straightMetal/basstrb015_H2_ovt-03_pos-VII_mute-straightMetal.wav,/home/itolab-1/yusei/database_chromatic-longtones/basstrb_mute-straightMetal/basstrb015_H2_ovt-03_pos-VII_mute-straightMetal.wav
740,17,basstrb_mute-straightMetal,basstrb016_Cis3_ovt-03_pos-V_mute-straightMetal.wav,basstrb_mute-straightMetal/basstrb016_Cis3_ovt-03_pos-V_mute-straightMetal.wav,/home/itolab-1/yusei/database_chromatic-longtones/basstrb_mute-straightMetal/basstrb016_Cis3_ovt-03_pos-V_mute-straightMetal.wav
741,17,basstrb_mute-straightMetal,basstrb017_D3_ovt-03_pos-IV_mute-straightMetal.wav,basstrb_mute-straightMetal/basstrb017_D3_ovt-03_pos-IV_mute-straightMetal.wav,/home/itolab-1/yusei/database_chromatic-longtones/basstrb_mute-straightMetal/basstrb017_D3_ovt-03_pos-IV_mute-straightMetal.wav
742,17,basstrb_mute-straightMetal,basstrb018_Es3_ovt-03_pos-III_mute-straightMetal.wav,basstrb_mute-straightMetal/basstrb018_Es3_ovt-03_pos-III_mute-straightMetal.wav,/home/itolab-1/yusei/database_chromatic-longtones/basstrb_mute-straightMetal/basstrb018_Es3_ovt-03_pos-III_mute-straightMetal.wav
743,17,basstrb_mute-straightMetal,basstrb019_E3_ovt-03_pos-II_mute-straightMetal.wav,basstrb_mute-straightMetal/basstrb019_E3_ovt-03_pos-II_mute-straightMetal.wav,/home/itolab-1/yusei/database_chromatic-longtones/basstrb_mute-straightMetal/basstrb019_E3_ovt-03_pos-II_mute-straightMetal.wav
744,17,basstrb_mute-straightMetal,basstrb020_E3_ovt-04_pos-VII_mute-straightMetal.wav,basstrb_mute-straightMetal/basstrb020_E3_ovt-04_pos-VII_mute-straightMetal.wav,/home/itolab-1/yusei/database_chromatic-longtones/basstrb_mute-straightMetal/basstrb020_E3_ovt-04_pos-VII_mute-straightMetal.wav
745,17,basstrb_mute-straightMetal,basstrb021_F3_ovt-03_pos-I_mute-straightMetal.wav,basstrb_mute-straightMetal/basstrb021_F3_ovt-03_pos-I_mute-straightMetal.wav,/home/itolab-1/yusei/database_chromatic-longtones/basstrb_mute-straightMetal/basstrb021_F3_ovt-03_pos-I_mute-straightMetal.wav
746,17,basstrb_mute-straightMetal,basstrb022_F3_ovt-04_pos-VI_mute-straightMetal.wav,basstrb_mute-straightMetal/basstrb022_F3_ovt-04_pos-VI_mute-straightMetal.wav,/home/itolab-1/yusei/database_chromatic-longtones/basstrb_mute-straightMetal/basstrb022_F3_ovt-04_pos-VI_mute-straightMetal.wav
747,17,basstrb_mute-straightMetal,basstrb023_Fis3_ovt-04_pos-V_mute-straightMetal.wav,basstrb_mute-straightMetal/basstrb023_Fis3_ovt-04_pos-V_mute-straightMetal.wav,/home/itolab-1/yusei/database_chromatic-longtones/basstrb_mute-straightMetal/basstrb023_Fis3_ovt-04_pos-V_mute-straightMetal.wav
748,17,basstrb_mute-straightMetal,basstrb024_G3_ovt-04_pos-IV_mute-straightMetal.wav,basstrb_mute-straightMetal/basstrb024_G3_ovt-04_pos-IV_mute-straightMetal.wav,/home/itolab-1/yusei/database_chromatic-longtones/basstrb_mute-straightMetal/basstrb024_G3_ovt-04_pos-IV_mute-straightMetal.wav
749,17,basstrb_mute-straightMetal,basstrb025_As3_ovt-04_pos-III_mute-straightMetal.wav,basstrb_mute-straightMetal/basstrb025_As3_ovt-04_pos-III_mute-straightMetal.wav,/home/itolab-1/yusei/database_chromatic-longtones/basstrb_mute-straightMetal/basstrb025_As3_ovt-04_pos-III_mute-straightMetal.wav
750,17,basstrb_mute-straightMetal,basstrb026_Gis3_ovt-05_pos-V_mute-straightMetal.wav,basstrb_mute-straightMetal/basstrb026_Gis3_ovt-05_pos-V_mute-straightMetal.wav,/home/itolab-1/yusei/database_chromatic-longtones/basstrb_mute-straightMetal/basstrb026_Gis3_ovt-05_pos-V_mute-straightMetal.wav
751,17,basstrb_mute-straightMetal,basstrb027_A3_ovt-04_pos-II_mute-straightMetal.wav,basstrb_mute-straightMetal/basstrb027_A3_ovt-04_pos-II_mute-straightMetal.wav,/home/itolab-1/yusei/database_chromatic-longtones/basstrb_mute-straightMetal/basstrb027_A3_ovt-04_pos-II_mute-straightMetal.wav
752,17,basstrb_mute-straightMetal,basstrb028_A3_ovt-05_pos-VI_mute-straightMetal.wav,basstrb_mute-straightMetal/basstrb028_A3_ovt-05_pos-VI_mute-straightMetal.wav,/home/itolab-1/yusei/database_chromatic-longtones/basstrb_mute-straightMetal/basstrb028_A3_ovt-05_pos-VI_mute-straightMetal.wav
753,17,basstrb_mute-straightMetal,basstrb029_Ais3_ovt-05_pos-V_mute-straightMetal.wav,basstrb_mute-straightMetal/basstrb029_Ais3_ovt-05_pos-V_mute-straightMetal.wav,/home/itolab-1/yusei/database_chromatic-longtones/basstrb_mute-straightMetal/basstrb029_Ais3_ovt-05_pos-V_mute-straightMetal.wav
754,17,basstrb_mute-straightMetal,basstrb030_B3_ovt-04_pos-I_mute-straightMetal.wav,basstrb_mute-straightMetal/basstrb030_B3_ovt-04_pos-I_mute-straightMetal.wav,/home/itolab-1/yusei/database_chromatic-longtones/basstrb_mute-straightMetal/basstrb030_B3_ovt-04_pos-I_mute-straightMetal.wav
755,17,basstrb_mute-straightMetal,basstrb031_H3_ovt-05_pos-IV_mute-straightMetal.wav,basstrb_mute-straightMetal/basstrb031_H3_ovt-05_pos-IV_mute-straightMetal.wav,/home/itolab-1/yusei/database_chromatic-longtones/basstrb_mute-straightMetal/basstrb031_H3_ovt-05_pos-IV_mute-straightMetal.wav
756,17,basstrb_mute-straightMetal,basstrb032_C4_ovt-05_pos-III_mute-straightMetal.wav,basstrb_mute-straightMetal/basstrb032_C4_ovt-05_pos-III_mute-straightMetal.wav,/home/itolab-1/yusei/database_chromatic-longtones/basstrb_mute-straightMetal/basstrb032_C4_ovt-05_pos-III_mute-straightMetal.wav
757,17,basstrb_mute-straightMetal,basstrb033_C4_ovt-06_pos-VI_mute-straightMetal.wav,basstrb_mute-straightMetal/basstrb033_C4_ovt-06_pos-VI_mute-straightMetal.wav,/home/itolab-1/yusei/database_chromatic-longtones/basstrb_mute-straightMetal/basstrb033_C4_ovt-06_pos-VI_mute-straightMetal.wav
758,17,basstrb_mute-straightMetal,basstrb034_H3_ovt-06_pos-VII_mute-straightMetal.wav,basstrb_mute-straightMetal/basstrb034_H3_ovt-06_pos-VII_mute-straightMetal.wav,/home/itolab-1/yusei/database_chromatic-longtones/basstrb_mute-straightMetal/basstrb034_H3_ovt-06_pos-VII_mute-straightMetal.wav
759,17,basstrb_mute-straightMetal,basstrb035_Cis4_ovt-05_pos-II_mute-straightMetal.wav,basstrb_mute-straightMetal/basstrb035_Cis4_ovt-05_pos-II_mute-straightMetal.wav,/home/itolab-1/yusei/database_chromatic-longtones/basstrb_mute-straightMetal/basstrb035_Cis4_ovt-05_pos-II_mute-straightMetal.wav
760,17,basstrb_mute-straightMetal,basstrb036_Cis4_ovt-06_pos-V_mute-straightMetal.wav,basstrb_mute-straightMetal/basstrb036_Cis4_ovt-06_pos-V_mute-straightMetal.wav,/home/itolab-1/yusei/database_chromatic-longtones/basstrb_mute-straightMetal/basstrb036_Cis4_ovt-06_pos-V_mute-straightMetal.wav
761,17,basstrb_mute-straightMetal,basstrb037_D4_ovt-05_pos-I_mute-straightMetal.wav,basstrb_mute-straightMetal/basstrb037_D4_ovt-05_pos-I_mute-straightMetal.wav,/home/itolab-1/yusei/database_chromatic-longtones/basstrb_mute-straightMetal/basstrb037_D4_ovt-05_pos-I_mute-straightMetal.wav
762,17,basstrb_mute-straightMetal,basstrb038_D4_ovt-06_pos-IV_mute-straightMetal.wav,basstrb_mute-straightMetal/basstrb038_D4_ovt-06_pos-IV_mute-straightMetal.wav,/home/itolab-1/yusei/database_chromatic-longtones/basstrb_mute-straightMetal/basstrb038_D4_ovt-06_pos-IV_mute-straightMetal.wav
763,17,basstrb_mute-straightMetal,basstrb039_D4_ovt-07_pos-VII_mute-straightMetal.wav,basstrb_mute-straightMetal/basstrb039_D4_ovt-07_pos-VII_mute-straightMetal.wav,/home/itolab-1/yusei/database_chromatic-longtones/basstrb_mute-straightMetal/basstrb039_D4_ovt-07_pos-VII_mute-straightMetal.wav
764,17,basstrb_mute-straightMetal,basstrb040_Es4_ovt-06_pos-III_mute-straightMetal.wav,basstrb_mute-straightMetal/basstrb040_Es4_ovt-06_pos-III_mute-straightMetal.wav,/home/itolab-1/yusei/database_chromatic-longtones/basstrb_mute-straightMetal/basstrb040_Es4_ovt-06_pos-III_mute-straightMetal.wav
765,17,basstrb_mute-straightMetal,basstrb041_Es4_ovt-07_pos-VI_mute-straightMetal.wav,basstrb_mute-straightMetal/basstrb041_Es4_ovt-07_pos-VI_mute-straightMetal.wav,/home/itolab-1/yusei/database_chromatic-longtones/basstrb_mute-straightMetal/basstrb041_Es4_ovt-07_pos-VI_mute-straightMetal.wav
766,17,basstrb_mute-straightMetal,basstrb042_E4_ovt-06_pos-II_mute-straightMetal.wav,basstrb_mute-straightMetal/basstrb042_E4_ovt-06_pos-II_mute-straightMetal.wav,/home/itolab-1/yusei/database_chromatic-longtones/basstrb_mute-straightMetal/basstrb042_E4_ovt-06_pos-II_mute-straightMetal.wav
767,17,basstrb_mute-straightMetal,basstrb043_E4_ovt-07_pos-V_mute-straightMetal.wav,basstrb_mute-straightMetal/basstrb043_E4_ovt-07_pos-V_mute-straightMetal.wav,/home/itolab-1/yusei/database_chromatic-longtones/basstrb_mute-straightMetal/basstrb043_E4_ovt-07_pos-V_mute-straightMetal.wav
768,17,basstrb_mute-straightMetal,basstrb044_E4_ovt-08_pos-VII_mute-straightMetal.wav,basstrb_mute-straightMetal/basstrb044_E4_ovt-08_pos-VII_mute-straightMetal.wav,/home/itolab-1/yusei/database_chromatic-longtones/basstrb_mute-straightMetal/basstrb044_E4_ovt-08_pos-VII_mute-straightMetal.wav
769,17,basstrb_mute-straightMetal,basstrb045_F4_ovt-06_pos-I_mute-straightMetal.wav,basstrb_mute-straightMetal/basstrb045_F4_ovt-06_pos-I_mute-straightMetal.wav,/home/itolab-1/yusei/database_chromatic-longtones/basstrb_mute-straightMetal/basstrb045_F4_ovt-06_pos-I_mute-straightMetal.wav
770,17,basstrb_mute-straightMetal,basstrb046_F4_ovt-07_pos-IV_mute-straightMetal.wav,basstrb_mute-straightMetal/basstrb046_F4_ovt-07_pos-IV_mute-straightMetal.wav,/home/itolab-1/yusei/database_chromatic-longtones/basstrb_mute-straightMetal/basstrb046_F4_ovt-07_pos-IV_mute-straightMetal.wav
771,17,basstrb_mute-straightMetal,basstrb047_F4_ovt-08_pos-VI_mute-straightMetal.wav,basstrb_mute-straightMetal/basstrb047_F4_ovt-08_pos-VI_mute-straightMetal.wav,/home/itolab-1/yusei/database_chromatic-longtones/basstrb_mute-straightMetal/basstrb047_F4_ovt-08_pos-VI_mute-straightMetal.wav
772,17,basstrb_mute-straightMetal,basstrb048_Ges4_ovt-07_pos-III_mute-straightMetal.wav,basstrb_mute-straightMetal/basstrb048_Ges4_ovt-07_pos-III_mute-straightMetal.wav,/home/itolab-1/yusei/database_chromatic-longtones/basstrb_mute-straightMetal/basstrb048_Ges4_ovt-07_pos-III_mute-straightMetal.wav
773,17,basstrb_mute-straightMetal,basstrb049_Fis4_ovt-08_pos-V_mute-straightMetal.wav,basstrb_mute-straightMetal/basstrb049_Fis4_ovt-08_pos-V_mute-straightMetal.wav,/home/itolab-1/yusei/database_chromatic-longtones/basstrb_mute-straightMetal/basstrb049_Fis4_ovt-08_pos-V_mute-straightMetal.wav
774,17,basstrb_mute-straightMetal,basstrb050_G4_ovt-07_pos-II_mute-straightMetal.wav,basstrb_mute-straightMetal/basstrb050_G4_ovt-07_pos-II_mute-straightMetal.wav,/home/itolab-1/yusei/database_chromatic-longtones/basstrb_mute-straightMetal/basstrb050_G4_ovt-07_pos-II_mute-straightMetal.wav
775,17,basstrb_mute-straightMetal,basstrb051_G4_ovt-08_pos-IV_mute-straightMetal.wav,basstrb_mute-straightMetal/basstrb051_G4_ovt-08_pos-IV_mute-straightMetal.wav,/home/itolab-1/yusei/database_chromatic-longtones/basstrb_mute-straightMetal/basstrb051_G4_ovt-08_pos-IV_mute-straightMetal.wav
776,17,basstrb_mute-straightMetal,basstrb052_As4_ovt-07_pos-I_mute-straightMetal.wav,basstrb_mute-straightMetal/basstrb052_As4_ovt-07_pos-I_mute-straightMetal.wav,/home/itolab-1/yusei/database_chromatic-longtones/basstrb_mute-straightMetal/basstrb052_As4_ovt-07_pos-I_mute-straightMetal.wav
777,17,basstrb_mute-straightMetal,basstrb053_As4_ovt-08_pos-III_mute-straightMetal.wav,basstrb_mute-straightMetal/basstrb053_As4_ovt-08_pos-III_mute-straightMetal.wav,/home/itolab-1/yusei/database_chromatic-longtones/basstrb_mute-straightMetal/basstrb053_As4_ovt-08_pos-III_mute-straightMetal.wav
778,17,basstrb_mute-straightMetal,basstrb054_A4_ovt-08_pos-II_mute-straightMetal.wav,basstrb_mute-straightMetal/basstrb054_A4_ovt-08_pos-II_mute-straightMetal.wav,/home/itolab-1/yusei/database_chromatic-longtones/basstrb_mute-straightMetal/basstrb054_A4_ovt-08_pos-II_mute-straightMetal.wav
779,17,basstrb_mute-straightMetal,basstrb055_B4_ovt-08_pos-I_mute-straightMetal.wav,basstrb_mute-straightMetal/basstrb055_B4_ovt-08_pos-I_mute-straightMetal.wav,/home/itolab-1/yusei/database_chromatic-longtones/basstrb_mute-straightMetal/basstrb055_B4_ovt-08_pos-I_mute-straightMetal.wav
780,18,basstrb_mute-cup,basstrb000_E1_ovt-01_pos-VII_mute-cup.wav,basstrb_mute-cup/basstrb000_E1_ovt-01_pos-VII_mute-cup.wav,/home/itolab-1/yusei/database_chromatic-longtones/basstrb_mute-cup/basstrb000_E1_ovt-01_pos-VII_mute-cup.wav
781,18,basstrb_mute-cup,basstrb001_F1_ovt-01_pos-VI_mute-cup.wav,basstrb_mute-cup/basstrb001_F1_ovt-01_pos-VI_mute-cup.wav,/home/itolab-1/yusei/database_chromatic-longtones/basstrb_mute-cup/basstrb001_F1_ovt-01_pos-VI_mute-cup.wav
782,18,basstrb_mute-cup,basstrb002_Fis1_ovt-01_pos-V_mute-cup.wav,basstrb_mute-cup/basstrb002_Fis1_ovt-01_pos-V_mute-cup.wav,/home/itolab-1/yusei/database_chromatic-longtones/basstrb_mute-cup/basstrb002_Fis1_ovt-01_pos-V_mute-cup.wav
783,18,basstrb_mute-cup,basstrb003_G1_ovt-01_pos-IV_mute-cup.wav,basstrb_mute-cup/basstrb003_G1_ovt-01_pos-IV_mute-cup.wav,/home/itolab-1/yusei/database_chromatic-longtones/basstrb_mute-cup/basstrb003_G1_ovt-01_pos-IV_mute-cup.wav
784,18,basstrb_mute-cup,basstrb004_As1_ovt-01_pos-III_mute-cup.wav,basstrb_mute-cup/basstrb004_As1_ovt-01_pos-III_mute-cup.wav,/home/itolab-1/yusei/database_chromatic-longtones/basstrb_mute-cup/basstrb004_As1_ovt-01_pos-III_mute-cup.wav
785,18,basstrb_mute-cup,basstrb005_A1_ovt-01_pos-II_mute-cup.wav,basstrb_mute-cup/basstrb005_A1_ovt-01_pos-II_mute-cup.wav,/home/itolab-1/yusei/database_chromatic-longtones/basstrb_mute-cup/basstrb005_A1_ovt-01_pos-II_mute-cup.wav
786,18,basstrb_mute-cup,basstrb006_B1_ovt-01_pos-I_mute-cup.wav,basstrb_mute-cup/basstrb006_B1_ovt-01_pos-I_mute-cup.wav,/home/itolab-1/yusei/database_chromatic-longtones/basstrb_mute-cup/basstrb006_B1_ovt-01_pos-I_mute-cup.wav
787,18,basstrb_mute-cup,basstrb007_E2_ovt-02_pos-VII_mute-cup.wav,basstrb_mute-cup/basstrb007_E2_ovt-02_pos-VII_mute-cup.wav,/home/itolab-1/yusei/database_chromatic-longtones/basstrb_mute-cup/basstrb007_E2_ovt-02_pos-VII_mute-cup.wav
788,18,basstrb_mute-cup,basstrb008_F2_ovt-02_pos-VI_mute-cup.wav,basstrb_mute-cup/basstrb008_F2_ovt-02_pos-VI_mute-cup.wav,/home/itolab-1/yusei/database_chromatic-longtones/basstrb_mute-cup/basstrb008_F2_ovt-02_pos-VI_mute-cup.wav
789,18,basstrb_mute-cup,basstrb009_Fis2_ovt-02_pos-V_mute-cup.wav,basstrb_mute-cup/basstrb009_Fis2_ovt-02_pos-V_mute-cup.wav,/home/itolab-1/yusei/database_chromatic-longtones/basstrb_mute-cup/basstrb009_Fis2_ovt-02_pos-V_mute-cup.wav
790,18,basstrb_mute-cup,basstrb010_G2_ovt-02_pos-IV_mute-cup.wav,basstrb_mute-cup/basstrb010_G2_ovt-02_pos-IV_mute-cup.wav,/home/itolab-1/yusei/database_chromatic-longtones/basstrb_mute-cup/basstrb010_G2_ovt-02_pos-IV_mute-cup.wav
791,18,basstrb_mute-cup,basstrb011_As2_ovt-02_pos-III_mute-cup.wav,basstrb_mute-cup/basstrb011_As2_ovt-02_pos-III_mute-cup.wav,/home/itolab-1/yusei/database_chromatic-longtones/basstrb_mute-cup/basstrb011_As2_ovt-02_pos-III_mute-cup.wav
792,18,basstrb_mute-cup,basstrb012_A2_ovt-02_pos-II_mute-cup.wav,basstrb_mute-cup/basstrb012_A2_ovt-02_pos-II_mute-cup.wav,/home/itolab-1/yusei/database_chromatic-longtones/basstrb_mute-cup/basstrb012_A2_ovt-02_pos-II_mute-cup.wav
793,18,basstrb_mute-cup,basstrb013_B2_ovt-02_pos-I_mute-cup.wav,basstrb_mute-cup/basstrb013_B2_ovt-02_pos-I_mute-cup.wav,/home/itolab-1/yusei/database_chromatic-longtones/basstrb_mute-cup/basstrb013_B2_ovt-02_pos-I_mute-cup.wav
794,18,basstrb_mute-cup,basstrb014_H2_ovt-03_pos-VII_mute-cup.wav,basstrb_mute-cup/basstrb014_H2_ovt-03_pos-VII_mute-cup.wav,/home/itolab-1/yusei/database_chromatic-longtones/basstrb_mute-cup/basstrb014_H2_ovt-03_pos-VII_mute-cup.wav
795,18,basstrb_mute-cup,basstrb015_C3_ovt-03_pos-VI_mute-cup.wav,basstrb_mute-cup/basstrb015_C3_ovt-03_pos-VI_mute-cup.wav,/home/itolab-1/yusei/database_chromatic-longtones/basstrb_mute-cup/basstrb015_C3_ovt-03_pos-VI_mute-cup.wav
796,18,basstrb_mute-cup,basstrb016_Cis3_ovt-03_pos-V_mute-cup.wav,basstrb_mute-cup/basstrb016_Cis3_ovt-03_pos-V_mute-cup.wav,/home/itolab-1/yusei/database_chromatic-longtones/basstrb_mute-cup/basstrb016_Cis3_ovt-03_pos-V_mute-cup.wav
797,18,basstrb_mute-cup,basstrb017_D3_ovt-03_pos-IV_mute-cup.wav,basstrb_mute-cup/basstrb017_D3_ovt-03_pos-IV_mute-cup.wav,/home/itolab-1/yusei/database_chromatic-longtones/basstrb_mute-cup/basstrb017_D3_ovt-03_pos-IV_mute-cup.wav
798,18,basstrb_mute-cup,basstrb018_Es3_ovt-03_pos-III_mute-cup.wav,basstrb_mute-cup/basstrb018_Es3_ovt-03_pos-III_mute-cup.wav,/home/itolab-1/yusei/database_chromatic-longtones/basstrb_mute-cup/basstrb018_Es3_ovt-03_pos-III_mute-cup.wav
799,18,basstrb_mute-cup,basstrb019_E3_ovt-03_pos-II_mute-cup.wav,basstrb_mute-cup/basstrb019_E3_ovt-03_pos-II_mute-cup.wav,/home/itolab-1/yusei/database_chromatic-longtones/basstrb_mute-cup/basstrb019_E3_ovt-03_pos-II_mute-cup.wav
800,18,basstrb_mute-cup,basstrb020_E3_ovt-04_pos-VII_mute-cup.wav,basstrb_mute-cup/basstrb020_E3_ovt-04_pos-VII_mute-cup.wav,/home/itolab-1/yusei/database_chromatic-longtones/basstrb_mute-cup/basstrb020_E3_ovt-04_pos-VII_mute-cup.wav
801,18,basstrb_mute-cup,basstrb021_F3_ovt-03_pos-I_mute-cup.wav,basstrb_mute-cup/basstrb021_F3_ovt-03_pos-I_mute-cup.wav,/home/itolab-1/yusei/database_chromatic-longtones/basstrb_mute-cup/basstrb021_F3_ovt-03_pos-I_mute-cup.wav
802,18,basstrb_mute-cup,basstrb022_F3_ovt-04_pos-VI_mute-cup.wav,basstrb_mute-cup/basstrb022_F3_ovt-04_pos-VI_mute-cup.wav,/home/itolab-1/yusei/database_chromatic-longtones/basstrb_mute-cup/basstrb022_F3_ovt-04_pos-VI_mute-cup.wav
803,18,basstrb_mute-cup,basstrb023_Fis3_ovt-04_pos-V_mute-cup.wav,basstrb_mute-cup/basstrb023_Fis3_ovt-04_pos-V_mute-cup.wav,/home/itolab-1/yusei/database_chromatic-longtones/basstrb_mute-cup/basstrb023_Fis3_ovt-04_pos-V_mute-cup.wav
804,18,basstrb_mute-cup,basstrb024_G3_ovt-04_pos-IV_mute-cup.wav,basstrb_mute-cup/basstrb024_G3_ovt-04_pos-IV_mute-cup.wav,/home/itolab-1/yusei/database_chromatic-longtones/basstrb_mute-cup/basstrb024_G3_ovt-04_pos-IV_mute-cup.wav
805,18,basstrb_mute-cup,basstrb025_As3_ovt-04_pos-III_mute-cup.wav,basstrb_mute-cup/basstrb025_As3_ovt-04_pos-III_mute-cup.wav,/home/itolab-1/yusei/database_chromatic-longtones/basstrb_mute-cup/basstrb025_As3_ovt-04_pos-III_mute-cup.wav
806,18,basstrb_mute-cup,basstrb026_Gis3_ovt-05_pos-VII_mute-cup.wav,basstrb_mute-cup/basstrb026_Gis3_ovt-05_pos-VII_mute-cup.wav,/home/itolab-1/yusei/database_chromatic-longtones/basstrb_mute-cup/basstrb026_Gis3_ovt-05_pos-VII_mute-cup.wav
807,18,basstrb_mute-cup,basstrb027_A3_ovt-04_pos-II_mute-cup.wav,basstrb_mute-cup/basstrb027_A3_ovt-04_pos-II_mute-cup.wav,/home/itolab-1/yusei/database_chromatic-longtones/basstrb_mute-cup/basstrb027_A3_ovt-04_pos-II_mute-cup.wav
808,18,basstrb_mute-cup,basstrb028_A3_ovt-05_pos-VI_mute-cup.wav,basstrb_mute-cup/basstrb028_A3_ovt-05_pos-VI_mute-cup.wav,/home/itolab-1/yusei/database_chromatic-longtones/basstrb_mute-cup/basstrb028_A3_ovt-05_pos-VI_mute-cup.wav
809,18,basstrb_mute-cup,basstrb029_B3_ovt-04_pos-I_mute-cup.wav,basstrb_mute-cup/basstrb029_B3_ovt-04_pos-I_mute-cup.wav,/home/itolab-1/yusei/database_chromatic-longtones/basstrb_mute-cup/basstrb029_B3_ovt-04_pos-I_mute-cup.wav
810,18,basstrb_mute-cup,basstrb030_Ais3_ovt-05_pos-V_mute-cup.wav,basstrb_mute-cup/basstrb030_Ais3_ovt-05_pos-V_mute-cup.wav,/home/itolab-1/yusei/database_chromatic-longtones/basstrb_mute-cup/basstrb030_Ais3_ovt-05_pos-V_mute-cup.wav
811,18,basstrb_mute-cup,basstrb031_H3_ovt-05_pos-IV_mute-cup.wav,basstrb_mute-cup/basstrb031_H3_ovt-05_pos-IV_mute-cup.wav,/home/itolab-1/yusei/database_chromatic-longtones/basstrb_mute-cup/basstrb031_H3_ovt-05_pos-IV_mute-cup.wav
812,18,basstrb_mute-cup,basstrb032_H3_ovt-06_pos-VII_mute-cup.wav,basstrb_mute-cup/basstrb032_H3_ovt-06_pos-VII_mute-cup.wav,/home/itolab-1/yusei/database_chromatic-longtones/basstrb_mute-cup/basstrb032_H3_ovt-06_pos-VII_mute-cup.wav
813,18,basstrb_mute-cup,basstrb033_C4_ovt-05_pos-III_mute-cup.wav,basstrb_mute-cup/basstrb033_C4_ovt-05_pos-III_mute-cup.wav,/home/itolab-1/yusei/database_chromatic-longtones/basstrb_mute-cup/basstrb033_C4_ovt-05_pos-III_mute-cup.wav
814,18,basstrb_mute-cup,basstrb034_C4_ovt-06_pos-VI_mute-cup.wav,basstrb_mute-cup/basstrb034_C4_ovt-06_pos-VI_mute-cup.wav,/home/itolab-1/yusei/database_chromatic-longtones/basstrb_mute-cup/basstrb034_C4_ovt-06_pos-VI_mute-cup.wav
815,18,basstrb_mute-cup,basstrb035_Cis4_ovt-05_pos-II_mute-cup.wav,basstrb_mute-cup/basstrb035_Cis4_ovt-05_pos-II_mute-cup.wav,/home/itolab-1/yusei/database_chromatic-longtones/basstrb_mute-cup/basstrb035_Cis4_ovt-05_pos-II_mute-cup.wav
816,18,basstrb_mute-cup,basstrb036_Cis4_ovt-06_pos-V_mute-cup.wav,basstrb_mute-cup/basstrb036_Cis4_ovt-06_pos-V_mute-cup.wav,/home/itolab-1/yusei/database_chromatic-longtones/basstrb_mute-cup/basstrb036_Cis4_ovt-06_pos-V_mute-cup.wav
817,18,basstrb_mute-cup,basstrb037_D4_ovt-05_pos-I_mute-cup.wav,basstrb_mute-cup/basstrb037_D4_ovt-05_pos-I_mute-cup.wav,/home/itolab-1/yusei/database_chromatic-longtones/basstrb_mute-cup/basstrb037_D4_ovt-05_pos-I_mute-cup.wav
818,18,basstrb_mute-cup,basstrb038_D4_ovt-06_pos-IV_mute-cup.wav,basstrb_mute-cup/basstrb038_D4_ovt-06_pos-IV_mute-cup.wav,/home/itolab-1/yusei/database_chromatic-longtones/basstrb_mute-cup/basstrb038_D4_ovt-06_pos-IV_mute-cup.wav
819,18,basstrb_mute-cup,basstrb039_D4_ovt-07_pos-VII_mute-cup.wav,basstrb_mute-cup/basstrb039_D4_ovt-07_pos-VII_mute-cup.wav,/home/itolab-1/yusei/database_chromatic-longtones/basstrb_mute-cup/basstrb039_D4_ovt-07_pos-VII_mute-cup.wav
820,18,basstrb_mute-cup,basstrb040_Es4_ovt-06_pos-III_mute-cup.wav,basstrb_mute-cup/basstrb040_Es4_ovt-06_pos-III_mute-cup.wav,/home/itolab-1/yusei/database_chromatic-longtones/basstrb_mute-cup/basstrb040_Es4_ovt-06_pos-III_mute-cup.wav
821,18,basstrb_mute-cup,basstrb041_Es4_ovt-07_pos-VI_mute-cup.wav,basstrb_mute-cup/basstrb041_Es4_ovt-07_pos-VI_mute-cup.wav,/home/itolab-1/yusei/database_chromatic-longtones/basstrb_mute-cup/basstrb041_Es4_ovt-07_pos-VI_mute-cup.wav
822,18,basstrb_mute-cup,basstrb042_E4_ovt-06_pos-II_mute-cup.wav,basstrb_mute-cup/basstrb042_E4_ovt-06_pos-II_mute-cup.wav,/home/itolab-1/yusei/database_chromatic-longtones/basstrb_mute-cup/basstrb042_E4_ovt-06_pos-II_mute-cup.wav
823,18,basstrb_mute-cup,basstrb043_E4_ovt-07_pos-V_mute-cup.wav,basstrb_mute-cup/basstrb043_E4_ovt-07_pos-V_mute-cup.wav,/home/itolab-1/yusei/database_chromatic-longtones/basstrb_mute-cup/basstrb043_E4_ovt-07_pos-V_mute-cup.wav
824,18,basstrb_mute-cup,basstrb044_E4_ovt-08_pos-VII_mute-cup.wav,basstrb_mute-cup/basstrb044_E4_ovt-08_pos-VII_mute-cup.wav,/home/itolab-1/yusei/database_chromatic-longtones/basstrb_mute-cup/basstrb044_E4_ovt-08_pos-VII_mute-cup.wav
825,18,basstrb_mute-cup,basstrb045_F4_ovt-06_pos-I_mute-cup.wav,basstrb_mute-cup/basstrb045_F4_ovt-06_pos-I_mute-cup.wav,/home/itolab-1/yusei/database_chromatic-longtones/basstrb_mute-cup/basstrb045_F4_ovt-06_pos-I_mute-cup.wav
826,18,basstrb_mute-cup,basstrb046_F4_ovt-07_pos-IV_mute-cup.wav,basstrb_mute-cup/basstrb046_F4_ovt-07_pos-IV_mute-cup.wav,/home/itolab-1/yusei/database_chromatic-longtones/basstrb_mute-cup/basstrb046_F4_ovt-07_pos-IV_mute-cup.wav
827,18,basstrb_mute-cup,basstrb047_F4_ovt-08_pos-VI_mute-cup.wav,basstrb_mute-cup/basstrb047_F4_ovt-08_pos-VI_mute-cup.wav,/home/itolab-1/yusei/database_chromatic-longtones/basstrb_mute-cup/basstrb047_F4_ovt-08_pos-VI_mute-cup.wav
828,18,basstrb_mute-cup,basstrb048_Ges4_ovt-07_pos-III_mute-cup.wav,basstrb_mute-cup/basstrb048_Ges4_ovt-07_pos-III_mute-cup.wav,/home/itolab-1/yusei/database_chromatic-longtones/basstrb_mute-cup/basstrb048_Ges4_ovt-07_pos-III_mute-cup.wav
829,18,basstrb_mute-cup,basstrb049_Fis4_ovt-08_pos-V_mute-cup.wav,basstrb_mute-cup/basstrb049_Fis4_ovt-08_pos-V_mute-cup.wav,/home/itolab-1/yusei/database_chromatic-longtones/basstrb_mute-cup/basstrb049_Fis4_ovt-08_pos-V_mute-cup.wav
830,18,basstrb_mute-cup,basstrb050_G4_ovt-07_pos-II_mute-cup.wav,basstrb_mute-cup/basstrb050_G4_ovt-07_pos-II_mute-cup.wav,/home/itolab-1/yusei/database_chromatic-longtones/basstrb_mute-cup/basstrb050_G4_ovt-07_pos-II_mute-cup.wav
831,18,basstrb_mute-cup,basstrb051_G4_ovt-08_pos-IV_mute-cup.wav,basstrb_mute-cup/basstrb051_G4_ovt-08_pos-IV_mute-cup.wav,/home/itolab-1/yusei/database_chromatic-longtones/basstrb_mute-cup/basstrb051_G4_ovt-08_pos-IV_mute-cup.wav
832,18,basstrb_mute-cup,basstrb052_As4_ovt-07_pos-I_mute-cup.wav,basstrb_mute-cup/basstrb052_As4_ovt-07_pos-I_mute-cup.wav,/home/itolab-1/yusei/database_chromatic-longtones/basstrb_mute-cup/basstrb052_As4_ovt-07_pos-I_mute-cup.wav
833,18,basstrb_mute-cup,basstrb053_As4_ovt-08_pos-III_mute-cup.wav,basstrb_mute-cup/basstrb053_As4_ovt-08_pos-III_mute-cup.wav,/home/itolab-1/yusei/database_chromatic-longtones/basstrb_mute-cup/basstrb053_As4_ovt-08_pos-III_mute-cup.wav
834,18,basstrb_mute-cup,basstrb054_A4_ovt-08_pos-II_mute-cup.wav,basstrb_mute-cup/basstrb054_A4_ovt-08_pos-II_mute-cup.wav,/home/itolab-1/yusei/database_chromatic-longtones/basstrb_mute-cup/basstrb054_A4_ovt-08_pos-II_mute-cup.wav
835,18,basstrb_mute-cup,basstrb055_B4_ovt-08_pos-I_mute-cup.wav,basstrb_mute-cup/basstrb055_B4_ovt-08_pos-I_mute-cup.wav,/home/itolab-1/yusei/database_chromatic-longtones/basstrb_mute-cup/basstrb055_B4_ovt-08_pos-I_mute-cup.wav
836,19,basstrb_mute-harmonNOstem,basstrb000_E1_ovt-01_pos-VII_mute-harmonNOstem.wav,basstrb_mute-harmonNOstem/basstrb000_E1_ovt-01_pos-VII_mute-harmonNOstem.wav,/home/itolab-1/yusei/database_chromatic-longtones/basstrb_mute-harmonNOstem/basstrb000_E1_ovt-01_pos-VII_mute-harmonNOstem.wav
837,19,basstrb_mute-harmonNOstem,basstrb001_F1_ovt-01_pos-VI_mute-harmonNOstem.wav,basstrb_mute-harmonNOstem/basstrb001_F1_ovt-01_pos-VI_mute-harmonNOstem.wav,/home/itolab-1/yusei/database_chromatic-longtones/basstrb_mute-harmonNOstem/basstrb001_F1_ovt-01_pos-VI_mute-harmonNOstem.wav
838,19,basstrb_mute-harmonNOstem,basstrb002_Fis1_ovt-01_pos-V_mute-harmonNOstem.wav,basstrb_mute-harmonNOstem/basstrb002_Fis1_ovt-01_pos-V_mute-harmonNOstem.wav,/home/itolab-1/yusei/database_chromatic-longtones/basstrb_mute-harmonNOstem/basstrb002_Fis1_ovt-01_pos-V_mute-harmonNOstem.wav
839,19,basstrb_mute-harmonNOstem,basstrb003_G1_ovt-01_pos-IV_mute-harmonNOstem.wav,basstrb_mute-harmonNOstem/basstrb003_G1_ovt-01_pos-IV_mute-harmonNOstem.wav,/home/itolab-1/yusei/database_chromatic-longtones/basstrb_mute-harmonNOstem/basstrb003_G1_ovt-01_pos-IV_mute-harmonNOstem.wav
840,19,basstrb_mute-harmonNOstem,basstrb004_As1_ovt-01_pos-III_mute-harmonNOstem.wav,basstrb_mute-harmonNOstem/basstrb004_As1_ovt-01_pos-III_mute-harmonNOstem.wav,/home/itolab-1/yusei/database_chromatic-longtones/basstrb_mute-harmonNOstem/basstrb004_As1_ovt-01_pos-III_mute-harmonNOstem.wav
841,19,basstrb_mute-harmonNOstem,basstrb005_A1_ovt-01_pos-II_mute-harmonNOstem.wav,basstrb_mute-harmonNOstem/basstrb005_A1_ovt-01_pos-II_mute-harmonNOstem.wav,/home/itolab-1/yusei/database_chromatic-longtones/basstrb_mute-harmonNOstem/basstrb005_A1_ovt-01_pos-II_mute-harmonNOstem.wav
842,19,basstrb_mute-harmonNOstem,basstrb006_B1_ovt-01_pos-I_mute-harmonNOstem.wav,basstrb_mute-harmonNOstem/basstrb006_B1_ovt-01_pos-I_mute-harmonNOstem.wav,/home/itolab-1/yusei/database_chromatic-longtones/basstrb_mute-harmonNOstem/basstrb006_B1_ovt-01_pos-I_mute-harmonNOstem.wav
843,19,basstrb_mute-harmonNOstem,basstrb007_E2_ovt-02_pos-VII_mute-harmonNOstem.wav,basstrb_mute-harmonNOstem/basstrb007_E2_ovt-02_pos-VII_mute-harmonNOstem.wav,/home/itolab-1/yusei/database_chromatic-longtones/basstrb_mute-harmonNOstem/basstrb007_E2_ovt-02_pos-VII_mute-harmonNOstem.wav
844,19,basstrb_mute-harmonNOstem,basstrb008_F2_ovt-02_pos-VI_mute-harmonNOstem.wav,basstrb_mute-harmonNOstem/basstrb008_F2_ovt-02_pos-VI_mute-harmonNOstem.wav,/home/itolab-1/yusei/database_chromatic-longtones/basstrb_mute-harmonNOstem/basstrb008_F2_ovt-02_pos-VI_mute-harmonNOstem.wav
845,19,basstrb_mute-harmonNOstem,basstrb009_Fis2_ovt-02_pos-V_mute-harmonNOstem.wav,basstrb_mute-harmonNOstem/basstrb009_Fis2_ovt-02_pos-V_mute-harmonNOstem.wav,/home/itolab-1/yusei/database_chromatic-longtones/basstrb_mute-harmonNOstem/basstrb009_Fis2_ovt-02_pos-V_mute-harmonNOstem.wav
846,19,basstrb_mute-harmonNOstem,basstrb010_G2_ovt-02_pos-IV_mute-harmonNOstem.wav,basstrb_mute-harmonNOstem/basstrb010_G2_ovt-02_pos-IV_mute-harmonNOstem.wav,/home/itolab-1/yusei/database_chromatic-longtones/basstrb_mute-harmonNOstem/basstrb010_G2_ovt-02_pos-IV_mute-harmonNOstem.wav
847,19,basstrb_mute-harmonNOstem,basstrb011_As2_ovt-02_pos-III_mute-harmonNOstem.wav,basstrb_mute-harmonNOstem/basstrb011_As2_ovt-02_pos-III_mute-harmonNOstem.wav,/home/itolab-1/yusei/database_chromatic-longtones/basstrb_mute-harmonNOstem/basstrb011_As2_ovt-02_pos-III_mute-harmonNOstem.wav
848,19,basstrb_mute-harmonNOstem,basstrb012_A2_ovt-02_pos-II_mute-harmonNOstem.wav,basstrb_mute-harmonNOstem/basstrb012_A2_ovt-02_pos-II_mute-harmonNOstem.wav,/home/itolab-1/yusei/database_chromatic-longtones/basstrb_mute-harmonNOstem/basstrb012_A2_ovt-02_pos-II_mute-harmonNOstem.wav
849,19,basstrb_mute-harmonNOstem,basstrb013_B2_ovt-02_pos-I_mute-harmonNOstem.wav,basstrb_mute-harmonNOstem/basstrb013_B2_ovt-02_pos-I_mute-harmonNOstem.wav,/home/itolab-1/yusei/database_chromatic-longtones/basstrb_mute-harmonNOstem/basstrb013_B2_ovt-02_pos-I_mute-harmonNOstem.wav
850,19,basstrb_mute-harmonNOstem,basstrb014_H2_ovt-03_pos-VII_mute-harmonNOstem.wav,basstrb_mute-harmonNOstem/basstrb014_H2_ovt-03_pos-VII_mute-harmonNOstem.wav,/home/itolab-1/yusei/database_chromatic-longtones/basstrb_mute-harmonNOstem/basstrb014_H2_ovt-03_pos-VII_mute-harmonNOstem.wav
851,19,basstrb_mute-harmonNOstem,basstrb015_C3_ovt-03_pos-VI_mute-harmonNOstem.wav,basstrb_mute-harmonNOstem/basstrb015_C3_ovt-03_pos-VI_mute-harmonNOstem.wav,/home/itolab-1/yusei/database_chromatic-longtones/basstrb_mute-harmonNOstem/basstrb015_C3_ovt-03_pos-VI_mute-harmonNOstem.wav
852,19,basstrb_mute-harmonNOstem,basstrb016_Cis3_ovt-03_pos-V_mute-harmonNOstem.wav,basstrb_mute-harmonNOstem/basstrb016_Cis3_ovt-03_pos-V_mute-harmonNOstem.wav,/home/itolab-1/yusei/database_chromatic-longtones/basstrb_mute-harmonNOstem/basstrb016_Cis3_ovt-03_pos-V_mute-harmonNOstem.wav
853,19,basstrb_mute-harmonNOstem,basstrb017_D3_ovt-03_pos-IV_mute-harmonNOstem.wav,basstrb_mute-harmonNOstem/basstrb017_D3_ovt-03_pos-IV_mute-harmonNOstem.wav,/home/itolab-1/yusei/database_chromatic-longtones/basstrb_mute-harmonNOstem/basstrb017_D3_ovt-03_pos-IV_mute-harmonNOstem.wav
854,19,basstrb_mute-harmonNOstem,basstrb018_Es3_ovt-03_pos-III_mute-harmonNOstem.wav,basstrb_mute-harmonNOstem/basstrb018_Es3_ovt-03_pos-III_mute-harmonNOstem.wav,/home/itolab-1/yusei/database_chromatic-longtones/basstrb_mute-harmonNOstem/basstrb018_Es3_ovt-03_pos-III_mute-harmonNOstem.wav
855,19,basstrb_mute-harmonNOstem,basstrb019_E3_ovt-03_pos-II_mute-harmonNOstem.wav,basstrb_mute-harmonNOstem/basstrb019_E3_ovt-03_pos-II_mute-harmonNOstem.wav,/home/itolab-1/yusei/database_chromatic-longtones/basstrb_mute-harmonNOstem/basstrb019_E3_ovt-03_pos-II_mute-harmonNOstem.wav
856,19,basstrb_mute-harmonNOstem,basstrb020_E3_ovt-04_pos-VII_mute-harmonNOstem.wav,basstrb_mute-harmonNOstem/basstrb020_E3_ovt-04_pos-VII_mute-harmonNOstem.wav,/home/itolab-1/yusei/database_chromatic-longtones/basstrb_mute-harmonNOstem/basstrb020_E3_ovt-04_pos-VII_mute-harmonNOstem.wav
857,19,basstrb_mute-harmonNOstem,basstrb021_F3_ovt-03_pos-I_mute-harmonNOstem.wav,basstrb_mute-harmonNOstem/basstrb021_F3_ovt-03_pos-I_mute-harmonNOstem.wav,/home/itolab-1/yusei/database_chromatic-longtones/basstrb_mute-harmonNOstem/basstrb021_F3_ovt-03_pos-I_mute-harmonNOstem.wav
858,19,basstrb_mute-harmonNOstem,basstrb022_F3_ovt-04_pos-VI_mute-harmonNOstem.wav,basstrb_mute-harmonNOstem/basstrb022_F3_ovt-04_pos-VI_mute-harmonNOstem.wav,/home/itolab-1/yusei/database_chromatic-longtones/basstrb_mute-harmonNOstem/basstrb022_F3_ovt-04_pos-VI_mute-harmonNOstem.wav
859,19,basstrb_mute-harmonNOstem,basstrb023_Fis3_ovt-04_pos-V_mute-harmonNOstem.wav,basstrb_mute-harmonNOstem/basstrb023_Fis3_ovt-04_pos-V_mute-harmonNOstem.wav,/home/itolab-1/yusei/database_chromatic-longtones/basstrb_mute-harmonNOstem/basstrb023_Fis3_ovt-04_pos-V_mute-harmonNOstem.wav
860,19,basstrb_mute-harmonNOstem,basstrb024_G3_ovt-04_pos-IV_mute-harmonNOstem.wav,basstrb_mute-harmonNOstem/basstrb024_G3_ovt-04_pos-IV_mute-harmonNOstem.wav,/home/itolab-1/yusei/database_chromatic-longtones/basstrb_mute-harmonNOstem/basstrb024_G3_ovt-04_pos-IV_mute-harmonNOstem.wav
861,19,basstrb_mute-harmonNOstem,basstrb025_As3_ovt-04_pos-III_mute-harmonNOstem.wav,basstrb_mute-harmonNOstem/basstrb025_As3_ovt-04_pos-III_mute-harmonNOstem.wav,/home/itolab-1/yusei/database_chromatic-longtones/basstrb_mute-harmonNOstem/basstrb025_As3_ovt-04_pos-III_mute-harmonNOstem.wav
862,19,basstrb_mute-harmonNOstem,basstrb026_Gis3_ovt-05_pos-V_mute-harmonNOstem.wav,basstrb_mute-harmonNOstem/basstrb026_Gis3_ovt-05_pos-V_mute-harmonNOstem.wav,/home/itolab-1/yusei/database_chromatic-longtones/basstrb_mute-harmonNOstem/basstrb026_Gis3_ovt-05_pos-V_mute-harmonNOstem.wav
863,19,basstrb_mute-harmonNOstem,basstrb027_A3_ovt-04_pos-II_mute-harmonNOstem.wav,basstrb_mute-harmonNOstem/basstrb027_A3_ovt-04_pos-II_mute-harmonNOstem.wav,/home/itolab-1/yusei/database_chromatic-longtones/basstrb_mute-harmonNOstem/basstrb027_A3_ovt-04_pos-II_mute-harmonNOstem.wav
864,19,basstrb_mute-harmonNOstem,basstrb028_A3_ovt-05_pos-VI_mute-harmonNOstem.wav,basstrb_mute-harmonNOstem/basstrb028_A3_ovt-05_pos-VI_mute-harmonNOstem.wav,/home/itolab-1/yusei/database_chromatic-longtones/basstrb_mute-harmonNOstem/basstrb028_A3_ovt-05_pos-VI_mute-harmonNOstem.wav
865,19,basstrb_mute-harmonNOstem,basstrb029_Ais3_ovt-05_pos-V_mute-harmonNOstem.wav,basstrb_mute-harmonNOstem/basstrb029_Ais3_ovt-05_pos-V_mute-harmonNOstem.wav,/home/itolab-1/yusei/database_chromatic-longtones/basstrb_mute-harmonNOstem/basstrb029_Ais3_ovt-05_pos-V_mute-harmonNOstem.wav
866,19,basstrb_mute-harmonNOstem,basstrb030_B3_ovt-04_pos-I_mute-harmonNOstem.wav,basstrb_mute-harmonNOstem/basstrb030_B3_ovt-04_pos-I_mute-harmonNOstem.wav,/home/itolab-1/yusei/database_chromatic-longtones/basstrb_mute-harmonNOstem/basstrb030_B3_ovt-04_pos-I_mute-harmonNOstem.wav
867,19,basstrb_mute-harmonNOstem,basstrb031_H3_ovt-05_pos-IV_mute-harmonNOstem.wav,basstrb_mute-harmonNOstem/basstrb031_H3_ovt-05_pos-IV_mute-harmonNOstem.wav,/home/itolab-1/yusei/database_chromatic-longtones/basstrb_mute-harmonNOstem/basstrb031_H3_ovt-05_pos-IV_mute-harmonNOstem.wav
868,19,basstrb_mute-harmonNOstem,basstrb032_H3_ovt-06_pos-VII_mute-harmonNOstem.wav,basstrb_mute-harmonNOstem/basstrb032_H3_ovt-06_pos-VII_mute-harmonNOstem.wav,/home/itolab-1/yusei/database_chromatic-longtones/basstrb_mute-harmonNOstem/basstrb032_H3_ovt-06_pos-VII_mute-harmonNOstem.wav
869,19,basstrb_mute-harmonNOstem,basstrb033_C4_ovt-05_pos-III_mute-harmonNOstem.wav,basstrb_mute-harmonNOstem/basstrb033_C4_ovt-05_pos-III_mute-harmonNOstem.wav,/home/itolab-1/yusei/database_chromatic-longtones/basstrb_mute-harmonNOstem/basstrb033_C4_ovt-05_pos-III_mute-harmonNOstem.wav
870,19,basstrb_mute-harmonNOstem,basstrb034_C4_ovt-06_pos-VI_mute-harmonNOstem.wav,basstrb_mute-harmonNOstem/basstrb034_C4_ovt-06_pos-VI_mute-harmonNOstem.wav,/home/itolab-1/yusei/database_chromatic-longtones/basstrb_mute-harmonNOstem/basstrb034_C4_ovt-06_pos-VI_mute-harmonNOstem.wav
871,19,basstrb_mute-harmonNOstem,basstrb035_Cis4_ovt-05_pos-II_mute-harmonNOstem.wav,basstrb_mute-harmonNOstem/basstrb035_Cis4_ovt-05_pos-II_mute-harmonNOstem.wav,/home/itolab-1/yusei/database_chromatic-longtones/basstrb_mute-harmonNOstem/basstrb035_Cis4_ovt-05_pos-II_mute-harmonNOstem.wav
872,19,basstrb_mute-harmonNOstem,basstrb036_Cis4_ovt-06_pos-V_mute-harmonNOstem.wav,basstrb_mute-harmonNOstem/basstrb036_Cis4_ovt-06_pos-V_mute-harmonNOstem.wav,/home/itolab-1/yusei/database_chromatic-longtones/basstrb_mute-harmonNOstem/basstrb036_Cis4_ovt-06_pos-V_mute-harmonNOstem.wav
873,19,basstrb_mute-harmonNOstem,basstrb037_D4_ovt-05_pos-I_mute-harmonNOstem.wav,basstrb_mute-harmonNOstem/basstrb037_D4_ovt-05_pos-I_mute-harmonNOstem.wav,/home/itolab-1/yusei/database_chromatic-longtones/basstrb_mute-harmonNOstem/basstrb037_D4_ovt-05_pos-I_mute-harmonNOstem.wav
874,19,basstrb_mute-harmonNOstem,basstrb038_D4_ovt-06_pos-IV_mute-harmonNOstem.wav,basstrb_mute-harmonNOstem/basstrb038_D4_ovt-06_pos-IV_mute-harmonNOstem.wav,/home/itolab-1/yusei/database_chromatic-longtones/basstrb_mute-harmonNOstem/basstrb038_D4_ovt-06_pos-IV_mute-harmonNOstem.wav
875,19,basstrb_mute-harmonNOstem,basstrb039_D4_ovt-07_pos-VII_mute-harmonNOstem.wav,basstrb_mute-harmonNOstem/basstrb039_D4_ovt-07_pos-VII_mute-harmonNOstem.wav,/home/itolab-1/yusei/database_chromatic-longtones/basstrb_mute-harmonNOstem/basstrb039_D4_ovt-07_pos-VII_mute-harmonNOstem.wav
876,19,basstrb_mute-harmonNOstem,basstrb040_Es4_ovt-06_pos-III_mute-harmonNOstem.wav,basstrb_mute-harmonNOstem/basstrb040_Es4_ovt-06_pos-III_mute-harmonNOstem.wav,/home/itolab-1/yusei/database_chromatic-longtones/basstrb_mute-harmonNOstem/basstrb040_Es4_ovt-06_pos-III_mute-harmonNOstem.wav
877,19,basstrb_mute-harmonNOstem,basstrb041_Es4_ovt-07_pos-VI_mute-harmonNOstem.wav,basstrb_mute-harmonNOstem/basstrb041_Es4_ovt-07_pos-VI_mute-harmonNOstem.wav,/home/itolab-1/yusei/database_chromatic-longtones/basstrb_mute-harmonNOstem/basstrb041_Es4_ovt-07_pos-VI_mute-harmonNOstem.wav
878,19,basstrb_mute-harmonNOstem,basstrb042_E4_ovt-06_pos-II_mute-harmonNOstem.wav,basstrb_mute-harmonNOstem/basstrb042_E4_ovt-06_pos-II_mute-harmonNOstem.wav,/home/itolab-1/yusei/database_chromatic-longtones/basstrb_mute-harmonNOstem/basstrb042_E4_ovt-06_pos-II_mute-harmonNOstem.wav
879,19,basstrb_mute-harmonNOstem,basstrb043_E4_ovt-07_pos-V_mute-harmonNOstem.wav,basstrb_mute-harmonNOstem/basstrb043_E4_ovt-07_pos-V_mute-harmonNOstem.wav,/home/itolab-1/yusei/database_chromatic-longtones/basstrb_mute-harmonNOstem/basstrb043_E4_ovt-07_pos-V_mute-harmonNOstem.wav
880,19,basstrb_mute-harmonNOstem,basstrb044_E4_ovt-08_pos-VII_mute-harmonNOstem.wav,basstrb_mute-harmonNOstem/basstrb044_E4_ovt-08_pos-VII_mute-harmonNOstem.wav,/home/itolab-1/yusei/database_chromatic-longtones/basstrb_mute-harmonNOstem/basstrb044_E4_ovt-08_pos-VII_mute-harmonNOstem.wav
881,19,basstrb_mute-harmonNOstem,basstrb045_F4_ovt-06_pos-I_mute-harmonNOstem.wav,basstrb_mute-harmonNOstem/basstrb045_F4_ovt-06_pos-I_mute-harmonNOstem.wav,/home/itolab-1/yusei/database_chromatic-longtones/basstrb_mute-harmonNOstem/basstrb045_F4_ovt-06_pos-I_mute-harmonNOstem.wav
882,19,basstrb_mute-harmonNOstem,basstrb046_F4_ovt-07_pos-IV_mute-harmonNOstem.wav,basstrb_mute-harmonNOstem/basstrb046_F4_ovt-07_pos-IV_mute-harmonNOstem.wav,/home/itolab-1/yusei/database_chromatic-longtones/basstrb_mute-harmonNOstem/basstrb046_F4_ovt-07_pos-IV_mute-harmonNOstem.wav
883,19,basstrb_mute-harmonNOstem,basstrb047_F4_ovt-08_pos-VI_mute-harmonNOstem.wav,basstrb_mute-harmonNOstem/basstrb047_F4_ovt-08_pos-VI_mute-harmonNOstem.wav,/home/itolab-1/yusei/database_chromatic-longtones/basstrb_mute-harmonNOstem/basstrb047_F4_ovt-08_pos-VI_mute-harmonNOstem.wav
884,19,basstrb_mute-harmonNOstem,basstrb048_Ges4_ovt-07_pos-III_mute-harmonNOstem.wav,basstrb_mute-harmonNOstem/basstrb048_Ges4_ovt-07_pos-III_mute-harmonNOstem.wav,/home/itolab-1/yusei/database_chromatic-longtones/basstrb_mute-harmonNOstem/basstrb048_Ges4_ovt-07_pos-III_mute-harmonNOstem.wav
885,19,basstrb_mute-harmonNOstem,basstrb049_Fis4_ovt-08_pos-V_mute-harmonNOstem.wav,basstrb_mute-harmonNOstem/basstrb049_Fis4_ovt-08_pos-V_mute-harmonNOstem.wav,/home/itolab-1/yusei/database_chromatic-longtones/basstrb_mute-harmonNOstem/basstrb049_Fis4_ovt-08_pos-V_mute-harmonNOstem.wav
886,19,basstrb_mute-harmonNOstem,basstrb050_G4_ovt-07_pos-II_mute-harmonNOstem.wav,basstrb_mute-harmonNOstem/basstrb050_G4_ovt-07_pos-II_mute-harmonNOstem.wav,/home/itolab-1/yusei/database_chromatic-longtones/basstrb_mute-harmonNOstem/basstrb050_G4_ovt-07_pos-II_mute-harmonNOstem.wav
887,19,basstrb_mute-harmonNOstem,basstrb051_G4_ovt-08_pos-IV_mute-harmonNOstem.wav,basstrb_mute-harmonNOstem/basstrb051_G4_ovt-08_pos-IV_mute-harmonNOstem.wav,/home/itolab-1/yusei/database_chromatic-longtones/basstrb_mute-harmonNOstem/basstrb051_G4_ovt-08_pos-IV_mute-harmonNOstem.wav
888,19,basstrb_mute-harmonNOstem,basstrb052_As4_ovt-07_pos-I_mute-harmonNOstem.wav,basstrb_mute-harmonNOstem/basstrb052_As4_ovt-07_pos-I_mute-harmonNOstem.wav,/home/itolab-1/yusei/database_chromatic-longtones/basstrb_mute-harmonNOstem/basstrb052_As4_ovt-07_pos-I_mute-harmonNOstem.wav
889,19,basstrb_mute-harmonNOstem,basstrb053_As4_ovt-08_pos-III_mute-harmonNOstem.wav,basstrb_mute-harmonNOstem/basstrb053_As4_ovt-08_pos-III_mute-harmonNOstem.wav,/home/itolab-1/yusei/database_chromatic-longtones/basstrb_mute-harmonNOstem/basstrb053_As4_ovt-08_pos-III_mute-harmonNOstem.wav
890,19,basstrb_mute-harmonNOstem,basstrb054_A4_ovt-08_pos-II_mute-harmonNOstem.wav,basstrb_mute-harmonNOstem/basstrb054_A4_ovt-08_pos-II_mute-harmonNOstem.wav,/home/itolab-1/yusei/database_chromatic-longtones/basstrb_mute-harmonNOstem/basstrb054_A4_ovt-08_pos-II_mute-harmonNOstem.wav
891,19,basstrb_mute-harmonNOstem,basstrb055_B4_ovt-08_pos-I_mute-harmonNOstem.wav,basstrb_mute-harmonNOstem/basstrb055_B4_ovt-08_pos-I_mute-harmonNOstem.wav,/home/itolab-1/yusei/database_chromatic-longtones/basstrb_mute-harmonNOstem/basstrb055_B4_ovt-08_pos-I_mute-harmonNOstem.wav
892,20,basstrb_mute-harmonStemmed,basstrb000_E1_ovt-01_pos-VII_mute-harmonStemmed.wav,basstrb_mute-harmonStemmed/basstrb000_E1_ovt-01_pos-VII_mute-harmonStemmed.wav,/home/itolab-1/yusei/database_chromatic-longtones/basstrb_mute-harmonStemmed/basstrb000_E1_ovt-01_pos-VII_mute-harmonStemmed.wav
893,20,basstrb_mute-harmonStemmed,basstrb001_F1_ovt-01_pos-VI_mute-harmonStemmed.wav,basstrb_mute-harmonStemmed/basstrb001_F1_ovt-01_pos-VI_mute-harmonStemmed.wav,/home/itolab-1/yusei/database_chromatic-longtones/basstrb_mute-harmonStemmed/basstrb001_F1_ovt-01_pos-VI_mute-harmonStemmed.wav
894,20,basstrb_mute-harmonStemmed,basstrb002_Fis1_ovt-01_pos-V_mute-harmonStemmed.wav,basstrb_mute-harmonStemmed/basstrb002_Fis1_ovt-01_pos-V_mute-harmonStemmed.wav,/home/itolab-1/yusei/database_chromatic-longtones/basstrb_mute-harmonStemmed/basstrb002_Fis1_ovt-01_pos-V_mute-harmonStemmed.wav
895,20,basstrb_mute-harmonStemmed,basstrb003_G1_ovt-01_pos-IV_mute-harmonStemmed.wav,basstrb_mute-harmonStemmed/basstrb003_G1_ovt-01_pos-IV_mute-harmonStemmed.wav,/home/itolab-1/yusei/database_chromatic-longtones/basstrb_mute-harmonStemmed/basstrb003_G1_ovt-01_pos-IV_mute-harmonStemmed.wav
896,20,basstrb_mute-harmonStemmed,basstrb004_As1_ovt-01_pos-III_mute-harmonStemmed.wav,basstrb_mute-harmonStemmed/basstrb004_As1_ovt-01_pos-III_mute-harmonStemmed.wav,/home/itolab-1/yusei/database_chromatic-longtones/basstrb_mute-harmonStemmed/basstrb004_As1_ovt-01_pos-III_mute-harmonStemmed.wav
897,20,basstrb_mute-harmonStemmed,basstrb005_A1_ovt-01_pos-II_mute-harmonStemmed.wav,basstrb_mute-harmonStemmed/basstrb005_A1_ovt-01_pos-II_mute-harmonStemmed.wav,/home/itolab-1/yusei/database_chromatic-longtones/basstrb_mute-harmonStemmed/basstrb005_A1_ovt-01_pos-II_mute-harmonStemmed.wav
898,20,basstrb_mute-harmonStemmed,basstrb006_B1_ovt-01_pos-I_mute-harmonStemmed.wav,basstrb_mute-harmonStemmed/basstrb006_B1_ovt-01_pos-I_mute-harmonStemmed.wav,/home/itolab-1/yusei/database_chromatic-longtones/basstrb_mute-harmonStemmed/basstrb006_B1_ovt-01_pos-I_mute-harmonStemmed.wav
899,20,basstrb_mute-harmonStemmed,basstrb007_E2_ovt-02_pos-VII_mute-harmonStemmed.wav,basstrb_mute-harmonStemmed/basstrb007_E2_ovt-02_pos-VII_mute-harmonStemmed.wav,/home/itolab-1/yusei/database_chromatic-longtones/basstrb_mute-harmonStemmed/basstrb007_E2_ovt-02_pos-VII_mute-harmonStemmed.wav
900,20,basstrb_mute-harmonStemmed,basstrb008_F2_ovt-02_pos-VI_mute-harmonStemmed.wav,basstrb_mute-harmonStemmed/basstrb008_F2_ovt-02_pos-VI_mute-harmonStemmed.wav,/home/itolab-1/yusei/database_chromatic-longtones/basstrb_mute-harmonStemmed/basstrb008_F2_ovt-02_pos-VI_mute-harmonStemmed.wav
901,20,basstrb_mute-harmonStemmed,basstrb009_Fis2_ovt-02_pos-V_mute-harmonStemmed.wav,basstrb_mute-harmonStemmed/basstrb009_Fis2_ovt-02_pos-V_mute-harmonStemmed.wav,/home/itolab-1/yusei/database_chromatic-longtones/basstrb_mute-harmonStemmed/basstrb009_Fis2_ovt-02_pos-V_mute-harmonStemmed.wav
902,20,basstrb_mute-harmonStemmed,basstrb010_G2_ovt-02_pos-IV_mute-harmonStemmed.wav,basstrb_mute-harmonStemmed/basstrb010_G2_ovt-02_pos-IV_mute-harmonStemmed.wav,/home/itolab-1/yusei/database_chromatic-longtones/basstrb_mute-harmonStemmed/basstrb010_G2_ovt-02_pos-IV_mute-harmonStemmed.wav
903,20,basstrb_mute-harmonStemmed,basstrb011_As2_ovt-02_pos-III_mute-harmonStemmed.wav,basstrb_mute-harmonStemmed/basstrb011_As2_ovt-02_pos-III_mute-harmonStemmed.wav,/home/itolab-1/yusei/database_chromatic-longtones/basstrb_mute-harmonStemmed/basstrb011_As2_ovt-02_pos-III_mute-harmonStemmed.wav
904,20,basstrb_mute-harmonStemmed,basstrb012_A2_ovt-02_pos-II_mute-harmonStemmed.wav,basstrb_mute-harmonStemmed/basstrb012_A2_ovt-02_pos-II_mute-harmonStemmed.wav,/home/itolab-1/yusei/database_chromatic-longtones/basstrb_mute-harmonStemmed/basstrb012_A2_ovt-02_pos-II_mute-harmonStemmed.wav
905,20,basstrb_mute-harmonStemmed,basstrb013_B2_ovt-02_pos-I_mute-harmonStemmed.wav,basstrb_mute-harmonStemmed/basstrb013_B2_ovt-02_pos-I_mute-harmonStemmed.wav,/home/itolab-1/yusei/database_chromatic-longtones/basstrb_mute-harmonStemmed/basstrb013_B2_ovt-02_pos-I_mute-harmonStemmed.wav
906,20,basstrb_mute-harmonStemmed,basstrb014_H2_ovt-03_pos-VII_mute-harmonStemmed.wav,basstrb_mute-harmonStemmed/basstrb014_H2_ovt-03_pos-VII_mute-harmonStemmed.wav,/home/itolab-1/yusei/database_chromatic-longtones/basstrb_mute-harmonStemmed/basstrb014_H2_ovt-03_pos-VII_mute-harmonStemmed.wav
907,20,basstrb_mute-harmonStemmed,basstrb015_C3_ovt-03_pos-VI_mute-harmonStemmed.wav,basstrb_mute-harmonStemmed/basstrb015_C3_ovt-03_pos-VI_mute-harmonStemmed.wav,/home/itolab-1/yusei/database_chromatic-longtones/basstrb_mute-harmonStemmed/basstrb015_C3_ovt-03_pos-VI_mute-harmonStemmed.wav
908,20,basstrb_mute-harmonStemmed,basstrb016_Cis3_ovt-03_pos-V_mute-harmonStemmed.wav,basstrb_mute-harmonStemmed/basstrb016_Cis3_ovt-03_pos-V_mute-harmonStemmed.wav,/home/itolab-1/yusei/database_chromatic-longtones/basstrb_mute-harmonStemmed/basstrb016_Cis3_ovt-03_pos-V_mute-harmonStemmed.wav
909,20,basstrb_mute-harmonStemmed,basstrb017_D3_ovt-03_pos-IV_mute-harmonStemmed.wav,basstrb_mute-harmonStemmed/basstrb017_D3_ovt-03_pos-IV_mute-harmonStemmed.wav,/home/itolab-1/yusei/database_chromatic-longtones/basstrb_mute-harmonStemmed/basstrb017_D3_ovt-03_pos-IV_mute-harmonStemmed.wav
910,20,basstrb_mute-harmonStemmed,basstrb018_Es3_ovt-03_pos-III_mute-harmonStemmed.wav,basstrb_mute-harmonStemmed/basstrb018_Es3_ovt-03_pos-III_mute-harmonStemmed.wav,/home/itolab-1/yusei/database_chromatic-longtones/basstrb_mute-harmonStemmed/basstrb018_Es3_ovt-03_pos-III_mute-harmonStemmed.wav
911,20,basstrb_mute-harmonStemmed,basstrb019_E3_ovt-03_pos-II_mute-harmonStemmed.wav,basstrb_mute-harmonStemmed/basstrb019_E3_ovt-03_pos-II_mute-harmonStemmed.wav,/home/itolab-1/yusei/database_chromatic-longtones/basstrb_mute-harmonStemmed/basstrb019_E3_ovt-03_pos-II_mute-harmonStemmed.wav
912,20,basstrb_mute-harmonStemmed,basstrb020_E3_ovt-04_pos-VII_mute-harmonStemmed.wav,basstrb_mute-harmonStemmed/basstrb020_E3_ovt-04_pos-VII_mute-harmonStemmed.wav,/home/itolab-1/yusei/database_chromatic-longtones/basstrb_mute-harmonStemmed/basstrb020_E3_ovt-04_pos-VII_mute-harmonStemmed.wav
913,20,basstrb_mute-harmonStemmed,basstrb021_F3_ovt-03_pos-I_mute-harmonStemmed.wav,basstrb_mute-harmonStemmed/basstrb021_F3_ovt-03_pos-I_mute-harmonStemmed.wav,/home/itolab-1/yusei/database_chromatic-longtones/basstrb_mute-harmonStemmed/basstrb021_F3_ovt-03_pos-I_mute-harmonStemmed.wav
914,20,basstrb_mute-harmonStemmed,basstrb022_F3_ovt-04_pos-VI_mute-harmonStemmed.wav,basstrb_mute-harmonStemmed/basstrb022_F3_ovt-04_pos-VI_mute-harmonStemmed.wav,/home/itolab-1/yusei/database_chromatic-longtones/basstrb_mute-harmonStemmed/basstrb022_F3_ovt-04_pos-VI_mute-harmonStemmed.wav
915,20,basstrb_mute-harmonStemmed,basstrb023_Fis3_ovt-04_pos-V_mute-harmonStemmed.wav,basstrb_mute-harmonStemmed/basstrb023_Fis3_ovt-04_pos-V_mute-harmonStemmed.wav,/home/itolab-1/yusei/database_chromatic-longtones/basstrb_mute-harmonStemmed/basstrb023_Fis3_ovt-04_pos-V_mute-harmonStemmed.wav
916,20,basstrb_mute-harmonStemmed,basstrb024_G3_ovt-04_pos-IV_mute-harmonStemmed.wav,basstrb_mute-harmonStemmed/basstrb024_G3_ovt-04_pos-IV_mute-harmonStemmed.wav,/home/itolab-1/yusei/database_chromatic-longtones/basstrb_mute-harmonStemmed/basstrb024_G3_ovt-04_pos-IV_mute-harmonStemmed.wav
917,20,basstrb_mute-harmonStemmed,basstrb025_As3_ovt-04_pos-III_mute-harmonStemmed.wav,basstrb_mute-harmonStemmed/basstrb025_As3_ovt-04_pos-III_mute-harmonStemmed.wav,/home/itolab-1/yusei/database_chromatic-longtones/basstrb_mute-harmonStemmed/basstrb025_As3_ovt-04_pos-III_mute-harmonStemmed.wav
918,20,basstrb_mute-harmonStemmed,basstrb026_Gis3_ovt-05_pos-V_mute-harmonStemmed.wav,basstrb_mute-harmonStemmed/basstrb026_Gis3_ovt-05_pos-V_mute-harmonStemmed.wav,/home/itolab-1/yusei/database_chromatic-longtones/basstrb_mute-harmonStemmed/basstrb026_Gis3_ovt-05_pos-V_mute-harmonStemmed.wav
919,20,basstrb_mute-harmonStemmed,basstrb027_A3_ovt-04_pos-II_mute-harmonStemmed.wav,basstrb_mute-harmonStemmed/basstrb027_A3_ovt-04_pos-II_mute-harmonStemmed.wav,/home/itolab-1/yusei/database_chromatic-longtones/basstrb_mute-harmonStemmed/basstrb027_A3_ovt-04_pos-II_mute-harmonStemmed.wav
920,20,basstrb_mute-harmonStemmed,basstrb028_A3_ovt-05_pos-VI_mute-harmonStemmed.wav,basstrb_mute-harmonStemmed/basstrb028_A3_ovt-05_pos-VI_mute-harmonStemmed.wav,/home/itolab-1/yusei/database_chromatic-longtones/basstrb_mute-harmonStemmed/basstrb028_A3_ovt-05_pos-VI_mute-harmonStemmed.wav
921,20,basstrb_mute-harmonStemmed,basstrb029_Ais3_ovt-05_pos-V_mute-harmonStemmed.wav,basstrb_mute-harmonStemmed/basstrb029_Ais3_ovt-05_pos-V_mute-harmonStemmed.wav,/home/itolab-1/yusei/database_chromatic-longtones/basstrb_mute-harmonStemmed/basstrb029_Ais3_ovt-05_pos-V_mute-harmonStemmed.wav
922,20,basstrb_mute-harmonStemmed,basstrb030_B3_ovt-04_pos-I_mute-harmonStemmed.wav,basstrb_mute-harmonStemmed/basstrb030_B3_ovt-04_pos-I_mute-harmonStemmed.wav,/home/itolab-1/yusei/database_chromatic-longtones/basstrb_mute-harmonStemmed/basstrb030_B3_ovt-04_pos-I_mute-harmonStemmed.wav
923,20,basstrb_mute-harmonStemmed,basstrb031_H3_ovt-05_pos-IV_mute-harmonStemmed.wav,basstrb_mute-harmonStemmed/basstrb031_H3_ovt-05_pos-IV_mute-harmonStemmed.wav,/home/itolab-1/yusei/database_chromatic-longtones/basstrb_mute-harmonStemmed/basstrb031_H3_ovt-05_pos-IV_mute-harmonStemmed.wav
924,20,basstrb_mute-harmonStemmed,basstrb032_H3_ovt-06_pos-VII_mute-harmonStemmed.wav,basstrb_mute-harmonStemmed/basstrb032_H3_ovt-06_pos-VII_mute-harmonStemmed.wav,/home/itolab-1/yusei/database_chromatic-longtones/basstrb_mute-harmonStemmed/basstrb032_H3_ovt-06_pos-VII_mute-harmonStemmed.wav
925,20,basstrb_mute-harmonStemmed,basstrb033_C4_ovt-05_pos-III_mute-harmonStemmed.wav,basstrb_mute-harmonStemmed/basstrb033_C4_ovt-05_pos-III_mute-harmonStemmed.wav,/home/itolab-1/yusei/database_chromatic-longtones/basstrb_mute-harmonStemmed/basstrb033_C4_ovt-05_pos-III_mute-harmonStemmed.wav
926,20,basstrb_mute-harmonStemmed,basstrb034_C4_ovt-06_pos-VI_mute-harmonStemmed.wav,basstrb_mute-harmonStemmed/basstrb034_C4_ovt-06_pos-VI_mute-harmonStemmed.wav,/home/itolab-1/yusei/database_chromatic-longtones/basstrb_mute-harmonStemmed/basstrb034_C4_ovt-06_pos-VI_mute-harmonStemmed.wav
927,20,basstrb_mute-harmonStemmed,basstrb035_Cis4_ovt-05_pos-II_mute-harmonStemmed.wav,basstrb_mute-harmonStemmed/basstrb035_Cis4_ovt-05_pos-II_mute-harmonStemmed.wav,/home/itolab-1/yusei/database_chromatic-longtones/basstrb_mute-harmonStemmed/basstrb035_Cis4_ovt-05_pos-II_mute-harmonStemmed.wav
928,20,basstrb_mute-harmonStemmed,basstrb036_Cis4_ovt-06_pos-V_mute-harmonStemmed.wav,basstrb_mute-harmonStemmed/basstrb036_Cis4_ovt-06_pos-V_mute-harmonStemmed.wav,/home/itolab-1/yusei/database_chromatic-longtones/basstrb_mute-harmonStemmed/basstrb036_Cis4_ovt-06_pos-V_mute-harmonStemmed.wav
929,20,basstrb_mute-harmonStemmed,basstrb037_D4_ovt-05_pos-I_mute-harmonStemmed.wav,basstrb_mute-harmonStemmed/basstrb037_D4_ovt-05_pos-I_mute-harmonStemmed.wav,/home/itolab-1/yusei/database_chromatic-longtones/basstrb_mute-harmonStemmed/basstrb037_D4_ovt-05_pos-I_mute-harmonStemmed.wav
930,20,basstrb_mute-harmonStemmed,basstrb038_D4_ovt-06_pos-IV_mute-harmonStemmed.wav,basstrb_mute-harmonStemmed/basstrb038_D4_ovt-06_pos-IV_mute-harmonStemmed.wav,/home/itolab-1/yusei/database_chromatic-longtones/basstrb_mute-harmonStemmed/basstrb038_D4_ovt-06_pos-IV_mute-harmonStemmed.wav
931,20,basstrb_mute-harmonStemmed,basstrb039_D4_ovt-07_pos-VII_mute-harmonStemmed.wav,basstrb_mute-harmonStemmed/basstrb039_D4_ovt-07_pos-VII_mute-harmonStemmed.wav,/home/itolab-1/yusei/database_chromatic-longtones/basstrb_mute-harmonStemmed/basstrb039_D4_ovt-07_pos-VII_mute-harmonStemmed.wav
932,20,basstrb_mute-harmonStemmed,basstrb040_Es4_ovt-06_pos-III_mute-harmonStemmed.wav,basstrb_mute-harmonStemmed/basstrb040_Es4_ovt-06_pos-III_mute-harmonStemmed.wav,/home/itolab-1/yusei/database_chromatic-longtones/basstrb_mute-harmonStemmed/basstrb040_Es4_ovt-06_pos-III_mute-harmonStemmed.wav
933,20,basstrb_mute-harmonStemmed,basstrb041_Es4_ovt-07_pos-VI_mute-harmonStemmed.wav,basstrb_mute-harmonStemmed/basstrb041_Es4_ovt-07_pos-VI_mute-harmonStemmed.wav,/home/itolab-1/yusei/database_chromatic-longtones/basstrb_mute-harmonStemmed/basstrb041_Es4_ovt-07_pos-VI_mute-harmonStemmed.wav
934,20,basstrb_mute-harmonStemmed,basstrb042_E4_ovt-06_pos-II_mute-harmonStemmed.wav,basstrb_mute-harmonStemmed/basstrb042_E4_ovt-06_pos-II_mute-harmonStemmed.wav,/home/itolab-1/yusei/database_chromatic-longtones/basstrb_mute-harmonStemmed/basstrb042_E4_ovt-06_pos-II_mute-harmonStemmed.wav
935,20,basstrb_mute-harmonStemmed,basstrb043_E4_ovt-07_pos-V_mute-harmonStemmed.wav,basstrb_mute-harmonStemmed/basstrb043_E4_ovt-07_pos-V_mute-harmonStemmed.wav,/home/itolab-1/yusei/database_chromatic-longtones/basstrb_mute-harmonStemmed/basstrb043_E4_ovt-07_pos-V_mute-harmonStemmed.wav
936,20,basstrb_mute-harmonStemmed,basstrb044_E4_ovt-08_pos-VII_mute-harmonStemmed.wav,basstrb_mute-harmonStemmed/basstrb044_E4_ovt-08_pos-VII_mute-harmonStemmed.wav,/home/itolab-1/yusei/database_chromatic-longtones/basstrb_mute-harmonStemmed/basstrb044_E4_ovt-08_pos-VII_mute-harmonStemmed.wav
937,20,basstrb_mute-harmonStemmed,basstrb045_F4_ovt-06_pos-I_mute-harmonStemmed.wav,basstrb_mute-harmonStemmed/basstrb045_F4_ovt-06_pos-I_mute-harmonStemmed.wav,/home/itolab-1/yusei/database_chromatic-longtones/basstrb_mute-harmonStemmed/basstrb045_F4_ovt-06_pos-I_mute-harmonStemmed.wav
938,20,basstrb_mute-harmonStemmed,basstrb046_F4_ovt-07_pos-IV_mute-harmonStemmed.wav,basstrb_mute-harmonStemmed/basstrb046_F4_ovt-07_pos-IV_mute-harmonStemmed.wav,/home/itolab-1/yusei/database_chromatic-longtones/basstrb_mute-harmonStemmed/basstrb046_F4_ovt-07_pos-IV_mute-harmonStemmed.wav
939,20,basstrb_mute-harmonStemmed,basstrb047_F4_ovt-08_pos-VI_mute-harmonStemmed.wav,basstrb_mute-harmonStemmed/basstrb047_F4_ovt-08_pos-VI_mute-harmonStemmed.wav,/home/itolab-1/yusei/database_chromatic-longtones/basstrb_mute-harmonStemmed/basstrb047_F4_ovt-08_pos-VI_mute-harmonStemmed.wav
940,20,basstrb_mute-harmonStemmed,basstrb048_Ges4_ovt-07_pos-III_mute-harmonStemmed.wav,basstrb_mute-harmonStemmed/basstrb048_Ges4_ovt-07_pos-III_mute-harmonStemmed.wav,/home/itolab-1/yusei/database_chromatic-longtones/basstrb_mute-harmonStemmed/basstrb048_Ges4_ovt-07_pos-III_mute-harmonStemmed.wav
941,20,basstrb_mute-harmonStemmed,basstrb049_Fis4_ovt-08_pos-V_mute-harmonStemmed.wav,basstrb_mute-harmonStemmed/basstrb049_Fis4_ovt-08_pos-V_mute-harmonStemmed.wav,/home/itolab-1/yusei/database_chromatic-longtones/basstrb_mute-harmonStemmed/basstrb049_Fis4_ovt-08_pos-V_mute-harmonStemmed.wav
942,20,basstrb_mute-harmonStemmed,basstrb050_G4_ovt-07_pos-II_mute-harmonStemmed.wav,basstrb_mute-harmonStemmed/basstrb050_G4_ovt-07_pos-II_mute-harmonStemmed.wav,/home/itolab-1/yusei/database_chromatic-longtones/basstrb_mute-harmonStemmed/basstrb050_G4_ovt-07_pos-II_mute-harmonStemmed.wav
943,20,basstrb_mute-harmonStemmed,basstrb051_G4_ovt-08_pos-IV_mute-harmonStemmed.wav,basstrb_mute-harmonStemmed/basstrb051_G4_ovt-08_pos-IV_mute-harmonStemmed.wav,/home/itolab-1/yusei/database_chromatic-longtones/basstrb_mute-harmonStemmed/basstrb051_G4_ovt-08_pos-IV_mute-harmonStemmed.wav
944,20,basstrb_mute-harmonStemmed,basstrb052_As4_ovt-07_pos-I_mute-harmonStemmed.wav,basstrb_mute-harmonStemmed/basstrb052_As4_ovt-07_pos-I_mute-harmonStemmed.wav,/home/itolab-1/yusei/database_chromatic-longtones/basstrb_mute-harmonStemmed/basstrb052_As4_ovt-07_pos-I_mute-harmonStemmed.wav
945,20,basstrb_mute-harmonStemmed,basstrb053_As4_ovt-08_pos-III_mute-harmonStemmed.wav,basstrb_mute-harmonStemmed/basstrb053_As4_ovt-08_pos-III_mute-harmonStemmed.wav,/home/itolab-1/yusei/database_chromatic-longtones/basstrb_mute-harmonStemmed/basstrb053_As4_ovt-08_pos-III_mute-harmonStemmed.wav
946,20,basstrb_mute-harmonStemmed,basstrb054_A4_ovt-08_pos-II_mute-harmonStemmed.wav,basstrb_mute-harmonStemmed/basstrb054_A4_ovt-08_pos-II_mute-harmonStemmed.wav,/home/itolab-1/yusei/database_chromatic-longtones/basstrb_mute-harmonStemmed/basstrb054_A4_ovt-08_pos-II_mute-harmonStemmed.wav
947,20,basstrb_mute-harmonStemmed,basstrb055_B4_ovt-08_pos-I_mute-harmonStemmed.wav,basstrb_mute-harmonStemmed/basstrb055_B4_ovt-08_pos-I_mute-harmonStemmed.wav,/home/itolab-1/yusei/database_chromatic-longtones/basstrb_mute-harmonStemmed/basstrb055_B4_ovt-08_pos-I_mute-harmonStemmed.wav
948,21,basstrb_mute-bucket,basstrb000_E1_ovt-01_pos-VII_mute-bucket.wav,basstrb_mute-bucket/basstrb000_E1_ovt-01_pos-VII_mute-bucket.wav,/home/itolab-1/yusei/database_chromatic-longtones/basstrb_mute-bucket/basstrb000_E1_ovt-01_pos-VII_mute-bucket.wav
949,21,basstrb_mute-bucket,basstrb001_F1_ovt-01_pos-VI_mute-bucket.wav,basstrb_mute-bucket/basstrb001_F1_ovt-01_pos-VI_mute-bucket.wav,/home/itolab-1/yusei/database_chromatic-longtones/basstrb_mute-bucket/basstrb001_F1_ovt-01_pos-VI_mute-bucket.wav
950,21,basstrb_mute-bucket,basstrb002_Fis1_ovt-01_pos-V_mute-bucket.wav,basstrb_mute-bucket/basstrb002_Fis1_ovt-01_pos-V_mute-bucket.wav,/home/itolab-1/yusei/database_chromatic-longtones/basstrb_mute-bucket/basstrb002_Fis1_ovt-01_pos-V_mute-bucket.wav
951,21,basstrb_mute-bucket,basstrb003_G1_ovt-01_pos-IV_mute-bucket.wav,basstrb_mute-bucket/basstrb003_G1_ovt-01_pos-IV_mute-bucket.wav,/home/itolab-1/yusei/database_chromatic-longtones/basstrb_mute-bucket/basstrb003_G1_ovt-01_pos-IV_mute-bucket.wav
952,21,basstrb_mute-bucket,basstrb004_As1_ovt-01_pos-III_mute-bucket.wav,basstrb_mute-bucket/basstrb004_As1_ovt-01_pos-III_mute-bucket.wav,/home/itolab-1/yusei/database_chromatic-longtones/basstrb_mute-bucket/basstrb004_As1_ovt-01_pos-III_mute-bucket.wav
953,21,basstrb_mute-bucket,basstrb005_A1_ovt-01_pos-II_mute-bucket.wav,basstrb_mute-bucket/basstrb005_A1_ovt-01_pos-II_mute-bucket.wav,/home/itolab-1/yusei/database_chromatic-longtones/basstrb_mute-bucket/basstrb005_A1_ovt-01_pos-II_mute-bucket.wav
954,21,basstrb_mute-bucket,basstrb006_B1_ovt-01_pos-I_mute-bucket.wav,basstrb_mute-bucket/basstrb006_B1_ovt-01_pos-I_mute-bucket.wav,/home/itolab-1/yusei/database_chromatic-longtones/basstrb_mute-bucket/basstrb006_B1_ovt-01_pos-I_mute-bucket.wav
955,21,basstrb_mute-bucket,basstrb007_E2_ovt-02_pos-VII_mute-bucket.wav,basstrb_mute-bucket/basstrb007_E2_ovt-02_pos-VII_mute-bucket.wav,/home/itolab-1/yusei/database_chromatic-longtones/basstrb_mute-bucket/basstrb007_E2_ovt-02_pos-VII_mute-bucket.wav
956,21,basstrb_mute-bucket,basstrb008_F2_ovt-02_pos-VI_mute-bucket.wav,basstrb_mute-bucket/basstrb008_F2_ovt-02_pos-VI_mute-bucket.wav,/home/itolab-1/yusei/database_chromatic-longtones/basstrb_mute-bucket/basstrb008_F2_ovt-02_pos-VI_mute-bucket.wav
957,21,basstrb_mute-bucket,basstrb009_Fis2_ovt-02_pos-V_mute-bucket.wav,basstrb_mute-bucket/basstrb009_Fis2_ovt-02_pos-V_mute-bucket.wav,/home/itolab-1/yusei/database_chromatic-longtones/basstrb_mute-bucket/basstrb009_Fis2_ovt-02_pos-V_mute-bucket.wav
958,21,basstrb_mute-bucket,basstrb010_G2_ovt-02_pos-IV_mute-bucket.wav,basstrb_mute-bucket/basstrb010_G2_ovt-02_pos-IV_mute-bucket.wav,/home/itolab-1/yusei/database_chromatic-longtones/basstrb_mute-bucket/basstrb010_G2_ovt-02_pos-IV_mute-bucket.wav
959,21,basstrb_mute-bucket,basstrb011_As2_ovt-02_pos-III_mute-bucket.wav,basstrb_mute-bucket/basstrb011_As2_ovt-02_pos-III_mute-bucket.wav,/home/itolab-1/yusei/database_chromatic-longtones/basstrb_mute-bucket/basstrb011_As2_ovt-02_pos-III_mute-bucket.wav
960,21,basstrb_mute-bucket,basstrb012_A2_ovt-02_pos-II_mute-bucket.wav,basstrb_mute-bucket/basstrb012_A2_ovt-02_pos-II_mute-bucket.wav,/home/itolab-1/yusei/database_chromatic-longtones/basstrb_mute-bucket/basstrb012_A2_ovt-02_pos-II_mute-bucket.wav
961,21,basstrb_mute-bucket,basstrb013_B2_ovt-02_pos-I_mute-bucket.wav,basstrb_mute-bucket/basstrb013_B2_ovt-02_pos-I_mute-bucket.wav,/home/itolab-1/yusei/database_chromatic-longtones/basstrb_mute-bucket/basstrb013_B2_ovt-02_pos-I_mute-bucket.wav
962,21,basstrb_mute-bucket,basstrb014_H2_ovt-03_pos-VII_mute-bucket.wav,basstrb_mute-bucket/basstrb014_H2_ovt-03_pos-VII_mute-bucket.wav,/home/itolab-1/yusei/database_chromatic-longtones/basstrb_mute-bucket/basstrb014_H2_ovt-03_pos-VII_mute-bucket.wav
963,21,basstrb_mute-bucket,basstrb015_C3_ovt-03_pos-VI_mute-bucket.wav,basstrb_mute-bucket/basstrb015_C3_ovt-03_pos-VI_mute-bucket.wav,/home/itolab-1/yusei/database_chromatic-longtones/basstrb_mute-bucket/basstrb015_C3_ovt-03_pos-VI_mute-bucket.wav
964,21,basstrb_mute-bucket,basstrb016_Cis3_ovt-03_pos-V_mute-bucket.wav,basstrb_mute-bucket/basstrb016_Cis3_ovt-03_pos-V_mute-bucket.wav,/home/itolab-1/yusei/database_chromatic-longtones/basstrb_mute-bucket/basstrb016_Cis3_ovt-03_pos-V_mute-bucket.wav
965,21,basstrb_mute-bucket,basstrb017_D3_ovt-03_pos-IV_mute-bucket.wav,basstrb_mute-bucket/basstrb017_D3_ovt-03_pos-IV_mute-bucket.wav,/home/itolab-1/yusei/database_chromatic-longtones/basstrb_mute-bucket/basstrb017_D3_ovt-03_pos-IV_mute-bucket.wav
966,21,basstrb_mute-bucket,basstrb018_Es3_ovt-03_pos-III_mute-bucket.wav,basstrb_mute-bucket/basstrb018_Es3_ovt-03_pos-III_mute-bucket.wav,/home/itolab-1/yusei/database_chromatic-longtones/basstrb_mute-bucket/basstrb018_Es3_ovt-03_pos-III_mute-bucket.wav
967,21,basstrb_mute-bucket,basstrb019_E3_ovt-03_pos-II_mute-bucket.wav,basstrb_mute-bucket/basstrb019_E3_ovt-03_pos-II_mute-bucket.wav,/home/itolab-1/yusei/database_chromatic-longtones/basstrb_mute-bucket/basstrb019_E3_ovt-03_pos-II_mute-bucket.wav
968,21,basstrb_mute-bucket,basstrb020_E3_ovt-04_pos-VII_mute-bucket.wav,basstrb_mute-bucket/basstrb020_E3_ovt-04_pos-VII_mute-bucket.wav,/home/itolab-1/yusei/database_chromatic-longtones/basstrb_mute-bucket/basstrb020_E3_ovt-04_pos-VII_mute-bucket.wav
969,21,basstrb_mute-bucket,basstrb021_F3_ovt-03_pos-I_mute-bucket.wav,basstrb_mute-bucket/basstrb021_F3_ovt-03_pos-I_mute-bucket.wav,/home/itolab-1/yusei/database_chromatic-longtones/basstrb_mute-bucket/basstrb021_F3_ovt-03_pos-I_mute-bucket.wav
970,21,basstrb_mute-bucket,basstrb022_F3_ovt-04_pos-VI_mute-bucket.wav,basstrb_mute-bucket/basstrb022_F3_ovt-04_pos-VI_mute-bucket.wav,/home/itolab-1/yusei/database_chromatic-longtones/basstrb_mute-bucket/basstrb022_F3_ovt-04_pos-VI_mute-bucket.wav
971,21,basstrb_mute-bucket,basstrb023_Fis3_ovt-04_pos-V_mute-bucket.wav,basstrb_mute-bucket/basstrb023_Fis3_ovt-04_pos-V_mute-bucket.wav,/home/itolab-1/yusei/database_chromatic-longtones/basstrb_mute-bucket/basstrb023_Fis3_ovt-04_pos-V_mute-bucket.wav
972,21,basstrb_mute-bucket,basstrb024_G3_ovt-04_pos-IV_mute-bucket.wav,basstrb_mute-bucket/basstrb024_G3_ovt-04_pos-IV_mute-bucket.wav,/home/itolab-1/yusei/database_chromatic-longtones/basstrb_mute-bucket/basstrb024_G3_ovt-04_pos-IV_mute-bucket.wav
973,21,basstrb_mute-bucket,basstrb025_As3_ovt-04_pos-III_mute-bucket.wav,basstrb_mute-bucket/basstrb025_As3_ovt-04_pos-III_mute-bucket.wav,/home/itolab-1/yusei/database_chromatic-longtones/basstrb_mute-bucket/basstrb025_As3_ovt-04_pos-III_mute-bucket.wav
974,21,basstrb_mute-bucket,basstrb026_Gis3_ovt-05_pos-V_mute-bucket.wav,basstrb_mute-bucket/basstrb026_Gis3_ovt-05_pos-V_mute-bucket.wav,/home/itolab-1/yusei/database_chromatic-longtones/basstrb_mute-bucket/basstrb026_Gis3_ovt-05_pos-V_mute-bucket.wav
975,21,basstrb_mute-bucket,basstrb027_A3_ovt-04_pos-II_mute-bucket.wav,basstrb_mute-bucket/basstrb027_A3_ovt-04_pos-II_mute-bucket.wav,/home/itolab-1/yusei/database_chromatic-longtones/basstrb_mute-bucket/basstrb027_A3_ovt-04_pos-II_mute-bucket.wav
976,21,basstrb_mute-bucket,basstrb028_A3_ovt-05_pos-VI_mute-bucket.wav,basstrb_mute-bucket/basstrb028_A3_ovt-05_pos-VI_mute-bucket.wav,/home/itolab-1/yusei/database_chromatic-longtones/basstrb_mute-bucket/basstrb028_A3_ovt-05_pos-VI_mute-bucket.wav
977,21,basstrb_mute-bucket,basstrb029_Ais3_ovt-05_pos-V_mute-bucket.wav,basstrb_mute-bucket/basstrb029_Ais3_ovt-05_pos-V_mute-bucket.wav,/home/itolab-1/yusei/database_chromatic-longtones/basstrb_mute-bucket/basstrb029_Ais3_ovt-05_pos-V_mute-bucket.wav
978,21,basstrb_mute-bucket,basstrb030_B3_ovt-04_pos-I_mute-bucket.wav,basstrb_mute-bucket/basstrb030_B3_ovt-04_pos-I_mute-bucket.wav,/home/itolab-1/yusei/database_chromatic-longtones/basstrb_mute-bucket/basstrb030_B3_ovt-04_pos-I_mute-bucket.wav
979,21,basstrb_mute-bucket,basstrb031_C4_ovt-05_pos-III_mute-bucket.wav,basstrb_mute-bucket/basstrb031_C4_ovt-05_pos-III_mute-bucket.wav,/home/itolab-1/yusei/database_chromatic-longtones/basstrb_mute-bucket/basstrb031_C4_ovt-05_pos-III_mute-bucket.wav
980,21,basstrb_mute-bucket,basstrb032_H3_ovt-05_pos-IV_mute-bucket.wav,basstrb_mute-bucket/basstrb032_H3_ovt-05_pos-IV_mute-bucket.wav,/home/itolab-1/yusei/database_chromatic-longtones/basstrb_mute-bucket/basstrb032_H3_ovt-05_pos-IV_mute-bucket.wav
981,21,basstrb_mute-bucket,basstrb033_C4_ovt-06_pos-VI_mute-bucket.wav,basstrb_mute-bucket/basstrb033_C4_ovt-06_pos-VI_mute-bucket.wav,/home/itolab-1/yusei/database_chromatic-longtones/basstrb_mute-bucket/basstrb033_C4_ovt-06_pos-VI_mute-bucket.wav
982,21,basstrb_mute-bucket,basstrb034_H3_ovt-06_pos-VII_mute-bucket.wav,basstrb_mute-bucket/basstrb034_H3_ovt-06_pos-VII_mute-bucket.wav,/home/itolab-1/yusei/database_chromatic-longtones/basstrb_mute-bucket/basstrb034_H3_ovt-06_pos-VII_mute-bucket.wav
983,21,basstrb_mute-bucket,basstrb035_Cis4_ovt-05_pos-II_mute-bucket.wav,basstrb_mute-bucket/basstrb035_Cis4_ovt-05_pos-II_mute-bucket.wav,/home/itolab-1/yusei/database_chromatic-longtones/basstrb_mute-bucket/basstrb035_Cis4_ovt-05_pos-II_mute-bucket.wav
984,21,basstrb_mute-bucket,basstrb036_Cis4_ovt-06_pos-V_mute-bucket.wav,basstrb_mute-bucket/basstrb036_Cis4_ovt-06_pos-V_mute-bucket.wav,/home/itolab-1/yusei/database_chromatic-longtones/basstrb_mute-bucket/basstrb036_Cis4_ovt-06_pos-V_mute-bucket.wav
985,21,basstrb_mute-bucket,basstrb037_D4_ovt-05_pos-I_mute-bucket.wav,basstrb_mute-bucket/basstrb037_D4_ovt-05_pos-I_mute-bucket.wav,/home/itolab-1/yusei/database_chromatic-longtones/basstrb_mute-bucket/basstrb037_D4_ovt-05_pos-I_mute-bucket.wav
986,21,basstrb_mute-bucket,basstrb038_D4_ovt-06_pos-IV_mute-bucket.wav,basstrb_mute-bucket/basstrb038_D4_ovt-06_pos-IV_mute-bucket.wav,/home/itolab-1/yusei/database_chromatic-longtones/basstrb_mute-bucket/basstrb038_D4_ovt-06_pos-IV_mute-bucket.wav
987,21,basstrb_mute-bucket,basstrb039_D4_ovt-07_pos-VII_mute-bucket.wav,basstrb_mute-bucket/basstrb039_D4_ovt-07_pos-VII_mute-bucket.wav,/home/itolab-1/yusei/database_chromatic-longtones/basstrb_mute-bucket/basstrb039_D4_ovt-07_pos-VII_mute-bucket.wav
988,21,basstrb_mute-bucket,basstrb040_Es4_ovt-06_pos-III_mute-bucket.wav,basstrb_mute-bucket/basstrb040_Es4_ovt-06_pos-III_mute-bucket.wav,/home/itolab-1/yusei/database_chromatic-longtones/basstrb_mute-bucket/basstrb040_Es4_ovt-06_pos-III_mute-bucket.wav
989,21,basstrb_mute-bucket,basstrb041_Es4_ovt-07_pos-VI_mute-bucket.wav,basstrb_mute-bucket/basstrb041_Es4_ovt-07_pos-VI_mute-bucket.wav,/home/itolab-1/yusei/database_chromatic-longtones/basstrb_mute-bucket/basstrb041_Es4_ovt-07_pos-VI_mute-bucket.wav
990,21,basstrb_mute-bucket,basstrb042_E4_ovt-06_pos-II_mute-bucket.wav,basstrb_mute-bucket/basstrb042_E4_ovt-06_pos-II_mute-bucket.wav,/home/itolab-1/yusei/database_chromatic-longtones/basstrb_mute-bucket/basstrb042_E4_ovt-06_pos-II_mute-bucket.wav
991,21,basstrb_mute-bucket,basstrb043_E4_ovt-07_pos-V_mute-bucket.wav,basstrb_mute-bucket/basstrb043_E4_ovt-07_pos-V_mute-bucket.wav,/home/itolab-1/yusei/database_chromatic-longtones/basstrb_mute-bucket/basstrb043_E4_ovt-07_pos-V_mute-bucket.wav
992,21,basstrb_mute-bucket,basstrb044_E4_ovt-08_pos-VII_mute-bucket.wav,basstrb_mute-bucket/basstrb044_E4_ovt-08_pos-VII_mute-bucket.wav,/home/itolab-1/yusei/database_chromatic-longtones/basstrb_mute-bucket/basstrb044_E4_ovt-08_pos-VII_mute-bucket.wav
993,21,basstrb_mute-bucket,basstrb045_F4_ovt-06_pos-I_mute-bucket.wav,basstrb_mute-bucket/basstrb045_F4_ovt-06_pos-I_mute-bucket.wav,/home/itolab-1/yusei/database_chromatic-longtones/basstrb_mute-bucket/basstrb045_F4_ovt-06_pos-I_mute-bucket.wav
994,21,basstrb_mute-bucket,basstrb046_F4_ovt-07_pos-IV_mute-bucket.wav,basstrb_mute-bucket/basstrb046_F4_ovt-07_pos-IV_mute-bucket.wav,/home/itolab-1/yusei/database_chromatic-longtones/basstrb_mute-bucket/basstrb046_F4_ovt-07_pos-IV_mute-bucket.wav
995,21,basstrb_mute-bucket,basstrb047_F4_ovt-08_pos-VI_mute-bucket.wav,basstrb_mute-bucket/basstrb047_F4_ovt-08_pos-VI_mute-bucket.wav,/home/itolab-1/yusei/database_chromatic-longtones/basstrb_mute-bucket/basstrb047_F4_ovt-08_pos-VI_mute-bucket.wav
996,21,basstrb_mute-bucket,basstrb048_Ges4_ovt-07_pos-III_mute-bucket.wav,basstrb_mute-bucket/basstrb048_Ges4_ovt-07_pos-III_mute-bucket.wav,/home/itolab-1/yusei/database_chromatic-longtones/basstrb_mute-bucket/basstrb048_Ges4_ovt-07_pos-III_mute-bucket.wav
997,21,basstrb_mute-bucket,basstrb049_Fis4_ovt-08_pos-V_mute-bucket.wav,basstrb_mute-bucket/basstrb049_Fis4_ovt-08_pos-V_mute-bucket.wav,/home/itolab-1/yusei/database_chromatic-longtones/basstrb_mute-bucket/basstrb049_Fis4_ovt-08_pos-V_mute-bucket.wav
998,21,basstrb_mute-bucket,basstrb050_G4_ovt-07_pos-II_mute-bucket.wav,basstrb_mute-bucket/basstrb050_G4_ovt-07_pos-II_mute-bucket.wav,/home/itolab-1/yusei/database_chromatic-longtones/basstrb_mute-bucket/basstrb050_G4_ovt-07_pos-II_mute-bucket.wav
999,21,basstrb_mute-bucket,basstrb051_G4_ovt-08_pos-IV_mute-bucket.wav,basstrb_mute-bucket/basstrb051_G4_ovt-08_pos-IV_mute-bucket.wav,/home/itolab-1/yusei/database_chromatic-longtones/basstrb_mute-bucket/basstrb051_G4_ovt-08_pos-IV_mute-bucket.wav
1000,21,basstrb_mute-bucket,basstrb052_As4_ovt-07_pos-I_mute-bucket.wav,basstrb_mute-bucket/basstrb052_As4_ovt-07_pos-I_mute-bucket.wav,/home/itolab-1/yusei/database_chromatic-longtones/basstrb_mute-bucket/basstrb052_As4_ovt-07_pos-I_mute-bucket.wav
1001,21,basstrb_mute-bucket,basstrb053_As4_ovt-08_pos-III_mute-bucket.wav,basstrb_mute-bucket/basstrb053_As4_ovt-08_pos-III_mute-bucket.wav,/home/itolab-1/yusei/database_chromatic-longtones/basstrb_mute-bucket/basstrb053_As4_ovt-08_pos-III_mute-bucket.wav
1002,21,basstrb_mute-bucket,basstrb054_A4_ovt-08_pos-II_mute-bucket.wav,basstrb_mute-bucket/basstrb054_A4_ovt-08_pos-II_mute-bucket.wav,/home/itolab-1/yusei/database_chromatic-longtones/basstrb_mute-bucket/basstrb054_A4_ovt-08_pos-II_mute-bucket.wav
1003,21,basstrb_mute-bucket,basstrb055_B4_ovt-08_pos-I_mute-bucket.wav,basstrb_mute-bucket/basstrb055_B4_ovt-08_pos-I_mute-bucket.wav,/home/itolab-1/yusei/database_chromatic-longtones/basstrb_mute-bucket/basstrb055_B4_ovt-08_pos-I_mute-bucket.wav
1004,22,va,va000_C3_pos-open.wav,va/va000_C3_pos-open.wav,/home/itolab-1/yusei/database_chromatic-longtones/va/va000_C3_pos-open.wav
1005,22,va,va001_Cis3_pos-fingered.wav,va/va001_Cis3_pos-fingered.wav,/home/itolab-1/yusei/database_chromatic-longtones/va/va001_Cis3_pos-fingered.wav
1006,22,va,va002_D3_pos-fingered.wav,va/va002_D3_pos-fingered.wav,/home/itolab-1/yusei/database_chromatic-longtones/va/va002_D3_pos-fingered.wav
1007,22,va,va003_Dis3_pos-fingered.wav,va/va003_Dis3_pos-fingered.wav,/home/itolab-1/yusei/database_chromatic-longtones/va/va003_Dis3_pos-fingered.wav
1008,22,va,va004_E3_pos-fingered.wav,va/va004_E3_pos-fingered.wav,/home/itolab-1/yusei/database_chromatic-longtones/va/va004_E3_pos-fingered.wav
1009,22,va,va005_F3_pos-fingered.wav,va/va005_F3_pos-fingered.wav,/home/itolab-1/yusei/database_chromatic-longtones/va/va005_F3_pos-fingered.wav
1010,22,va,va006_Fis3_pos-fingered.wav,va/va006_Fis3_pos-fingered.wav,/home/itolab-1/yusei/database_chromatic-longtones/va/va006_Fis3_pos-fingered.wav
1011,22,va,va007_G3_pos-fingered.wav,va/va007_G3_pos-fingered.wav,/home/itolab-1/yusei/database_chromatic-longtones/va/va007_G3_pos-fingered.wav
1012,22,va,va008_G3_pos-open.wav,va/va008_G3_pos-open.wav,/home/itolab-1/yusei/database_chromatic-longtones/va/va008_G3_pos-open.wav
1013,22,va,va009_Gis3_pos-fingered.wav,va/va009_Gis3_pos-fingered.wav,/home/itolab-1/yusei/database_chromatic-longtones/va/va009_Gis3_pos-fingered.wav
1014,22,va,va010_A3_pos-fingered.wav,va/va010_A3_pos-fingered.wav,/home/itolab-1/yusei/database_chromatic-longtones/va/va010_A3_pos-fingered.wav
1015,22,va,va011_Ais3_pos-fingered.wav,va/va011_Ais3_pos-fingered.wav,/home/itolab-1/yusei/database_chromatic-longtones/va/va011_Ais3_pos-fingered.wav
1016,22,va,va012_H3_pos-fingered.wav,va/va012_H3_pos-fingered.wav,/home/itolab-1/yusei/database_chromatic-longtones/va/va012_H3_pos-fingered.wav
1017,22,va,va013_C4_pos-fingered.wav,va/va013_C4_pos-fingered.wav,/home/itolab-1/yusei/database_chromatic-longtones/va/va013_C4_pos-fingered.wav
1018,22,va,va014_Cis4_pos-fingered.wav,va/va014_Cis4_pos-fingered.wav,/home/itolab-1/yusei/database_chromatic-longtones/va/va014_Cis4_pos-fingered.wav
1019,22,va,va015_D4_pos-fingered.wav,va/va015_D4_pos-fingered.wav,/home/itolab-1/yusei/database_chromatic-longtones/va/va015_D4_pos-fingered.wav
1020,22,va,va016_D4_pos-open.wav,va/va016_D4_pos-open.wav,/home/itolab-1/yusei/database_chromatic-longtones/va/va016_D4_pos-open.wav
1021,22,va,va017_Dis4_pos-fingered.wav,va/va017_Dis4_pos-fingered.wav,/home/itolab-1/yusei/database_chromatic-longtones/va/va017_Dis4_pos-fingered.wav
1022,22,va,va018_E4_pos-fingered.wav,va/va018_E4_pos-fingered.wav,/home/itolab-1/yusei/database_chromatic-longtones/va/va018_E4_pos-fingered.wav
1023,22,va,va019_F4_pos-fingered.wav,va/va019_F4_pos-fingered.wav,/home/itolab-1/yusei/database_chromatic-longtones/va/va019_F4_pos-fingered.wav
1024,22,va,va020_Fis4_pos-fingered.wav,va/va020_Fis4_pos-fingered.wav,/home/itolab-1/yusei/database_chromatic-longtones/va/va020_Fis4_pos-fingered.wav
1025,22,va,va021_G4_pos-fingered.wav,va/va021_G4_pos-fingered.wav,/home/itolab-1/yusei/database_chromatic-longtones/va/va021_G4_pos-fingered.wav
1026,22,va,va022_Gis4_pos-fingered.wav,va/va022_Gis4_pos-fingered.wav,/home/itolab-1/yusei/database_chromatic-longtones/va/va022_Gis4_pos-fingered.wav
1027,22,va,va023_A4_pos-fingered.wav,va/va023_A4_pos-fingered.wav,/home/itolab-1/yusei/database_chromatic-longtones/va/va023_A4_pos-fingered.wav
1028,22,va,va024_A4_pos-open.wav,va/va024_A4_pos-open.wav,/home/itolab-1/yusei/database_chromatic-longtones/va/va024_A4_pos-open.wav
1029,22,va,va025_Ais4_pos-fingered.wav,va/va025_Ais4_pos-fingered.wav,/home/itolab-1/yusei/database_chromatic-longtones/va/va025_Ais4_pos-fingered.wav
1030,22,va,va026_H4_pos-fingered.wav,va/va026_H4_pos-fingered.wav,/home/itolab-1/yusei/database_chromatic-longtones/va/va026_H4_pos-fingered.wav
1031,22,va,va027_C5_pos-fingered.wav,va/va027_C5_pos-fingered.wav,/home/itolab-1/yusei/database_chromatic-longtones/va/va027_C5_pos-fingered.wav
1032,22,va,va028_Cis5_pos-fingered.wav,va/va028_Cis5_pos-fingered.wav,/home/itolab-1/yusei/database_chromatic-longtones/va/va028_Cis5_pos-fingered.wav
1033,22,va,va029_D5_pos-fingered.wav,va/va029_D5_pos-fingered.wav,/home/itolab-1/yusei/database_chromatic-longtones/va/va029_D5_pos-fingered.wav
1034,22,va,va030_Dis5_pos-fingered.wav,va/va030_Dis5_pos-fingered.wav,/home/itolab-1/yusei/database_chromatic-longtones/va/va030_Dis5_pos-fingered.wav
1035,22,va,va031_E5_pos-fingered.wav,va/va031_E5_pos-fingered.wav,/home/itolab-1/yusei/database_chromatic-longtones/va/va031_E5_pos-fingered.wav
1036,22,va,va032_F5_pos-fingered.wav,va/va032_F5_pos-fingered.wav,/home/itolab-1/yusei/database_chromatic-longtones/va/va032_F5_pos-fingered.wav
1037,22,va,va033_Fis5_pos-fingered.wav,va/va033_Fis5_pos-fingered.wav,/home/itolab-1/yusei/database_chromatic-longtones/va/va033_Fis5_pos-fingered.wav
1038,22,va,va034_G5_pos-fingered.wav,va/va034_G5_pos-fingered.wav,/home/itolab-1/yusei/database_chromatic-longtones/va/va034_G5_pos-fingered.wav
1039,22,va,va035_Gis5_pos-fingered.wav,va/va035_Gis5_pos-fingered.wav,/home/itolab-1/yusei/database_chromatic-longtones/va/va035_Gis5_pos-fingered.wav
1040,22,va,va036_A5_pos-fingered.wav,va/va036_A5_pos-fingered.wav,/home/itolab-1/yusei/database_chromatic-longtones/va/va036_A5_pos-fingered.wav
1041,22,va,va037_Ais5_pos-fingered.wav,va/va037_Ais5_pos-fingered.wav,/home/itolab-1/yusei/database_chromatic-longtones/va/va037_Ais5_pos-fingered.wav
1042,22,va,va038_H5_pos-fingered.wav,va/va038_H5_pos-fingered.wav,/home/itolab-1/yusei/database_chromatic-longtones/va/va038_H5_pos-fingered.wav
1043,22,va,va039_C6_pos-fingered.wav,va/va039_C6_pos-fingered.wav,/home/itolab-1/yusei/database_chromatic-longtones/va/va039_C6_pos-fingered.wav
1044,23,gauss_sigma-002.5%,gauss000_sigma-002.5%_C0.wav,gauss_sigma-002.5%/gauss000_sigma-002.5%_C0.wav,/home/itolab-1/yusei/database_chromatic-longtones/gauss_sigma-002.5%/gauss000_sigma-002.5%_C0.wav
1045,23,gauss_sigma-002.5%,gauss001_sigma-002.5%_Cis0.wav,gauss_sigma-002.5%/gauss001_sigma-002.5%_Cis0.wav,/home/itolab-1/yusei/database_chromatic-longtones/gauss_sigma-002.5%/gauss001_sigma-002.5%_Cis0.wav
1046,23,gauss_sigma-002.5%,gauss002_sigma-002.5%_D0.wav,gauss_sigma-002.5%/gauss002_sigma-002.5%_D0.wav,/home/itolab-1/yusei/database_chromatic-longtones/gauss_sigma-002.5%/gauss002_sigma-002.5%_D0.wav
1047,23,gauss_sigma-002.5%,gauss003_sigma-002.5%_Dis0.wav,gauss_sigma-002.5%/gauss003_sigma-002.5%_Dis0.wav,/home/itolab-1/yusei/database_chromatic-longtones/gauss_sigma-002.5%/gauss003_sigma-002.5%_Dis0.wav
1048,23,gauss_sigma-002.5%,gauss004_sigma-002.5%_E0.wav,gauss_sigma-002.5%/gauss004_sigma-002.5%_E0.wav,/home/itolab-1/yusei/database_chromatic-longtones/gauss_sigma-002.5%/gauss004_sigma-002.5%_E0.wav
1049,23,gauss_sigma-002.5%,gauss005_sigma-002.5%_F0.wav,gauss_sigma-002.5%/gauss005_sigma-002.5%_F0.wav,/home/itolab-1/yusei/database_chromatic-longtones/gauss_sigma-002.5%/gauss005_sigma-002.5%_F0.wav
1050,23,gauss_sigma-002.5%,gauss006_sigma-002.5%_Fis0.wav,gauss_sigma-002.5%/gauss006_sigma-002.5%_Fis0.wav,/home/itolab-1/yusei/database_chromatic-longtones/gauss_sigma-002.5%/gauss006_sigma-002.5%_Fis0.wav
1051,23,gauss_sigma-002.5%,gauss007_sigma-002.5%_G0.wav,gauss_sigma-002.5%/gauss007_sigma-002.5%_G0.wav,/home/itolab-1/yusei/database_chromatic-longtones/gauss_sigma-002.5%/gauss007_sigma-002.5%_G0.wav
1052,23,gauss_sigma-002.5%,gauss008_sigma-002.5%_Gis0.wav,gauss_sigma-002.5%/gauss008_sigma-002.5%_Gis0.wav,/home/itolab-1/yusei/database_chromatic-longtones/gauss_sigma-002.5%/gauss008_sigma-002.5%_Gis0.wav
1053,23,gauss_sigma-002.5%,gauss009_sigma-002.5%_A0.wav,gauss_sigma-002.5%/gauss009_sigma-002.5%_A0.wav,/home/itolab-1/yusei/database_chromatic-longtones/gauss_sigma-002.5%/gauss009_sigma-002.5%_A0.wav
1054,23,gauss_sigma-002.5%,gauss010_sigma-002.5%_Ais0.wav,gauss_sigma-002.5%/gauss010_sigma-002.5%_Ais0.wav,/home/itolab-1/yusei/database_chromatic-longtones/gauss_sigma-002.5%/gauss010_sigma-002.5%_Ais0.wav
1055,23,gauss_sigma-002.5%,gauss011_sigma-002.5%_H0.wav,gauss_sigma-002.5%/gauss011_sigma-002.5%_H0.wav,/home/itolab-1/yusei/database_chromatic-longtones/gauss_sigma-002.5%/gauss011_sigma-002.5%_H0.wav
1056,23,gauss_sigma-002.5%,gauss012_sigma-002.5%_C1.wav,gauss_sigma-002.5%/gauss012_sigma-002.5%_C1.wav,/home/itolab-1/yusei/database_chromatic-longtones/gauss_sigma-002.5%/gauss012_sigma-002.5%_C1.wav
1057,23,gauss_sigma-002.5%,gauss013_sigma-002.5%_Cis1.wav,gauss_sigma-002.5%/gauss013_sigma-002.5%_Cis1.wav,/home/itolab-1/yusei/database_chromatic-longtones/gauss_sigma-002.5%/gauss013_sigma-002.5%_Cis1.wav
1058,23,gauss_sigma-002.5%,gauss014_sigma-002.5%_D1.wav,gauss_sigma-002.5%/gauss014_sigma-002.5%_D1.wav,/home/itolab-1/yusei/database_chromatic-longtones/gauss_sigma-002.5%/gauss014_sigma-002.5%_D1.wav
1059,23,gauss_sigma-002.5%,gauss015_sigma-002.5%_Dis1.wav,gauss_sigma-002.5%/gauss015_sigma-002.5%_Dis1.wav,/home/itolab-1/yusei/database_chromatic-longtones/gauss_sigma-002.5%/gauss015_sigma-002.5%_Dis1.wav
1060,23,gauss_sigma-002.5%,gauss016_sigma-002.5%_E1.wav,gauss_sigma-002.5%/gauss016_sigma-002.5%_E1.wav,/home/itolab-1/yusei/database_chromatic-longtones/gauss_sigma-002.5%/gauss016_sigma-002.5%_E1.wav
1061,23,gauss_sigma-002.5%,gauss017_sigma-002.5%_F1.wav,gauss_sigma-002.5%/gauss017_sigma-002.5%_F1.wav,/home/itolab-1/yusei/database_chromatic-longtones/gauss_sigma-002.5%/gauss017_sigma-002.5%_F1.wav
1062,23,gauss_sigma-002.5%,gauss018_sigma-002.5%_Fis1.wav,gauss_sigma-002.5%/gauss018_sigma-002.5%_Fis1.wav,/home/itolab-1/yusei/database_chromatic-longtones/gauss_sigma-002.5%/gauss018_sigma-002.5%_Fis1.wav
1063,23,gauss_sigma-002.5%,gauss019_sigma-002.5%_G1.wav,gauss_sigma-002.5%/gauss019_sigma-002.5%_G1.wav,/home/itolab-1/yusei/database_chromatic-longtones/gauss_sigma-002.5%/gauss019_sigma-002.5%_G1.wav
1064,23,gauss_sigma-002.5%,gauss020_sigma-002.5%_Gis1.wav,gauss_sigma-002.5%/gauss020_sigma-002.5%_Gis1.wav,/home/itolab-1/yusei/database_chromatic-longtones/gauss_sigma-002.5%/gauss020_sigma-002.5%_Gis1.wav
1065,23,gauss_sigma-002.5%,gauss021_sigma-002.5%_A1.wav,gauss_sigma-002.5%/gauss021_sigma-002.5%_A1.wav,/home/itolab-1/yusei/database_chromatic-longtones/gauss_sigma-002.5%/gauss021_sigma-002.5%_A1.wav
1066,23,gauss_sigma-002.5%,gauss022_sigma-002.5%_Ais1.wav,gauss_sigma-002.5%/gauss022_sigma-002.5%_Ais1.wav,/home/itolab-1/yusei/database_chromatic-longtones/gauss_sigma-002.5%/gauss022_sigma-002.5%_Ais1.wav
1067,23,gauss_sigma-002.5%,gauss023_sigma-002.5%_H1.wav,gauss_sigma-002.5%/gauss023_sigma-002.5%_H1.wav,/home/itolab-1/yusei/database_chromatic-longtones/gauss_sigma-002.5%/gauss023_sigma-002.5%_H1.wav
1068,23,gauss_sigma-002.5%,gauss024_sigma-002.5%_C2.wav,gauss_sigma-002.5%/gauss024_sigma-002.5%_C2.wav,/home/itolab-1/yusei/database_chromatic-longtones/gauss_sigma-002.5%/gauss024_sigma-002.5%_C2.wav
1069,23,gauss_sigma-002.5%,gauss025_sigma-002.5%_Cis2.wav,gauss_sigma-002.5%/gauss025_sigma-002.5%_Cis2.wav,/home/itolab-1/yusei/database_chromatic-longtones/gauss_sigma-002.5%/gauss025_sigma-002.5%_Cis2.wav
1070,23,gauss_sigma-002.5%,gauss026_sigma-002.5%_D2.wav,gauss_sigma-002.5%/gauss026_sigma-002.5%_D2.wav,/home/itolab-1/yusei/database_chromatic-longtones/gauss_sigma-002.5%/gauss026_sigma-002.5%_D2.wav
1071,23,gauss_sigma-002.5%,gauss027_sigma-002.5%_Dis2.wav,gauss_sigma-002.5%/gauss027_sigma-002.5%_Dis2.wav,/home/itolab-1/yusei/database_chromatic-longtones/gauss_sigma-002.5%/gauss027_sigma-002.5%_Dis2.wav
1072,23,gauss_sigma-002.5%,gauss028_sigma-002.5%_E2.wav,gauss_sigma-002.5%/gauss028_sigma-002.5%_E2.wav,/home/itolab-1/yusei/database_chromatic-longtones/gauss_sigma-002.5%/gauss028_sigma-002.5%_E2.wav
1073,23,gauss_sigma-002.5%,gauss029_sigma-002.5%_F2.wav,gauss_sigma-002.5%/gauss029_sigma-002.5%_F2.wav,/home/itolab-1/yusei/database_chromatic-longtones/gauss_sigma-002.5%/gauss029_sigma-002.5%_F2.wav
1074,23,gauss_sigma-002.5%,gauss030_sigma-002.5%_Fis2.wav,gauss_sigma-002.5%/gauss030_sigma-002.5%_Fis2.wav,/home/itolab-1/yusei/database_chromatic-longtones/gauss_sigma-002.5%/gauss030_sigma-002.5%_Fis2.wav
1075,23,gauss_sigma-002.5%,gauss031_sigma-002.5%_G2.wav,gauss_sigma-002.5%/gauss031_sigma-002.5%_G2.wav,/home/itolab-1/yusei/database_chromatic-longtones/gauss_sigma-002.5%/gauss031_sigma-002.5%_G2.wav
1076,23,gauss_sigma-002.5%,gauss032_sigma-002.5%_Gis2.wav,gauss_sigma-002.5%/gauss032_sigma-002.5%_Gis2.wav,/home/itolab-1/yusei/database_chromatic-longtones/gauss_sigma-002.5%/gauss032_sigma-002.5%_Gis2.wav
1077,23,gauss_sigma-002.5%,gauss033_sigma-002.5%_A2.wav,gauss_sigma-002.5%/gauss033_sigma-002.5%_A2.wav,/home/itolab-1/yusei/database_chromatic-longtones/gauss_sigma-002.5%/gauss033_sigma-002.5%_A2.wav
1078,23,gauss_sigma-002.5%,gauss034_sigma-002.5%_Ais2.wav,gauss_sigma-002.5%/gauss034_sigma-002.5%_Ais2.wav,/home/itolab-1/yusei/database_chromatic-longtones/gauss_sigma-002.5%/gauss034_sigma-002.5%_Ais2.wav
1079,23,gauss_sigma-002.5%,gauss035_sigma-002.5%_H2.wav,gauss_sigma-002.5%/gauss035_sigma-002.5%_H2.wav,/home/itolab-1/yusei/database_chromatic-longtones/gauss_sigma-002.5%/gauss035_sigma-002.5%_H2.wav
1080,23,gauss_sigma-002.5%,gauss036_sigma-002.5%_C3.wav,gauss_sigma-002.5%/gauss036_sigma-002.5%_C3.wav,/home/itolab-1/yusei/database_chromatic-longtones/gauss_sigma-002.5%/gauss036_sigma-002.5%_C3.wav
1081,23,gauss_sigma-002.5%,gauss037_sigma-002.5%_Cis3.wav,gauss_sigma-002.5%/gauss037_sigma-002.5%_Cis3.wav,/home/itolab-1/yusei/database_chromatic-longtones/gauss_sigma-002.5%/gauss037_sigma-002.5%_Cis3.wav
1082,23,gauss_sigma-002.5%,gauss038_sigma-002.5%_D3.wav,gauss_sigma-002.5%/gauss038_sigma-002.5%_D3.wav,/home/itolab-1/yusei/database_chromatic-longtones/gauss_sigma-002.5%/gauss038_sigma-002.5%_D3.wav
1083,23,gauss_sigma-002.5%,gauss039_sigma-002.5%_Dis3.wav,gauss_sigma-002.5%/gauss039_sigma-002.5%_Dis3.wav,/home/itolab-1/yusei/database_chromatic-longtones/gauss_sigma-002.5%/gauss039_sigma-002.5%_Dis3.wav
1084,23,gauss_sigma-002.5%,gauss040_sigma-002.5%_E3.wav,gauss_sigma-002.5%/gauss040_sigma-002.5%_E3.wav,/home/itolab-1/yusei/database_chromatic-longtones/gauss_sigma-002.5%/gauss040_sigma-002.5%_E3.wav
1085,23,gauss_sigma-002.5%,gauss041_sigma-002.5%_F3.wav,gauss_sigma-002.5%/gauss041_sigma-002.5%_F3.wav,/home/itolab-1/yusei/database_chromatic-longtones/gauss_sigma-002.5%/gauss041_sigma-002.5%_F3.wav
1086,23,gauss_sigma-002.5%,gauss042_sigma-002.5%_Fis3.wav,gauss_sigma-002.5%/gauss042_sigma-002.5%_Fis3.wav,/home/itolab-1/yusei/database_chromatic-longtones/gauss_sigma-002.5%/gauss042_sigma-002.5%_Fis3.wav
1087,23,gauss_sigma-002.5%,gauss043_sigma-002.5%_G3.wav,gauss_sigma-002.5%/gauss043_sigma-002.5%_G3.wav,/home/itolab-1/yusei/database_chromatic-longtones/gauss_sigma-002.5%/gauss043_sigma-002.5%_G3.wav
1088,23,gauss_sigma-002.5%,gauss044_sigma-002.5%_Gis3.wav,gauss_sigma-002.5%/gauss044_sigma-002.5%_Gis3.wav,/home/itolab-1/yusei/database_chromatic-longtones/gauss_sigma-002.5%/gauss044_sigma-002.5%_Gis3.wav
1089,23,gauss_sigma-002.5%,gauss045_sigma-002.5%_A3.wav,gauss_sigma-002.5%/gauss045_sigma-002.5%_A3.wav,/home/itolab-1/yusei/database_chromatic-longtones/gauss_sigma-002.5%/gauss045_sigma-002.5%_A3.wav
1090,23,gauss_sigma-002.5%,gauss046_sigma-002.5%_Ais3.wav,gauss_sigma-002.5%/gauss046_sigma-002.5%_Ais3.wav,/home/itolab-1/yusei/database_chromatic-longtones/gauss_sigma-002.5%/gauss046_sigma-002.5%_Ais3.wav
1091,23,gauss_sigma-002.5%,gauss047_sigma-002.5%_H3.wav,gauss_sigma-002.5%/gauss047_sigma-002.5%_H3.wav,/home/itolab-1/yusei/database_chromatic-longtones/gauss_sigma-002.5%/gauss047_sigma-002.5%_H3.wav
1092,23,gauss_sigma-002.5%,gauss048_sigma-002.5%_C4.wav,gauss_sigma-002.5%/gauss048_sigma-002.5%_C4.wav,/home/itolab-1/yusei/database_chromatic-longtones/gauss_sigma-002.5%/gauss048_sigma-002.5%_C4.wav
1093,23,gauss_sigma-002.5%,gauss049_sigma-002.5%_Cis4.wav,gauss_sigma-002.5%/gauss049_sigma-002.5%_Cis4.wav,/home/itolab-1/yusei/database_chromatic-longtones/gauss_sigma-002.5%/gauss049_sigma-002.5%_Cis4.wav
1094,23,gauss_sigma-002.5%,gauss050_sigma-002.5%_D4.wav,gauss_sigma-002.5%/gauss050_sigma-002.5%_D4.wav,/home/itolab-1/yusei/database_chromatic-longtones/gauss_sigma-002.5%/gauss050_sigma-002.5%_D4.wav
1095,23,gauss_sigma-002.5%,gauss051_sigma-002.5%_Dis4.wav,gauss_sigma-002.5%/gauss051_sigma-002.5%_Dis4.wav,/home/itolab-1/yusei/database_chromatic-longtones/gauss_sigma-002.5%/gauss051_sigma-002.5%_Dis4.wav
1096,23,gauss_sigma-002.5%,gauss052_sigma-002.5%_E4.wav,gauss_sigma-002.5%/gauss052_sigma-002.5%_E4.wav,/home/itolab-1/yusei/database_chromatic-longtones/gauss_sigma-002.5%/gauss052_sigma-002.5%_E4.wav
1097,23,gauss_sigma-002.5%,gauss053_sigma-002.5%_F4.wav,gauss_sigma-002.5%/gauss053_sigma-002.5%_F4.wav,/home/itolab-1/yusei/database_chromatic-longtones/gauss_sigma-002.5%/gauss053_sigma-002.5%_F4.wav
1098,23,gauss_sigma-002.5%,gauss054_sigma-002.5%_Fis4.wav,gauss_sigma-002.5%/gauss054_sigma-002.5%_Fis4.wav,/home/itolab-1/yusei/database_chromatic-longtones/gauss_sigma-002.5%/gauss054_sigma-002.5%_Fis4.wav
1099,23,gauss_sigma-002.5%,gauss055_sigma-002.5%_G4.wav,gauss_sigma-002.5%/gauss055_sigma-002.5%_G4.wav,/home/itolab-1/yusei/database_chromatic-longtones/gauss_sigma-002.5%/gauss055_sigma-002.5%_G4.wav
1100,23,gauss_sigma-002.5%,gauss056_sigma-002.5%_Gis4.wav,gauss_sigma-002.5%/gauss056_sigma-002.5%_Gis4.wav,/home/itolab-1/yusei/database_chromatic-longtones/gauss_sigma-002.5%/gauss056_sigma-002.5%_Gis4.wav
1101,23,gauss_sigma-002.5%,gauss057_sigma-002.5%_A4.wav,gauss_sigma-002.5%/gauss057_sigma-002.5%_A4.wav,/home/itolab-1/yusei/database_chromatic-longtones/gauss_sigma-002.5%/gauss057_sigma-002.5%_A4.wav
1102,23,gauss_sigma-002.5%,gauss058_sigma-002.5%_Ais4.wav,gauss_sigma-002.5%/gauss058_sigma-002.5%_Ais4.wav,/home/itolab-1/yusei/database_chromatic-longtones/gauss_sigma-002.5%/gauss058_sigma-002.5%_Ais4.wav
1103,23,gauss_sigma-002.5%,gauss059_sigma-002.5%_H4.wav,gauss_sigma-002.5%/gauss059_sigma-002.5%_H4.wav,/home/itolab-1/yusei/database_chromatic-longtones/gauss_sigma-002.5%/gauss059_sigma-002.5%_H4.wav
1104,23,gauss_sigma-002.5%,gauss060_sigma-002.5%_C5.wav,gauss_sigma-002.5%/gauss060_sigma-002.5%_C5.wav,/home/itolab-1/yusei/database_chromatic-longtones/gauss_sigma-002.5%/gauss060_sigma-002.5%_C5.wav
1105,23,gauss_sigma-002.5%,gauss061_sigma-002.5%_Cis5.wav,gauss_sigma-002.5%/gauss061_sigma-002.5%_Cis5.wav,/home/itolab-1/yusei/database_chromatic-longtones/gauss_sigma-002.5%/gauss061_sigma-002.5%_Cis5.wav
1106,23,gauss_sigma-002.5%,gauss062_sigma-002.5%_D5.wav,gauss_sigma-002.5%/gauss062_sigma-002.5%_D5.wav,/home/itolab-1/yusei/database_chromatic-longtones/gauss_sigma-002.5%/gauss062_sigma-002.5%_D5.wav
1107,23,gauss_sigma-002.5%,gauss063_sigma-002.5%_Dis5.wav,gauss_sigma-002.5%/gauss063_sigma-002.5%_Dis5.wav,/home/itolab-1/yusei/database_chromatic-longtones/gauss_sigma-002.5%/gauss063_sigma-002.5%_Dis5.wav
1108,23,gauss_sigma-002.5%,gauss064_sigma-002.5%_E5.wav,gauss_sigma-002.5%/gauss064_sigma-002.5%_E5.wav,/home/itolab-1/yusei/database_chromatic-longtones/gauss_sigma-002.5%/gauss064_sigma-002.5%_E5.wav
1109,23,gauss_sigma-002.5%,gauss065_sigma-002.5%_F5.wav,gauss_sigma-002.5%/gauss065_sigma-002.5%_F5.wav,/home/itolab-1/yusei/database_chromatic-longtones/gauss_sigma-002.5%/gauss065_sigma-002.5%_F5.wav
1110,23,gauss_sigma-002.5%,gauss066_sigma-002.5%_Fis5.wav,gauss_sigma-002.5%/gauss066_sigma-002.5%_Fis5.wav,/home/itolab-1/yusei/database_chromatic-longtones/gauss_sigma-002.5%/gauss066_sigma-002.5%_Fis5.wav
1111,23,gauss_sigma-002.5%,gauss067_sigma-002.5%_G5.wav,gauss_sigma-002.5%/gauss067_sigma-002.5%_G5.wav,/home/itolab-1/yusei/database_chromatic-longtones/gauss_sigma-002.5%/gauss067_sigma-002.5%_G5.wav
1112,23,gauss_sigma-002.5%,gauss068_sigma-002.5%_Gis5.wav,gauss_sigma-002.5%/gauss068_sigma-002.5%_Gis5.wav,/home/itolab-1/yusei/database_chromatic-longtones/gauss_sigma-002.5%/gauss068_sigma-002.5%_Gis5.wav
1113,23,gauss_sigma-002.5%,gauss069_sigma-002.5%_A5.wav,gauss_sigma-002.5%/gauss069_sigma-002.5%_A5.wav,/home/itolab-1/yusei/database_chromatic-longtones/gauss_sigma-002.5%/gauss069_sigma-002.5%_A5.wav
1114,23,gauss_sigma-002.5%,gauss070_sigma-002.5%_Ais5.wav,gauss_sigma-002.5%/gauss070_sigma-002.5%_Ais5.wav,/home/itolab-1/yusei/database_chromatic-longtones/gauss_sigma-002.5%/gauss070_sigma-002.5%_Ais5.wav
1115,23,gauss_sigma-002.5%,gauss071_sigma-002.5%_H5.wav,gauss_sigma-002.5%/gauss071_sigma-002.5%_H5.wav,/home/itolab-1/yusei/database_chromatic-longtones/gauss_sigma-002.5%/gauss071_sigma-002.5%_H5.wav
1116,23,gauss_sigma-002.5%,gauss072_sigma-002.5%_C6.wav,gauss_sigma-002.5%/gauss072_sigma-002.5%_C6.wav,/home/itolab-1/yusei/database_chromatic-longtones/gauss_sigma-002.5%/gauss072_sigma-002.5%_C6.wav
1117,23,gauss_sigma-002.5%,gauss073_sigma-002.5%_Cis6.wav,gauss_sigma-002.5%/gauss073_sigma-002.5%_Cis6.wav,/home/itolab-1/yusei/database_chromatic-longtones/gauss_sigma-002.5%/gauss073_sigma-002.5%_Cis6.wav
1118,23,gauss_sigma-002.5%,gauss074_sigma-002.5%_D6.wav,gauss_sigma-002.5%/gauss074_sigma-002.5%_D6.wav,/home/itolab-1/yusei/database_chromatic-longtones/gauss_sigma-002.5%/gauss074_sigma-002.5%_D6.wav
1119,23,gauss_sigma-002.5%,gauss075_sigma-002.5%_Dis6.wav,gauss_sigma-002.5%/gauss075_sigma-002.5%_Dis6.wav,/home/itolab-1/yusei/database_chromatic-longtones/gauss_sigma-002.5%/gauss075_sigma-002.5%_Dis6.wav
1120,23,gauss_sigma-002.5%,gauss076_sigma-002.5%_E6.wav,gauss_sigma-002.5%/gauss076_sigma-002.5%_E6.wav,/home/itolab-1/yusei/database_chromatic-longtones/gauss_sigma-002.5%/gauss076_sigma-002.5%_E6.wav
1121,23,gauss_sigma-002.5%,gauss077_sigma-002.5%_F6.wav,gauss_sigma-002.5%/gauss077_sigma-002.5%_F6.wav,/home/itolab-1/yusei/database_chromatic-longtones/gauss_sigma-002.5%/gauss077_sigma-002.5%_F6.wav
1122,23,gauss_sigma-002.5%,gauss078_sigma-002.5%_Fis6.wav,gauss_sigma-002.5%/gauss078_sigma-002.5%_Fis6.wav,/home/itolab-1/yusei/database_chromatic-longtones/gauss_sigma-002.5%/gauss078_sigma-002.5%_Fis6.wav
1123,23,gauss_sigma-002.5%,gauss079_sigma-002.5%_G6.wav,gauss_sigma-002.5%/gauss079_sigma-002.5%_G6.wav,/home/itolab-1/yusei/database_chromatic-longtones/gauss_sigma-002.5%/gauss079_sigma-002.5%_G6.wav
1124,23,gauss_sigma-002.5%,gauss080_sigma-002.5%_Gis6.wav,gauss_sigma-002.5%/gauss080_sigma-002.5%_Gis6.wav,/home/itolab-1/yusei/database_chromatic-longtones/gauss_sigma-002.5%/gauss080_sigma-002.5%_Gis6.wav
1125,23,gauss_sigma-002.5%,gauss081_sigma-002.5%_A6.wav,gauss_sigma-002.5%/gauss081_sigma-002.5%_A6.wav,/home/itolab-1/yusei/database_chromatic-longtones/gauss_sigma-002.5%/gauss081_sigma-002.5%_A6.wav
1126,23,gauss_sigma-002.5%,gauss082_sigma-002.5%_Ais6.wav,gauss_sigma-002.5%/gauss082_sigma-002.5%_Ais6.wav,/home/itolab-1/yusei/database_chromatic-longtones/gauss_sigma-002.5%/gauss082_sigma-002.5%_Ais6.wav
1127,23,gauss_sigma-002.5%,gauss083_sigma-002.5%_H6.wav,gauss_sigma-002.5%/gauss083_sigma-002.5%_H6.wav,/home/itolab-1/yusei/database_chromatic-longtones/gauss_sigma-002.5%/gauss083_sigma-002.5%_H6.wav
1128,23,gauss_sigma-002.5%,gauss084_sigma-002.5%_C7.wav,gauss_sigma-002.5%/gauss084_sigma-002.5%_C7.wav,/home/itolab-1/yusei/database_chromatic-longtones/gauss_sigma-002.5%/gauss084_sigma-002.5%_C7.wav
1129,23,gauss_sigma-002.5%,gauss085_sigma-002.5%_Cis7.wav,gauss_sigma-002.5%/gauss085_sigma-002.5%_Cis7.wav,/home/itolab-1/yusei/database_chromatic-longtones/gauss_sigma-002.5%/gauss085_sigma-002.5%_Cis7.wav
1130,23,gauss_sigma-002.5%,gauss086_sigma-002.5%_D7.wav,gauss_sigma-002.5%/gauss086_sigma-002.5%_D7.wav,/home/itolab-1/yusei/database_chromatic-longtones/gauss_sigma-002.5%/gauss086_sigma-002.5%_D7.wav
1131,23,gauss_sigma-002.5%,gauss087_sigma-002.5%_Dis7.wav,gauss_sigma-002.5%/gauss087_sigma-002.5%_Dis7.wav,/home/itolab-1/yusei/database_chromatic-longtones/gauss_sigma-002.5%/gauss087_sigma-002.5%_Dis7.wav
1132,23,gauss_sigma-002.5%,gauss088_sigma-002.5%_E7.wav,gauss_sigma-002.5%/gauss088_sigma-002.5%_E7.wav,/home/itolab-1/yusei/database_chromatic-longtones/gauss_sigma-002.5%/gauss088_sigma-002.5%_E7.wav
1133,23,gauss_sigma-002.5%,gauss089_sigma-002.5%_F7.wav,gauss_sigma-002.5%/gauss089_sigma-002.5%_F7.wav,/home/itolab-1/yusei/database_chromatic-longtones/gauss_sigma-002.5%/gauss089_sigma-002.5%_F7.wav
1134,23,gauss_sigma-002.5%,gauss090_sigma-002.5%_Fis7.wav,gauss_sigma-002.5%/gauss090_sigma-002.5%_Fis7.wav,/home/itolab-1/yusei/database_chromatic-longtones/gauss_sigma-002.5%/gauss090_sigma-002.5%_Fis7.wav
1135,23,gauss_sigma-002.5%,gauss091_sigma-002.5%_G7.wav,gauss_sigma-002.5%/gauss091_sigma-002.5%_G7.wav,/home/itolab-1/yusei/database_chromatic-longtones/gauss_sigma-002.5%/gauss091_sigma-002.5%_G7.wav
1136,23,gauss_sigma-002.5%,gauss092_sigma-002.5%_Gis7.wav,gauss_sigma-002.5%/gauss092_sigma-002.5%_Gis7.wav,/home/itolab-1/yusei/database_chromatic-longtones/gauss_sigma-002.5%/gauss092_sigma-002.5%_Gis7.wav
1137,23,gauss_sigma-002.5%,gauss093_sigma-002.5%_A7.wav,gauss_sigma-002.5%/gauss093_sigma-002.5%_A7.wav,/home/itolab-1/yusei/database_chromatic-longtones/gauss_sigma-002.5%/gauss093_sigma-002.5%_A7.wav
1138,23,gauss_sigma-002.5%,gauss094_sigma-002.5%_Ais7.wav,gauss_sigma-002.5%/gauss094_sigma-002.5%_Ais7.wav,/home/itolab-1/yusei/database_chromatic-longtones/gauss_sigma-002.5%/gauss094_sigma-002.5%_Ais7.wav
1139,23,gauss_sigma-002.5%,gauss095_sigma-002.5%_H7.wav,gauss_sigma-002.5%/gauss095_sigma-002.5%_H7.wav,/home/itolab-1/yusei/database_chromatic-longtones/gauss_sigma-002.5%/gauss095_sigma-002.5%_H7.wav
1140,23,gauss_sigma-002.5%,gauss096_sigma-002.5%_C8.wav,gauss_sigma-002.5%/gauss096_sigma-002.5%_C8.wav,/home/itolab-1/yusei/database_chromatic-longtones/gauss_sigma-002.5%/gauss096_sigma-002.5%_C8.wav
