,Eigenvector_1,Eigenvector_2,Eigenvector_3,Eigenvector_4,Eigenvector_5,Eigenvector_6,Eigenvector_7,Eigenvector_8,Eigenvector_9,Eigenvector_10,Eigenvector_11,Eigenvector_12,Eigenvector_13,Eigenvector_14,Eigenvector_15,Eigenvector_16,Eigenvector_17,Eigenvector_18,Eigenvector_19,Eigenvector_20,Eigenvector_21,Eigenvector_22,Eigenvector_23,Eigenvector_24,Eigenvector_25,Eigenvector_26,Eigenvector_27,Eigenvector_28,Eigenvector_29,Eigenvector_30,Eigenvector_31,Eigenvector_32,Eigenvector_33,Eigenvector_34,Eigenvector_35,Eigenvector_36,Eigenvector_37,Eigenvector_38,Eigenvector_39,Eigenvector_40,Eigenvector_41,Eigenvector_42,Eigenvector_43,Eigenvector_44,Eigenvector_45,Eigenvector_46,Eigenvector_47,Eigenvector_48,Eigenvector_49,Eigenvector_50,Eigenvector_51,Eigenvector_52,Eigenvector_53,Eigenvector_54,Eigenvector_55,Eigenvector_56,Eigenvector_57,Eigenvector_58,Eigenvector_59,Eigenvector_60,Eigenvector_61,Eigenvector_62,Eigenvector_63,Eigenvector_64,Eigenvector_65,Eigenvector_66,Eigenvector_67,Eigenvector_68,Eigenvector_69,Eigenvector_70,Eigenvector_71,Eigenvector_72,Eigenvector_73,Eigenvector_74,Eigenvector_75,Eigenvector_76,Eigenvector_77,Eigenvector_78,Eigenvector_79,Eigenvector_80,Eigenvector_81,Eigenvector_82,Eigenvector_83,Eigenvector_84,Eigenvector_85,Eigenvector_86,Eigenvector_87,Eigenvector_88,Eigenvector_89,Eigenvector_90,Eigenvector_91,Eigenvector_92,Eigenvector_93,Eigenvector_94,Eigenvector_95,Eigenvector_96,Eigenvector_97,Eigenvector_98,Eigenvector_99,Eigenvector_100,Eigenvector_101,Eigenvector_102,Eigenvector_103,Eigenvector_104,Eigenvector_105,Eigenvector_106,Eigenvector_107,Eigenvector_108,Eigenvector_109,Eigenvector_110,Eigenvector_111,Eigenvector_112,Eigenvector_113,Eigenvector_114,Eigenvector_115,Eigenvector_116,Eigenvector_117,Eigenvector_118,Eigenvector_119,Eigenvector_120,Eigenvector_121,Eigenvector_122,Eigenvector_123,Eigenvector_124,Eigenvector_125,Eigenvector_126,Eigenvector_127,Eigenvector_128,Eigenvector_129,Eigenvector_130,Eigenvector_131,Eigenvector_132,Eigenvector_133,Eigenvector_134,Eigenvector_135,Eigenvector_136,Eigenvector_137,Eigenvector_138,Eigenvector_139,Eigenvector_140,Eigenvector_141,Eigenvector_142,Eigenvector_143,Eigenvector_144,Eigenvector_145
picc/picc000_D5.wav,-0.06713876491886026,0.018515610227709634,-0.01494985188801319,0.02305648833020557,-0.011417624035377369,-0.02295675687663847,0.03101662927885907,0.03546603951309592,0.016154075755319616,-0.026004775226554217,-0.057889068152527305,0.08706792681617624,0.012406762507912941,0.048669218258384536,0.011821954220220598,-0.014373285108569289,-0.00032316115360813005,-0.027583750015764477,-0.02859605694359952,-0.029802590625478038,-0.04705006254443344,0.04402020085401047,0.07138976633885817,0.10785794638854176,0.06971996587672127,0.052116050929423736,-0.13858306198557344,-0.036674239959248275,-0.0017641472210990947,-0.12352583810020189,0.054135063233594655,0.09658712830538704,0.03634034693011956,0.02914816413864352,0.0928721583930351,-0.2481367658111991,-0.0403007286745967,-0.06292888740210177,-0.07742150354660324,-0.022733266141867502,-0.08956560524821527,0.11045340557830033,0.037311979776459905,0.049873122601252845,0.03012208684480671,0.04391424650935599,0.008951284176890117,0.08515314236914255,-0.16478463432392904,-0.07504757608893682,-0.06482815712543286,-0.015314832974187623,0.0379196937970787,0.05728310804667708,0.03660447139643842,0.0923493131181335,0.009309208255737266,0.12262105486863448,-0.2307223994268123,-0.023805705179186395,-0.03841422538450248,-0.02527784710989414,-0.1102353242864374,0.23939119544545429,0.00460742515912334,0.030190251551644093,0.17802397434296285,-0.022649669014877617,-0.03455940937725937,-0.11566030309708543,-0.14524140657411824,-0.06198672368282841,0.10394873670372588,0.03923944583791455,0.038478986577127006,0.008974372197242926,0.08367561181758552,-0.08802593928758569,-0.08067391571771149,-0.005020796571364881,0.10011926965495997,0.19895503208486326,-0.022514535231445285,-0.07178469000352705,-0.11126906588742345,-0.0610800691784771,0.07131594955797632,0.01778908597332856,0.042541530022961585,-0.06374199761483872,-0.09434204338481916,-0.1187702744496436,0.08759510901356421,0.1560524754932578,-0.11549925200695974,-0.02836260706222194,0.005853217739519029,0.19383487528863508,-0.012343010888740241,-0.03906388740308345,0.08201252980986208,0.09798181585226633,-0.05837393110020802,0.08518532572720224,0.01489631444745037,-0.0453436805087739,0.045326023273802606,-0.008880111580051937,0.038054130846977646,-0.03778689776365791,0.017890535277253403,-0.019536209307763952,0.13115809212338073,-0.06303169077318715,0.010181566344129532,-0.005006190106767327,0.02681851292701926,-0.017520839636171046,0.023481480122971167,-0.10638778191011865,-0.04155260651751243,-0.04057068204046494,-0.23134164272894736,0.029070347123933585,-0.05570428644079759,0.08184480524624195,-0.012275463705522537,0.010530271424021182,0.14988158879167576,-0.150329701312034,0.07490593668390937,-0.008255832918028552,0.04449772934725791,-0.07963522484457396,0.04270823576505177,-0.17252493443275524,0.05252980716673148,-0.04264557005320714,0.06431881808497998,-0.17566692771031436,0.019260659365625234,-0.013015562665079677,0.11012778384043047,-0.08653036592707054,0.020717723592516984
picc/picc001_Dis5.wav,-0.06728428551286947,-0.012495017958312949,0.021306221944232904,-0.006684994028188267,0.013549029418697098,0.019038047580134807,-0.016183506892853,-0.03183536417479204,-0.0065230013819499505,-0.013493036421046212,0.027688797671659902,-0.07670413141904779,-0.023576060492030614,-0.03698851147238833,-0.011505917542990287,0.018784075992851187,-0.012787097921681449,0.028116081649735388,0.021373991590681284,0.03268438442158526,0.05716526684691719,-0.09263816185130416,-0.07567424768172147,-0.11350987434106788,-0.12841282158043976,-0.04560851425602331,0.10184024953345772,-0.01080518209713111,0.038658791972482155,0.05169652425086913,-0.06908667996617641,-0.17708400985747053,0.014265450772860889,-0.020480008064663616,-0.08585279222264558,0.22465598019610414,0.1560246164098729,0.02199678003955927,0.2074586990139723,-0.0026157839328637945,0.008643236094719989,-0.12847615218102093,-0.14714663963740815,-0.06620728890176963,-0.09754041410871961,-0.0033146179940030406,0.01614148530019481,-0.013957244261594077,0.03524060671393732,-0.012823412685141457,0.03768732935653327,0.04041082009418787,-0.0660448350967616,-0.0009442520674812375,0.01668385846631643,-0.1966570984312499,0.12085975144737504,-0.04134815305411091,0.1997961322226468,-0.054652330528997047,0.14560706607806428,-0.16063539939581523,0.07719108410968246,-0.10100370592081133,-0.00024899500709779534,-0.09866115598062007,0.01407911060104429,-0.018740625683031784,-0.14636090296790025,-0.12129260188330467,0.0033366803405994166,-0.08507454575068656,0.01557493061386251,0.08596321703489736,-0.050272084356729675,-0.15515949270052337,-0.015274479077728643,-0.0327828419308379,-0.06246110625989311,0.11552228609554402,0.08765954147072598,0.12403329110022236,0.10128805833593743,-0.0402944320309055,-0.11274644523229134,-0.15268279146751332,-0.04662115846283578,0.16529117754215153,-0.009712680885661023,-0.05135285430269765,0.0806014881176073,-0.07176122686774193,0.06617439142825683,0.20035890236882778,0.03505631066984701,0.002408493878540232,-0.02290777287060365,-0.02776478163809516,-0.07090210893023742,0.04246580630708021,-0.05595015116861253,0.08698957081932879,-0.054989853719230986,-0.04490072547953268,0.00638461719201754,-0.1054564375436169,-0.0003202829178343041,-0.03303008150042239,0.045981973089930725,-0.05220038607669856,-0.030919280303086164,-0.13673299313453766,0.06341112804149067,-0.04622683084783118,0.04393438786529184,0.15824693441947685,-0.003990364350459903,-0.04094814273975505,-0.02020008638301428,-0.07409694625364778,0.08517639939087918,-0.03898810076271915,-0.1528366751109376,-0.0050663246297553265,-0.14593581237233466,0.0653911113536211,-0.020911459660709304,-0.04575944043487673,0.06571855842626342,-0.08341206146746609,0.053215851468495355,-0.04552620034801147,0.0018981903241767593,-0.07530142561295577,0.0048214887957301646,-0.14852098539712708,0.055329114815231326,-0.00214322475092266,0.04966417629420471,-0.16247141443532737,0.035914861091429995,-0.02063681275634179,0.1262152465222833,-0.10035154438193383,0.009145541874181956
picc/picc002_E5.wav,-0.06562520308919281,0.002560324744416396,0.0033223740963128235,0.010841456362475705,-0.00045258269988807977,8.237199469827289e-07,0.009304513751419028,0.018455424854384464,0.0375579662175007,-0.04408336461538927,-0.017991191911484874,0.03341431802883833,0.0185332949431403,0.035757019398516304,-0.010076645677399484,0.055888867552053315,0.0006944736267577603,-0.022558840227417047,0.014017786036995212,0.11351279218833132,-0.08045557713667248,0.04931606485357914,0.07625848172221507,0.08912145696030245,0.07278714401832154,-0.014622611539126078,-0.05542768364773153,-0.036885274342057475,0.04114511842189485,0.03537673269960862,0.053403117825378196,0.1591191860502761,-0.055133232585733306,0.003303834552949905,0.05714462460455197,0.036532792051880605,-0.18280675592017728,0.07488335150118658,-0.41982767483023203,0.017472921072139214,-0.017740587012164476,0.08711811632801497,0.14331005459151763,-0.14214032383975111,0.024730757588106094,-0.054051837027528665,-0.03393735397343381,0.03537674384506764,-0.007499551841378765,0.02293064053298744,0.023685396807830855,-0.02385586870839286,0.022557823663226274,0.09581051780969117,-0.10827096996029989,0.12367069355051319,-0.19585553979050213,-0.03701692393277567,0.07794352762249238,0.05709605228380869,0.07013208071611743,0.10407335750167956,0.11506882075368054,-0.19041140929527767,-0.015458811337159404,-0.02410540588372369,-0.24693646881811582,0.0414152791946071,-0.014414888321129127,0.0023662465335356,0.14999079653411376,0.005998571912096623,-0.045898133512826095,-0.05027243662808195,-0.048216922071465225,-0.004473887346357196,-0.0560739963337739,0.08076063144959152,0.046770596875234625,0.12006234237107354,0.0536325583324036,-0.14493588473416735,-0.02602057149119532,0.0804367782048253,0.05641132160445615,0.017630206233227523,-0.016141214101913465,0.014568657249860877,-0.06105475482525939,0.0915530022516721,0.05469899232232944,0.01314923922142612,-0.11791678208770252,0.029866128939301087,0.15067465362929622,0.03924914771420086,-0.0245608423234554,-0.09837937400342564,-0.04611547828428616,0.06473085502375828,-0.08400889732171128,-0.011918733467652737,0.020221445109852583,-0.03689504201166143,-0.022604542939053892,-0.031519662688329224,-0.0177914918396718,-0.030326629104812833,-0.025860807628365443,0.006351952902136387,0.008340823077434209,-0.15904161363071143,0.016706740708975702,-0.04746674681781341,0.1052243481929477,0.16788398469084426,-0.06576132442686636,0.002631422322452767,0.046144674505912496,-0.09637606624475199,0.03886630404069537,-0.08222768049054482,-0.15805435366244242,0.013448921559826816,-0.1375907608712415,0.03589179037202672,-0.01758419023501252,-0.06445260979254819,0.07456392931349923,-0.10382325811459073,0.06403412997121329,0.0013212487702227288,-0.01641420885083535,-0.05188063639364698,0.03894812482891826,-0.14926359726190966,0.05470706275283129,0.003589756761561605,0.033498100156048156,-0.1567090516677032,0.03730418116145767,-0.004779602941395442,0.09986429730481272,-0.10662542631494121,0.011449549044755258
picc/picc003_F5.wav,-0.06684600329785484,0.0061892865446206285,0.0035677179990563084,-0.022757487587530854,-0.001684257237431929,-0.006982870923822463,0.02171456562826403,-0.03212683559444117,-0.024718002291982878,-0.00658999349896801,0.021682694430766106,0.007230626818545086,-0.01012331095413952,-0.0046855142619361065,-0.018366085439901387,-0.01915587979919319,-0.011487342971607918,0.004251175531614016,-0.022713181662967166,-0.08390115496394278,0.02583570691349619,-0.012190080693121694,-0.02242889412135161,-0.0023308073395705564,-0.025039616068092716,0.02319734442737273,0.03368144401181323,0.054787182309420174,0.0049674158200194735,-0.07141759798350833,0.04832190117993225,-0.06586265195563379,0.013022180772430206,0.04180803978099493,-0.06416683938942924,-0.14547336851006334,0.10616502835083665,-0.13240698497813033,0.2629989583934817,-0.07650324287609776,-0.029433216944665462,0.02083055117153579,-0.08739618744808664,0.18693284812424593,-0.14200188740663813,0.03114686915235803,0.09820710517633487,0.1487235269518765,0.07512385748514883,-0.04295940838009532,0.11344441064177653,-0.04806815109381193,-0.0274265531118896,-0.017847535890851494,0.08169342440973588,0.057004796615657945,0.04542647257612405,0.0746682194594182,-0.13792170331876558,0.0823456416946547,0.057254280160389644,-0.025569427470382412,-0.1350236792344328,0.17772073585104048,0.08362224890612237,0.00644645808936103,-0.0820846487006947,0.13425863831807913,0.10441506076463088,0.2575819581392873,-0.00358836077588455,0.062355158467544136,-0.028522063470305344,-0.031410386521052706,-0.07886833618456096,-0.07220003031614187,0.07236777549696895,-0.06654900045647506,0.049801749393729056,0.02462487658180848,0.11390185158443557,-0.20092157693496998,-0.11467575771132531,0.026948782891636925,0.08395657820837897,0.19879196528362053,-0.07685190070036203,-0.03211369138178396,-0.17316512283017646,0.0593110335424579,-0.060060182753074516,0.07436797407924783,-0.1410942553563315,-0.20428092374063225,0.030732829682639795,-0.13627461471617863,-0.01653510253044884,-0.16262776988295163,0.012557473918358894,-0.014812799629622082,-0.10696377278820467,0.048820893843153704,0.13787795094927507,-0.14687366054077813,-0.0026508528286329405,0.04353264885935478,-0.03673770841736343,-0.016991030430550693,-0.029478622073872064,0.03246797538005973,-0.01955068771999186,-0.04410135502742626,-0.05095162707296476,-0.05787965537829678,-0.006909770634443031,0.14447224490285845,-0.08168484973505619,-0.018779860460168142,-0.013148147569637244,-0.011967522709619665,0.05848336778158677,-0.0894097102437294,-0.08074071877742958,-0.004932486896079408,-0.07868351423114259,-0.0038827291848982015,0.019807163411701665,-0.09600796578836482,0.019787784667246115,-0.03467533545509892,0.032109731631725806,-0.005693052978582967,0.007752628132927545,0.008448892564169318,0.03531363487787739,-0.13476409377804482,0.05246960012152582,0.021107189226516034,0.04250134314486155,-0.12380630049858563,0.07193955459088941,-0.019411222340477575,0.12389549782198828,-0.11153539360615838,0.0036677214933209523
picc/picc004_Fis5.wav,-0.06649549707263795,-0.00454896308214715,0.013220003921169208,-0.002590095718250654,-0.012997512970966015,0.009491618298104661,-0.031042624991635515,-0.005504135665430895,-0.011349354334798088,0.04689298821576418,0.03575615539975681,-0.04150726655737042,0.003310973894717242,-0.006749335040141011,0.029633155798885223,-0.03918250098247744,0.0566809166918796,-0.0019182029450330092,0.02270509774208565,0.026374827310039595,0.041409037551576426,-0.021889559019948174,-0.11290171999744605,-0.04907556633162269,-0.06579176313308593,-0.0068106622119934596,0.0157607036042337,0.00998958050015055,-0.019007002571458285,0.09159647418069704,-0.0019406818300426315,-0.10731707588006231,0.07428153247636106,-0.06811583692560527,-0.015851059652448665,0.030120723655175624,-0.001152258756180068,0.12225669269850978,0.09460137536905969,0.006772239131436255,0.16315216613520345,-0.0062189559341481945,0.049564058095638866,-0.17346695800010023,0.06182520078177465,0.058026505047372764,-0.06675523960384946,-0.17738522277727292,-0.011120289260313283,0.12007090665938167,-0.14665147791668567,-0.19563210215273746,0.037109203236143355,-0.09714820992344662,-0.12455403578665108,-0.05760065309675639,-0.103719455180151,-0.044287177371253095,0.11034839985183016,-0.2176672137058175,-0.13621201389555615,0.031710208919585474,-0.0689939726069788,0.037515508524631695,0.09869359341712511,0.025415317450744292,0.03412083211531251,0.03511951078714072,0.06610345364467755,-0.01220889224800626,-0.1821833394997765,0.11077348537973201,0.011671838535137966,-0.08164835209053682,0.026999086570730135,0.10322367360974795,-0.044249145766844244,0.13908857367513203,0.029032428990224905,-0.05067770147711254,-0.21059384974782688,-0.09860923524372545,-0.0321270798502779,0.06744545227742506,0.0745854752135092,0.005056072798877856,0.01606473173959183,-0.17258401347531335,-0.01723867101153694,-0.12173949347903686,-0.03536750694049912,-0.007124608215794862,0.036878652538118784,-0.04256065665725968,-0.09983191782722772,-0.14491898497471872,-0.08092528522998585,-0.009620784087606062,0.07407796354143287,-0.010221169017958536,0.18408312919119962,-0.01914692778754571,0.1146019895468302,-0.0043556463441834226,0.14854957599733498,0.08766571178342498,-0.0383471852110508,-0.08032731058110956,-0.14875980073594633,0.14156901135093167,0.147670967196464,-0.02450779220873315,0.01934978521897352,0.013826426907279468,-0.007723005788938375,-0.08063906869455176,0.05635955405420728,-0.006797428515425091,-0.0015713124518706798,-0.014478980815530815,-0.13641313931329757,-0.15428940946440206,-0.13395747777040695,0.06487187607786701,-0.10719143957604103,0.033334552571718856,0.02149527449686619,-0.0922463303921517,0.11093764693511382,-0.1152237388309443,0.014394963358025668,-0.019562863722171808,0.03785034330756966,0.019635726881045368,-0.019862747580967247,-0.1186209355702936,0.029251950253034523,0.049295235774043517,0.101378314995309,-0.06729462469021419,0.06331468167495377,0.006848469378417141,0.1199784504264203,-0.10274258546681181,0.01866518382621707
picc/picc005_G5.wav,-0.06863797249336687,-0.003989369510296968,-0.0068184274418753126,-8.72009082308993e-05,-0.0006143514093948964,-0.004948470555650368,-0.0012851230112217588,0.014750877614212548,0.00443414898616449,-0.003988186011402632,-0.02060022793499623,0.030321931850632478,-0.007719011094877599,-0.011114725763205548,-0.004700150070445103,-0.008670787335857326,-0.016154197861874067,-0.009135474062698401,-0.005982444827654537,-0.01685506421034131,-0.021723427305994115,0.020208974016628717,0.06134574199185185,0.03195465630319868,0.06338258437899458,-0.009577740265231269,-0.0068235482923899304,-0.002732826481758429,0.015769279822548297,-0.05149948598856143,-0.04231096220866834,0.02547443471529444,-0.04598563390555184,-0.01103695058222178,-0.006830343608160462,0.017511835955918167,-0.02671141180641353,-0.056585510015575435,-0.09935453910232442,0.032033838314820665,-0.12521145907740686,0.02112508545217614,-0.10166225009925962,0.10846478750303261,0.0584072004075301,-0.04679451764331634,-0.07942797135553634,0.039235727755593724,-0.004378428475271132,0.002363988873365603,0.06995474634169666,0.3075310550386008,0.04731558524457376,0.07149141024641836,0.14571099599979628,-0.08665139383183386,0.18292120430733058,-0.11663335232544217,0.14411236859535498,0.07398959495752558,-0.055976451394356835,-0.023493090332600483,0.08345612572099695,-0.057733014619100895,-0.09162700351087576,0.04746604543052101,0.0676496377798814,-0.18520020290704234,-0.0454131719692237,0.00040226537506403426,0.10657627279345797,-0.0068900068504756246,-0.14766115357152948,0.05910190458285498,0.05940046282751748,0.10040385704697455,-0.04650672457635817,0.025650203034393207,-0.04450872922636201,-0.23836261305409395,-0.1246744573755742,0.025033882661746915,0.0038226654066629215,0.006413470047536471,-0.010886145088268299,-0.014099549061793672,0.03087978974828353,-0.03790173219294245,-0.01033472290824173,0.18138134469118006,-0.03915809774639357,-0.03433079835292781,0.005891072517122493,-0.14567600531379815,0.03376524092941065,-0.11608408134891365,0.10983243626926338,-0.024390604565528128,0.16718925765988898,-0.0446501636376211,0.1351286540429383,0.14796020216900807,0.22101726460688567,0.012836634713031802,0.1962190652739259,0.017047074761516824,-0.08958181605256949,-0.07102848687204638,-0.03632185286108916,0.08626377820948965,-0.04572646284820964,-0.15186643179342527,0.1461030550288682,-0.08789374412590412,-0.09200652469140894,-0.14285403662822888,0.02874391780603755,-0.0555330779485068,-0.17647655919884891,0.13878000548588512,-0.007608873072934954,-0.014503704574299607,-0.1694860422012574,-0.005330585301610607,-0.08718707159345371,0.009271132926117996,0.008085296635050107,-0.05315895314984581,-0.06823735188073646,0.062307813043169125,-0.025703530440017927,-0.09675875817571883,-0.04661178303141578,0.04126422243025507,0.028745106831272745,0.013363398463209941,-0.022405138659069193,0.0009282729622459712,-0.048975264832083254,-0.058703923142402026,0.07962909558867758,-0.030035798554321064,0.09449552688012952,-0.12555098225780142,-0.019228720655059452
picc/picc006_Gis5.wav,-0.07193769912120875,0.004165979605173743,0.0008679875112727331,0.006798775856284356,0.002089405181517915,0.006815313765025283,-0.0034755907355312303,0.020049494885529685,0.0016161795545525971,0.025477577386250613,0.015340160395917346,0.004203202594956955,0.008590517792286818,0.02017041511650819,0.025158090078928757,0.009387161927623733,0.028735633877674183,-0.005145330492520264,-0.007941878060730719,0.01829321851195116,-0.033147642203700804,0.025384752443407457,0.004456957352981211,0.01565608353847759,0.039766841673709516,0.017564332988381844,0.010042236556941267,0.0327124922060466,0.00456929111195082,0.0635568248004826,-0.025866616162422987,0.00446104646156447,-0.09481173533066238,0.018322102203144442,-0.08169716700255064,-0.010505289406806048,-0.07519342945902505,0.1778796706889048,-0.0430502330798644,-0.08553850613270561,0.10135052315506984,0.18659913178333323,0.22902070101954813,-0.15095559095060446,-0.02933456206437688,0.17758372808486741,0.18442992592711321,0.04437206758476824,0.1136791041304029,-0.0690715027263296,-0.010363221191906129,-0.21458531024143898,-0.03152338417330425,-0.13670116423861328,0.08413727442417858,0.13956548418199216,0.13892562521726562,-0.08232570850584942,-0.13752726572025475,0.07239067780202309,-0.09987183224164889,-0.1823323783027264,-0.04049523066815783,-0.14128070563783152,-0.044268460969651834,-0.08144322347170545,0.11096541919516345,0.0360772184108525,0.010363450894101851,0.11934568899801395,0.053690583103931995,-0.042474260997126694,0.05366253041053545,0.021879954497093818,0.05354949571231408,0.01620072119790271,0.007546938715853107,-0.0319980852649004,0.0517419193481352,0.025904990081040462,0.05312626353890815,0.10114569068173332,0.06547947247494912,-0.10960100610956687,0.03445297858475814,-0.012107746736011274,0.11538999398753583,0.08803299581960454,0.04615587074637544,-0.0662919424769824,0.07501863489771729,0.12253464633222003,0.18545571197451158,0.050160840686083466,-0.0341084957024243,0.02608194748024147,-0.1017560351261432,-0.016961880462058904,0.11382928614885346,0.03571240634449482,0.05224712543978861,-0.07187196753231492,-0.019125113027035533,-0.0624489916983343,-0.024161538800320438,0.03267233891438008,-0.029833775750149154,-0.048806018887313694,0.06837580578836763,0.07485464322008667,-0.16618873042644547,-0.1801095690284098,-0.062008149088478876,0.03245395600712367,-0.2173372612877541,0.008770209283430376,0.008833528145171292,-0.002265411890059077,-0.16265076466202094,0.15440082467874933,0.14769793415726215,0.028304219377569377,0.03877752411143859,0.007829046204465263,0.016514955480886676,-0.07498173304979258,0.05802808619415342,0.0011104149836797216,-0.107794476204702,0.06739318578700271,-0.0488406668629541,-0.05180354287808331,-0.030643905711511862,0.0980139629280079,-0.010910706451784477,-0.01135358464023517,0.010933965062700252,0.04442853031266992,0.007503059962945091,-0.06896043414823827,0.07660512544668459,-0.05976171695382072,0.15867462611527286,-0.11208031490698277,-0.020652619236240975
picc/picc007_A5.wav,-0.07307130238159601,-0.0021955823197733395,-0.002352390167875548,0.003966984908046454,-0.0022817781018970983,-0.011454556288491381,0.016172803439913706,-0.0042195269845267565,-0.010093318847349873,-0.00212185391494946,-0.019397178375774843,-0.005820306650472021,0.005287857269964639,0.02259438186475253,-0.03085260840014739,0.008311957549731975,-0.03265286900532214,-0.024124472961863815,0.025340297035009608,0.003000488797559493,0.01352018255191166,-0.004145578746525956,0.025217956078548757,0.01841002226439016,0.015078863475208044,0.0020467379921910236,-0.03677688376167547,-0.053316071267940336,-0.03488940555343105,-0.0504031737769112,0.03128510794761947,0.019647776986500887,0.09225735943623224,-0.016838039329287915,0.13321030286991786,-0.020288322171696516,0.008635652522953164,-0.10337782305569745,-0.007278024330907025,0.06152308484988215,-0.08708142186527698,-0.2310757285805174,-0.13156915059549312,0.143624511702894,-0.054372777449146745,-0.07297442270407828,-0.13802481593658275,-0.07285016742719744,-0.0513863390688577,0.09329291843977287,-0.05585801702857973,0.10291954764570566,0.018501700841465046,0.07893035063523866,-0.19859171875601378,-0.048462919617281025,-0.2643846497095174,0.1791536528584875,0.03146099776779877,-0.15355025341827921,0.033812568873483974,0.13536489642642355,0.008739748729466933,0.11825550980842905,0.10421121241967997,-0.047444525110267005,-0.08364362307946399,0.0681825477712973,-0.15066262388988474,0.013279724367883739,-0.04591857187578677,0.0188419965157733,0.02172349402919122,-0.0449327655665565,0.026870094465162295,0.1106320211087351,0.06970070232864715,-0.00886280306107126,-0.00661496836379382,0.04770974453256788,0.00036900173583683665,0.11182642066449196,-0.004828812613682355,0.13550500140422175,-0.097744361734381,0.07140606193556909,0.11326989800575538,-0.05999731118467517,0.022482105317565976,0.0054770220372292,0.14870237064673575,0.05891097921332287,0.09097998417071775,0.06148955526217028,0.01398586969533986,-0.0030996625675533754,-0.11068555618392624,0.023099657833922677,0.09454070879694783,0.06444925479794657,0.02839816428067378,-0.07315634305384762,-0.14269728141124616,-0.07655750178592392,-0.10989442326341897,0.035462856992277574,-0.07973264451920431,-0.027943041000149514,0.06384475464836335,0.1009379628870111,-0.17462698347920372,-0.10257313550410752,-0.11043759627154151,0.01307278786435509,-0.22863179721457136,0.028903383897008438,-0.01238663502444528,-0.015592666517588815,-0.1299420641250379,0.1683142399258176,0.18028957462989975,0.0038536312447896015,0.12355165636410731,-0.015426648738171879,0.012466434953195854,-0.10158741486493221,0.042442046330242525,0.04619670445098041,-0.10633535563552657,0.060578481328214126,-0.07189035652255973,-0.06745869100666514,-0.005924789829884758,0.08927192066619469,-0.0191056804366867,-0.02326809889987791,0.037123370980092885,-0.0009820682566566707,0.015222940902653963,-0.07985811250721483,0.08233874352638432,-0.06359599399026333,0.16641446940623372,-0.10590256126573155,-0.022049364146421353
picc/picc008_Ais5.wav,-0.0673470585563604,0.002259495016193878,0.007769015065358363,0.01001390706128688,-0.010200878334741464,-0.0020402836574317223,-0.008047446039438653,-0.003398349492264606,0.005167198890458925,-0.0029685613812260557,-0.02087912326469256,0.015311793509228254,-0.020714130934221232,0.0007601406932732924,0.01059764063268964,-0.07306344782169522,0.027814124830162223,0.02696638228807196,-0.03519582059190853,0.01997230736825404,0.04120560517238699,-0.0264113904623288,-0.05442111197130551,-0.05039666519274316,-0.09375434684012349,0.014432269569414957,-0.019211441633246742,0.016164250157267822,-0.025359223721344287,0.02952356204578031,0.017851014700446692,-0.07195276707770798,-0.0013227831075806936,7.131349300793823e-05,-0.04881851543308706,-0.12390611167263096,0.0011492982940838684,0.08208269182147448,0.10023104707785001,0.0707851659698907,0.04698966275151366,0.03923361951768039,0.019396032652700616,-0.08232136295192474,0.14542735369844637,0.10996251639003374,-0.037638000003679034,-0.04152148290120464,-0.09669161425146056,-0.1054490280459375,0.0312762239513973,0.08793584498067701,0.10823170218612814,-0.10902868542520942,-0.025508734356764224,-0.15587915268329736,-0.10205905236874234,0.061706222610215564,-0.12409755149207485,0.09341740217991004,-0.07504770028341087,0.06946713882939172,0.11994816817600222,0.07384759021818321,-0.14154823827317137,0.24158003144454337,0.07663238930247417,-0.15209909862259186,0.12295781294785635,-0.26803988314689137,-0.12079829461896535,0.18688747168264092,-0.055475470819469054,-0.07288302007900908,-0.027929375820775863,-0.06960631172506072,-0.18940302363954314,-0.09975358497656336,0.09216294659382546,0.08595495932222882,0.0098249383530876,-0.020040932536985835,0.11280823956818081,-0.10968128710664231,0.002347319929196734,0.09236690261453359,0.013234425019942984,0.06623277470876952,0.006903368497127896,0.17642028933134143,0.030379242084743067,0.16419200179437982,-0.11476228127795743,0.0052820254000763706,0.1475201546853518,0.13561435935156002,0.07584684687320709,-0.053049528057702564,-0.11696801489430214,0.02660327305717968,-0.08852581426467672,-0.043814528322858246,-0.012968975432575996,0.13911953476371414,-0.014579703861382357,-0.08455055347673436,-0.11840916248381639,0.1735847927083758,0.09992487815853529,-0.060486783823278475,0.05947619694150742,0.018390946789643647,-0.06571289503258604,-0.02870585191132757,-0.06008282229810969,-0.05670902662047694,-0.05104513173960046,-0.015575078561027949,0.08274935684351872,0.1175419682719301,0.041602359117445045,-0.10925932258595414,0.034945385814741714,-0.06807909137789583,-0.09433097351971216,-0.08599099039960478,0.03955967598637495,0.056053495334495426,-0.022821581430851473,0.02376797824165347,-0.016734259845746582,-0.026543940965365755,-0.03597131044202936,0.09162205320399146,0.04446058937066773,-0.026053015541847024,0.03816737801944377,0.04491884959978877,0.00577511751139434,-0.07917410793797186,0.08153791998436169,-0.011744111799755541,0.11872175719371827,-0.12210809313340758,-0.006163929254318848
picc/picc009_H5.wav,-0.07090847806794273,0.003962994719830779,0.00790864480400565,-0.0032688636923606205,0.008547406279960975,0.009310871694829383,-0.0030098393593021994,0.01652421655842102,-0.012839569133744459,0.018651605759601377,-0.009329856448645979,-5.7427636188780995e-05,0.0353341909173579,0.0025163633727566873,-0.010124690928453453,0.038202874375162454,-0.008227390754304778,0.0061064773306455655,0.017439790327987932,-0.05000069623486753,-0.0255343592983987,0.022312397100191554,0.050338473972975945,0.0208588467705242,0.05792062445013919,0.026997415721063615,0.043527767868900946,0.03854529505422737,-0.10163978919859286,0.02081254149239757,0.001372848004428856,0.09896039540922286,-0.0319237804735923,-0.022259101409455726,0.011355055380233306,-0.012943837748780856,-0.02863544260927551,-0.015081391833634265,-0.014544081790633781,-0.02478612486521799,0.04793160471262681,-0.0748770011590006,-0.03232207216250203,0.15605759055858126,-0.049530454910159234,0.03882190284736234,0.01093848600305779,-0.024934805872817718,0.11157921141765502,0.17595534396490284,0.0647335017124918,0.023405742585438857,-0.10145730806816415,-0.055661827562299745,0.12532501890204184,0.1516784252926987,-0.03671029953301037,0.038706054664149156,0.026458819476126032,-0.1626319472891184,0.08057626958547309,-0.016974369265480696,-0.032251555449310784,-0.12042749236001253,0.029390499573199773,-0.08875828398268962,-0.12107580953861284,0.0443629904927594,-0.01108431926168818,0.2259848062542418,0.06574931016280214,-0.02450917642653262,-0.07668169898368964,0.0777400792625546,-0.09123011061130777,0.032396739180642446,-0.0685926870096901,-0.10263597303573052,0.018047617689315947,-0.012364036498490985,-0.09809221822966291,0.10674592967468532,0.206938610073463,-0.17911643430652288,-0.016528242147258433,0.1184147495617742,0.09312929297222935,0.09415288389319343,0.12547746881648322,-0.06249560846968305,0.18004607283812024,-0.0023668319529308174,-0.005515104171355215,-0.06050092295148399,0.09891329015684243,0.10876047364411931,0.15201114871905191,0.05005087962719537,-0.03583165567361731,-0.010515282251458959,0.01026331641458221,0.052234725190591816,-0.008730926086569252,0.04989571612188686,0.02815171760904585,-0.0035403281437289755,-0.07599292994689938,0.16808418495054558,0.036311361462991666,-0.13658124136519323,0.12165439827848538,0.24382343420686017,0.06538078121247984,0.10462891278506656,0.10685131591949508,-0.16886850837964235,0.165136615360709,0.0094145679859619,0.03617643644939743,0.1043551819651139,-0.19374705322856534,-0.08361853707468817,0.08899797184027142,-0.006125466951290464,-0.04672786650728532,-0.002421120796790799,0.02294027528916165,0.043530611139937836,0.13737037155351733,-0.07537584927032015,0.04595390623100368,-0.07251915676165914,0.10931814257230729,0.052699454233098075,-0.0759264514620171,-0.087334156323358,0.019213977928194376,0.03838430512130339,0.12670643362286302,-0.062097662187658706,0.08552495892797599,-0.03655912858390853,0.16364145326790952,-0.08656740100747914,0.009470004402834091
picc/picc010_C6.wav,-0.07435824986176094,-0.0007888419390755103,0.004339586742287585,-0.0024741457353704525,-0.0014978229255676705,0.0019455363295733281,-0.0024421906467475586,-0.011152014037762233,0.009768486221548961,-0.0014917714232979308,0.014744551884781167,-0.010803770153635456,0.0025110306939159013,0.007283005523918508,0.017489961429334164,0.008610811712834938,0.008541854528072865,0.007214649788673141,-0.014873016772057192,0.00043267526552405455,5.784436461692133e-05,0.02677104227535517,-0.03826761652913914,-0.023839118601265114,-0.013938477708347649,-0.03115062744323431,-0.012135193607715686,0.003674155277863779,0.06772445258744145,0.016989304131065988,-0.004952919619971675,0.007680883924836818,0.032918089647369475,0.04480531583933905,-0.008819487617413004,0.036830878536761175,0.002986705397625038,-0.003126886990005698,-0.02140495673550044,0.03004972590839465,-0.06885780749491174,0.06716393181073449,0.026232380561575792,-0.05811454180938222,0.004681745759926993,-0.08540051744973055,-0.016126211223536635,0.05267428664204948,-0.07092466851910872,-0.03930282867950522,0.07917561670118907,-0.185094089625584,0.006145097279860499,-0.05685063022174233,0.010079190200203456,0.15315639862567956,0.14877377015928553,-0.0015191152751264012,0.10026858463494155,0.09992679916936809,0.12645795797788026,-0.04895441868114277,0.030334390169077068,-0.05679678581937972,-0.06992061895951764,0.12200371537961542,-0.01585966497131319,-0.05976334760565927,-0.001463010759939233,-0.2332684695900552,0.05550078716948446,-0.14701339726222784,-0.009652631937473701,0.061604294397606625,-0.023473734309847144,-0.04313630533911392,-0.05471334198434046,0.010799470738016716,0.011902695912705534,-0.08705126494807741,0.04060142179747415,-0.105404031227379,-0.025384480064757783,0.24770526861054062,-0.15014446270352583,0.013327750382461687,-0.2333659890828211,-0.16329115625755192,-0.1137394783714905,-0.003452284613367655,-0.10500502211111615,-0.22642548149744818,-0.032773260975614275,-0.06651102700022907,-0.050229824063907885,-0.14421361128698884,0.015433204815914116,0.19958118660932866,0.05052001203698842,0.029343409879115233,0.04077027648538547,0.08977899318228402,-0.1722122253358919,-0.10720937728532283,-0.08039656482057052,0.054236389121010885,0.037099230055652826,0.10707019210315671,-0.09684286679640365,-0.11521778892052598,0.015514774959472311,0.12963650226165035,-0.12846531063139888,0.031173097598451806,-0.07319778563946727,-0.04309644511126027,-0.006165140771074755,0.07107438634183146,-0.014028480525713014,0.10554408683356847,-0.061697828729984264,-0.06967459058398516,0.3021411578242019,-0.022860035232322235,0.0224018254041628,-0.0719493386791238,-0.001327885879869494,0.08000776154146953,-0.010568303099353776,-0.03870929903353111,0.010315927232690404,-0.1032228800868904,0.06672931611479566,0.0956959976481636,-0.07365560818964176,-0.06745386208088294,0.04990470031733771,-0.0138262026415846,0.062382933434822985,-0.08000896653221602,0.08156131962105329,-0.06435675083760718,0.18686553731636746,-0.09224944286282141,-0.014553595383729238
picc/picc011_Cis6.wav,-0.07142715863968838,-0.008341879470394425,-0.013493494358579217,-0.003173897448828983,0.004461300281429496,-0.0033694299421034753,0.002075771880927106,0.007230556016037157,0.006347287440966302,-0.003890446412890873,-0.005434090045617776,0.004006130484453113,-0.02607201610555182,-0.010823244152942314,0.006097679067816744,0.024373465963720475,-0.019393333012775158,-0.01218625103965213,0.003958260701575626,-0.0016328031959420876,-0.025010733725960466,-0.01088053954840354,0.031427751905079786,0.053289379079914025,0.049497515027399845,0.0251832110612627,-0.006180260856954195,-0.04856008826062222,0.04027051654115178,-0.04008693082175782,0.004219572902909939,-0.019347988271822852,0.02067135695923552,-0.0017360491704267005,-0.045820213609810735,0.05562533285091538,-0.009305072906896068,-0.054060528013662755,-0.0355466732513201,-0.0786011348119784,-0.0027737512194732326,0.04030769722395251,-0.004919708235606519,-0.0852450512942188,0.005708314235437842,-0.007689353579672591,0.02958149515653134,0.02750992218100176,0.06895912673479537,-0.06523404325689403,-0.15679532892371165,0.13056303873526617,-0.03351659483351649,0.21010169697245207,0.016438626279907085,-0.18156336762341335,0.0046418271727958,-0.18500941990696412,0.10042064739736084,0.030164128641573088,-0.13363895930513728,0.06764044466961322,-0.06873674606146014,0.026381214225236746,0.09041753785914633,-0.10000446488975158,0.09949499507052356,0.13011282823774925,-0.032727204167372966,0.10348391680720481,-0.011638960400982376,0.06718374917629456,0.1531613084799252,-0.028739642900230594,0.05453750373527742,0.009134058815913438,0.2120083668524444,0.07871832664811394,-0.06381548531896052,0.0024333005265694064,-0.06448623141430454,-0.033266385240072235,-0.16842333821466102,-0.05954356663037703,0.12029740114297185,-0.22147858385833982,-0.05364603079047184,-0.04199301312640861,0.08681027761842491,0.1251733827179823,-0.24613008991465318,0.0602853153330796,0.001965576878521967,0.010584288919672613,-0.0454624645955415,-0.010178511222819861,0.01991455914993198,-0.10820252345945088,-0.1631926426169194,-0.05106183121114188,-0.162024977381109,-0.1367257091897145,0.014902848390329133,0.1733327335192068,-0.10576372353567862,-0.08164225411303452,0.10439388055433611,0.15182494844286595,-0.050357621052740185,-0.20434371274642682,0.03044624839086724,0.05875429594915819,-0.019384710575778584,0.06206247417588894,0.052327757241296693,-0.035590102481580024,0.035252867531311835,0.10163562256465145,-0.08159455054077197,0.12200792294983626,-0.007207770547265242,0.07543767576552372,0.18777184372143346,-0.03392458216927658,-0.07478993684602525,-0.01324709066811397,0.0907529954865336,0.035778762287369155,-0.004122327195278261,-0.07278851336595465,0.05967498993432882,-0.11469726757000367,0.009722004902965486,0.10579648656803292,-0.06848125886885455,-0.04142011512643621,0.01573830120816283,0.028546026585361872,0.040885102865533283,-0.08949736007131603,0.0683034967093954,-0.05190511551316624,0.16133720970133755,-0.10496067220594066,-0.010248720244781082
picc/picc012_D6.wav,-0.07077537871402564,0.005041404333348213,0.012452917137788858,-0.0052307821779619575,0.0021214105574693057,0.017151283245600855,-0.030101087380926775,-0.018337190808338823,-0.0241968419525573,0.016202323635260453,0.05298026960413366,0.0002758494290688862,0.026108213053235123,-0.02082499616075873,-0.02883876521866449,-0.04243857248293372,0.05261521757371334,0.03650373746625912,0.03479508485157155,0.10689409820541343,0.005577942443519446,-0.07416765759701718,-0.08298915486552724,-0.09905094378292019,0.01745714155029853,-0.054577324929218136,0.106815636991607,-0.0023878162381897883,0.024511144738405502,0.09260837176668354,0.040197055589565905,-0.044531852359163786,-0.06128445823697259,0.09393789334660728,0.08737868494143272,0.18231438680773615,0.058745496975467125,0.17734957554916406,-0.0757148987509375,0.2657342319753714,0.057767156807460106,-0.07512190273221059,0.042705914533056465,0.1398337543580245,0.07999575099572011,-0.15031441291287959,0.06454785229020928,-0.09217433088863712,-0.005799166922609295,0.08884591919777096,0.03383497466778603,-0.06715419342484279,0.075580252092692,0.004008148782407993,-0.2489132675174285,0.18987151068495262,0.07451148159226645,0.09954726914926708,-0.06743314410177408,0.037081397086471984,-0.007947984649834946,0.03900250643802734,-0.030486781801379474,0.13904924934174792,-0.062346993609597355,0.025979300733995375,0.0454612550135671,0.05283757957497075,0.11498049477923045,0.04929383173889529,-0.00454839338882658,0.039859556356849984,-0.03472986658188886,0.0644954226580759,0.21541881839685934,0.0216773338771868,0.059935010264465446,0.0018844875331368027,-0.14991831844485584,0.01490683685907651,0.12034598636771077,0.0034865096720516076,0.06383173114229285,-0.016750067395678456,0.05440358460534772,-0.022046221208970884,-0.10792694597393951,0.064746357190635,0.028508955742485926,-0.0340837402185904,-0.0075338968255450126,0.01453041123569792,-0.07700420299573198,-0.10456951403900638,-0.16710495906303505,0.09244741389460116,0.029527195506836405,-0.024700515149407458,0.03621396198045672,-0.08384091199527398,-0.09906414976654461,0.01712430558747511,0.10649434773105128,0.09863994015110869,0.02363994711697614,0.062100986418194226,0.05596266709746826,0.051923484157479875,0.18049302456770286,0.018284900760021143,0.005824130921042853,0.06876156836855718,0.04685358717720574,-0.04916344377092498,0.07146953935807646,0.005046091403622685,-0.01523653042753275,0.02156765945594419,-0.08035627933013313,-0.004414294664353141,-0.03904885646455704,0.1896558256181643,-0.049494201004169985,-0.04566032550081048,0.03184946415366066,0.08148193079494781,-0.038912879605308426,-0.03249885199122538,-0.05109988740008807,0.13235040775952173,0.12984818177804233,-0.2309536526225352,-0.03924338824288332,-0.13583966048786644,-0.045531105684044115,0.012806085308741194,0.0015337892297260791,-0.08364244563263545,-0.10167915562462648,-0.09443276996630227,0.06096014968976504,-0.044700986842709,0.08167843853933257,-0.1145979315879434,-0.027857852252043885
picc/picc013_Dis6.wav,-0.07288612763433791,-0.00635331803222593,-0.009916755576604094,-0.004300301535242641,-0.005738767370645548,-0.01525319017998586,0.022605663243798,-0.008401689713329191,0.005960955752020405,-0.014871067685761324,-0.04054927496766228,-0.013250229934404112,-0.011124685911997213,0.009259544074055721,0.01071840896514543,0.029610985871057906,-0.04726444867404754,-0.012352505965069725,-0.03057255785021709,-0.09335415703171476,0.022025763779411216,0.04842837094912997,0.06063165852811552,0.05180191415975667,-0.0671871159605842,0.030958634385014932,-0.09416959173145649,-0.02263029187017308,-0.012448612545266345,-0.08608050538787343,-0.014387070271169537,0.057275610324433866,0.11419496670971546,-0.06118347698850599,-0.049353237002862385,-0.18214790934955422,-0.03260711151717883,-0.13472481299268974,0.0737511025753469,-0.19779355801638032,-0.009078148228175075,0.07788486689202909,-0.05356279803969467,-0.27937951477095885,-0.16688244275547928,0.09167238871932998,-0.033292201361608785,-0.11659819615867277,0.013740399407200149,-0.05041860219464771,0.08277492994155909,-0.062417317662160195,-0.08439738187385186,-0.08047980728376479,-0.05699578959333229,-0.11387883741257487,-0.1509484325350214,0.028209895176407623,-0.04246226339434341,-0.022595668831410953,0.07100009743783493,-0.1662309654441685,0.2072974693937204,-0.024964090057022298,0.056636563264144846,-0.050733735504965086,-0.010802802267241007,-0.10482368416063488,-0.0828074560224231,-0.03269780888256414,0.04013766375024597,-0.012916231554285802,-0.12463450882552232,-0.009980749668680011,-0.02088968700909134,0.11841152070093733,-0.10851124759339145,0.11908733441041433,0.08267231696059144,-0.022624110385570207,-0.031545822866742255,-0.01995497385669545,-0.0746233011075379,0.04946150336399615,0.03294425057062492,-0.025486046877363968,0.03830966940123725,0.003107124819769747,-0.004831843182911914,-0.08000750399317932,0.039953669197626815,0.012124836480522573,-0.07815575734985097,-0.036414035852065936,-0.1842014963437228,0.09500682323615231,0.14070500053328666,0.024435346251679396,-0.0016548705701516,-0.11575556176366009,-0.126170285006281,-0.019473964690343338,0.043585293991820345,-0.0045694980930006054,-0.01763292370654229,0.005721048976255284,0.05357969491940418,-0.03665330312638532,0.07927111086731348,0.1230138146332601,0.012246170574988623,0.19195012017644025,0.05538173651025527,-0.04685906223250237,0.12181525573896308,0.03404772942666803,-0.009956691392583438,-0.04185468485125771,-0.07676901512691062,-0.033135022117339374,-0.0021013390697680046,0.19759025436285632,0.01186752645353907,-0.015438762477253953,0.14433709651305715,0.06076069786490915,-0.11452259826419206,-0.10651334519891612,-0.07441194942188584,0.1297315694597499,0.08668907807779401,-0.20473026892079643,-0.010868843808099368,-0.094318976863558,-0.05426829421815316,0.042222755494635694,-0.01631280934593951,-0.12935109684016133,-0.10693512789508824,-0.0764023074662539,0.08360445773975766,-0.05678898219206553,0.07310954671685303,-0.11029511057951168,-0.037651440345542526
picc/picc014_E6.wav,-0.07406782300914681,-0.00012478545010188163,-0.011882583399014879,-0.0021521769702859614,0.00420575107529907,0.009422004665632464,0.005959495153298931,-0.009939750492926794,-0.004005720766838344,0.017812553313879206,0.016498929194943737,-0.015040710281432473,0.0021567217871782812,0.006814533164920353,0.0019296798408969147,0.010861408165683609,-0.002584043266690982,-0.005392443259294007,-0.01237549117548194,0.028805064375069005,-0.00696921955633744,0.03824423841123271,-0.01761697290822547,0.024398969362316072,0.04210964271083782,-0.04038244129113033,0.03620750758724135,0.10699440561040242,-0.046987136976954176,-0.006435445431379125,-0.02531333985397935,0.03342177760833361,-0.041160550015522365,-0.05456929735641805,-0.003815729713310543,0.054631788503749945,-0.016784055218272316,-0.09339105698541292,0.07515182333026434,-0.1161803329069097,-0.017518686323626652,-0.07367080087636241,0.014159409164654822,0.1598135643441657,-0.0858752017927172,-0.1582425344602206,0.001257877122572765,0.15524530969981554,0.0036447648421652837,-0.007418256916218051,-0.1339735724321848,-0.035313102897206704,-0.04164309131891183,-0.02477307572471922,0.14241085633102707,-0.007834729996951076,0.029847370001627283,-0.13016005145745718,0.01049350614699475,0.09961738572217906,-0.027323745487090264,0.1791160298773402,-0.08352539185015437,-0.004674320114921082,-0.14511733367749682,0.1390886605145991,-0.022629358225755195,0.023024636014340634,0.23318624865881485,-0.08571951935996133,-0.11968022506606088,0.061306681560890974,0.007578118983978886,-0.08077131812316297,0.0048529039202001405,-0.02461964612066686,-0.004209444701278493,0.10982867402822234,0.050108265617446524,0.10650773114574828,-0.11031322903071866,-0.03720359222114067,-0.08768449905001918,0.02486956002827765,0.058497435832784064,-0.1106474695145899,0.20919275251547273,0.15485430807407238,0.09984855412283528,-0.10228606301533716,-0.010662133126592524,-0.19510731695807954,0.12340331497496095,0.08173646919655159,0.1784981887561518,0.13788878996989276,0.033631826954152726,0.08580626381110659,0.11718165460197799,0.15247097438967455,-0.053253471875141414,-0.10399566302631781,-0.006106863363004353,-0.06765810182090587,-0.0006003409003811633,-0.034832182455901584,-0.12089753859441915,-0.04630816563935881,-0.032874535152801275,0.10265524582611707,0.054000328079967144,0.012889783755812362,-0.04989566144078647,-0.036651780221027205,0.0033793642436712786,0.07157648487154565,-0.17165374398653807,0.08198706179648724,-0.008291481480474604,-0.00593416181930069,-0.06861949911307108,-0.06167474842083491,0.053159063746722496,0.15376028041872547,0.06582526767010412,0.06865937082134961,-0.1120750786258787,-0.06260455306455144,0.06261399482583507,0.04049153554118553,-0.023115829393147408,-0.16544485638715367,0.0594789756912201,-0.13959974184091806,-0.12080481277000293,0.0919412120765869,-0.09569206375758485,-0.12145950534208749,-0.10488787297706836,-0.050891214596316764,0.08499449779557625,-0.06845467003976573,0.019799587768203793,-0.10503703811472695,-0.049388204518439296
picc/picc015_F6.wav,-0.08762290304320491,0.00024273040862517192,0.0021764903574472,0.002917774399728769,0.004208217760819838,-0.00022522314648720787,0.0005632004382628147,0.013122736728544887,0.0013858432866939371,-0.006965598424261948,0.009089092383557415,0.005791158165789068,-0.0016157843309361868,-0.018594999995891558,0.00499813449557231,-0.006317422971412724,0.002104355897963126,0.010688233695302852,0.0021650066515559105,-0.022672741105860768,0.004876806294882283,-0.021316148954696676,0.010547401959826723,-0.03402882292688347,-0.015210028244263304,0.018635649777793792,0.0009249132604202404,-0.038180837703088215,0.0031606214140767657,0.0003501008746403106,-0.0016181283210950949,-0.02676087150002068,-0.004222638788148096,0.05805215707169225,-0.01609205125713013,-0.014601757483149177,0.019930959235657582,0.0521303680935098,1.6138910846989155e-05,0.0738369198419023,0.017299811853279466,0.043523286192017605,-0.047222976365887535,-0.02394706905554428,0.0545174088893496,0.06953481697918201,0.079478198099997,-0.07499457947921398,-0.001435209462442938,0.011219471456748259,0.0871771985685161,0.14586774371494843,0.007385313014545904,0.019992544347126665,0.046190370840041836,0.02465161075666205,-0.00039092816770414877,0.07388428735833706,-0.056284941393507065,-0.013192236614264956,0.00830917685015798,0.07745414033519646,0.032928087848685283,-0.035666115814633664,-0.020429847835293363,-0.08787969749452455,-0.05396407142795008,0.0165992419027172,-0.006176998617018231,0.09035308474505944,0.05281777939805353,-0.01251917834363115,0.031014090350411253,0.03729812309449094,0.08018168247827479,0.04934584371451208,0.025877572594753075,-0.15171106134861784,0.13147506883684776,0.08946274929895169,0.03081769064409745,0.12295186802925542,0.08801952912973103,-0.1728963954091613,0.0037571630776097823,-0.08662176154955455,-0.12673287748994677,-0.17082260281724546,-0.03938587144168076,-0.06993458061259271,-0.24015643553063798,0.078380969166501,-0.042905836853977516,0.011467037626943885,0.21462041103336071,-0.04891892865671439,-0.052711300444316586,0.0006486997795274174,-0.1021281390740664,0.14208299554781897,0.13608232928457525,-0.004663212590004684,-0.10376901190943637,0.05429385983656809,-0.01924495380896061,-0.08899192331682748,0.05665507834371314,-0.056316492850578305,-0.24908498196062123,0.2765437435331644,0.04708030331663027,-0.038552252516692295,-0.08000252979998632,-0.28529237487803016,0.020991562716566842,-0.1039451613009631,0.09705961870655336,-0.0672410357658071,0.060310109485038954,-0.1615557746333729,0.005498645571328897,0.035403980022092024,0.1419154077636947,-0.031138771273169337,0.061113717425006486,-0.15098813487678733,-0.1735997962135348,-0.12327349052916517,-0.044474756512662666,-0.012487792628235739,-0.100459914207924,-0.12522989748357619,0.10129872740758915,-0.12524984990263738,-0.1731900843867976,-0.036555346321896026,-0.05036917011562876,-0.10211488752651587,0.01835934968260996,-0.02731138235674756,0.07761821650163157,-0.1006297977564431,-0.06388336474293517,-0.04467523725310206,-0.09476332499037886
picc/picc016_Fis6.wav,-0.07476712036543706,0.0006362627609522095,0.005434776007828844,-0.00037915062523894566,0.0018931785409605356,-0.005258542665684839,-0.0019197611462277442,-0.0013876204183423946,-0.0017468337363456266,0.011425168744608236,-0.002736290641948358,-0.0007992808878763136,0.002395346495513071,0.022172797820992483,-0.0018416898611874327,-0.01705590443815272,0.012857005189428592,0.01128512892802032,0.0027672835103209024,0.011767067507749474,0.031188850646592305,-0.014555028661379834,-0.0294905511907632,-0.02517325102322452,-0.008508440757198494,-0.02711800419764943,-0.012068229187165297,-0.032400497881183196,0.0012372617833750228,0.005516483545185285,-0.026061176390891103,-0.06782441152379728,-0.009809966992439918,-0.060451560457988864,0.045530841685321344,0.005414315001176201,0.05858746977992196,-0.0011210822651008725,-0.01384214142836281,0.008802232919265945,0.0033684383301932283,0.032207045288305966,0.06272956713966032,0.016609913083974633,-0.03945736447867228,-0.02775038431624034,-0.008783971638584782,-0.09358774151339068,-0.2417390528184782,0.02146704457652989,0.04872877549565692,0.0842734352841405,-0.009141945160868664,0.007054423058987982,0.22569552419093625,0.1180410815905257,-0.051879611588609646,0.11814601096660964,0.12441497307810973,0.17978156273205026,-0.12480452242055984,-0.045433227123474376,-0.19879915976527845,-0.10550135319339088,0.0418869451175397,-0.1977102714028645,-0.04605046367870736,-0.17339089990711923,-0.10697373757932045,-0.04800807489557038,-0.13170474111276417,-0.014905994065364412,-0.049460202082794495,-0.1989476229179665,-0.06218763877029405,0.08267620326344965,-0.017748420688037468,0.1256783013850939,-0.09218696311478182,0.002013714763891417,0.2292911577338906,0.17499457696997234,-0.006586791149370863,0.05077197178005115,0.013487000689864657,0.01582705245171274,-0.14391109389969567,0.010724622690633725,0.02718709156873545,-0.0680803303907829,0.04001887238411804,0.19676428658035566,0.025420535530891082,-0.11709266698903192,-0.1232260357024942,0.04255328385937808,-0.02858014755963806,-0.12187370434497624,-0.03409346200524226,-0.14721977894048974,-0.025895654137946478,-0.03590417078406824,-0.018241607850966988,0.0395548745262802,0.010577984387987488,0.09651044838353065,-0.013290843596512615,0.03943131509515767,-0.09016903884546915,-0.043002983060361655,-0.030923732861202816,-0.020920925759409913,0.05392583508781276,0.12521082901696784,0.0728004187568704,0.04694875471097779,-0.11398200052673738,0.09978749660742048,0.10117328600749714,0.09708203520983447,0.03212855080223407,-0.18413895668233515,0.004412456742700022,0.11010276515193794,-0.021635136784854375,-0.02539617103575842,-0.16579578358250613,0.011257636280090987,0.10153332474463717,-0.012307008124535113,-0.137408609994365,0.06553091822063058,0.0736227833659292,-0.03593246213792467,-0.06535016471978916,0.09467686704176524,-0.16246426961830374,-0.04371807426481378,-0.0754733892466335,-0.01953219433330656,0.07563254631128195,-0.08294012192700577,-0.042402747385409625,-0.09870140784518715,-0.05958670517955158
picc/picc017_G6.wav,-0.07801099155297618,-0.00239393668931992,-0.0012840306485595102,-0.005096155149078317,-0.000568778903662772,-0.004334966102696965,0.006919624841073571,-0.009107653043464226,-0.010347552363082445,-0.0009175340993446066,-0.006255305625406368,0.02011408831733047,-0.006176279227030016,0.009759197087531583,-0.0029433532681410104,-0.009064152538800056,0.0032344055612755014,0.0036766332300607503,-0.013175025954898271,0.031813273253587834,-0.008324197784047738,-0.02096708560344738,-0.00893137911728071,0.029754097110047187,-0.001051332466045031,0.00939704878632092,0.004625453986041965,0.018003428930824714,0.0003220337153518752,-0.023159579112986266,0.03583217151581813,-0.04201852852608544,-0.011027402326209645,-0.001162449101306637,-0.03738474252888357,-0.014434159777310399,-0.018722502904388854,0.050653296132925525,-0.03969795429244029,0.05298536865553879,-0.07498681123104414,0.08484937363338513,0.013738524897319315,-0.09006213167899271,0.14591135760600074,0.253150765635466,0.08382424274584058,-0.030686819923051355,0.2662541808113086,-0.0434858659383855,0.07871082908714769,0.11076770742655734,0.1255620048034024,0.1312653761281997,-0.2151869433177383,-0.09912991928089253,0.10054532765420458,0.03232826415290352,-0.0098758969957084,-0.1019430120978271,0.08759788969230556,-0.024345803850270367,-0.03632458905587783,0.20123344515439212,-0.011699530462716245,0.1637013373284268,-0.093629498258883,0.096642876603161,0.07646214099873684,0.030739612483467734,0.013905344347242051,-0.16428758981743233,-0.02237415504102285,0.04721262795359776,-0.14341319707647807,-0.08497404676644996,0.006753559685962772,-0.03583132901077657,-0.047312332466627756,-0.08535886993431563,-0.05020350714069516,-0.029372764875401844,-0.01837742984164984,0.059930399569178505,-0.061985056390190044,0.04844830344379612,0.06584791848711093,0.028182388246175832,-0.0007162736715333705,0.0679500299390415,0.13536234029792443,-0.0021530089293439053,-0.005780444726484639,0.11371627016208474,-0.08862234381619158,0.02297096092375456,-0.054872970217029055,-0.13532281111676836,0.057300115438151056,-0.01455083393033801,0.0116142371214629,0.10978278666566028,0.00902177815057136,0.10249568493176459,-0.03718714763125729,-0.07355678283639823,0.012925450419012746,-0.14373230004946652,-0.16377436088031783,-0.1053727863631616,-0.1347066299149407,0.018152649629759668,0.00856035987248549,0.16950038599110656,0.037849238009882796,0.07390019135801124,0.08615700655570804,0.14122850602014406,0.03787969571768449,0.004752696253063016,-0.07673997865583938,-0.13931610299337524,0.016074437949567935,0.16723993521123834,0.08721241671156135,-0.012206817577969792,-0.13309313335520126,0.03312768475150521,0.08849788569673253,0.019351757769526245,-0.13094474092401456,0.03845576184844346,0.05318275811585993,-0.06421096823573738,-0.12666752800720094,0.19986155219744967,-0.11026913722592768,-0.10348202581724861,-0.08841035038966473,-0.02610496040015786,0.10206731936203227,-0.08304061440692416,0.011667251625103212,-0.09201146526969728,-0.06373120668783087
picc/picc018_Gis6.wav,-0.06904232778459996,0.005182335032917512,0.009815262506521628,0.0004854467633409604,0.0010247665907120937,-0.004687996095396149,-0.003024461906079426,0.00880054291316755,0.011263859043567147,-0.010452277019360169,0.002393099588480524,0.02891085381300819,0.025666852697796255,0.007764487089819992,0.014996394267351363,-0.007708731535313835,0.011491163123637087,0.05757900756572684,0.003988466646024126,-0.02355202654277149,0.09530222338856244,0.023600095494504546,-0.05775618284230161,-0.06638773240922476,-0.10069971424593428,-0.037862352123854165,-0.06691752367203192,0.0007138189788860377,-0.042214907205173936,0.04629602417660665,0.0157996854996552,0.07943551422760381,0.10983659755051961,-0.051343954480500685,0.16842483313271586,-0.02736660219606736,-0.041610108720427225,-0.15195150810700017,0.04800957473363821,0.14897063064434637,-0.09054650019222135,-0.11329204224319676,0.057718414434166844,0.09980406425273405,0.002341625010203855,-0.007840865407595897,-0.23858914528567965,0.0036549509734510946,-0.09504004078864439,-0.06160699438259303,0.0727766049319056,-0.12137310789156207,0.03053768639012759,-0.23470732589063892,-0.0022307396190037465,-0.011249012260597466,-0.036006770600729175,-0.025380960288515414,-0.052398585088697075,-0.0859481210632476,-0.005087117701723156,-0.16785130622071373,-0.0863700113232721,-0.1221664905789415,-0.06012855935999635,0.07850346909501725,-0.18452738138399766,-0.004253879258251652,0.1995389875726606,-0.01471619462190217,0.18782422305496654,-0.12664994099428498,0.15715238580145147,-0.012951144352947563,-0.05865020929918957,-0.040964898255144336,0.15405955489756482,0.010179219774926349,-0.027672138589423217,0.024542382109535615,-0.029783575593036488,-0.005658127338327407,-0.08037899765128623,-0.1037927368238421,0.16166068763641298,-0.08494192871739975,-0.011846073040643848,-0.025161872848751998,-0.0012640227676604283,-0.045264101067590504,-0.137493460471626,-0.07968986053117746,0.029734269376978047,0.06474552738321214,0.006194965901267866,-0.0036971914292958244,0.015850989184835147,-0.09933229738575228,-0.10739889081549102,0.10369661706201469,0.0676840565017871,-0.012964611917549253,0.022623383150037105,0.0627341047316493,0.04087521220258629,-0.12468826669315486,0.18413934564570647,0.030328020378274274,0.03148679442695412,0.037799681033115866,-0.049085420325452586,-0.06409269362367095,0.1480228912625779,0.10139002598063415,0.10562522143796066,-0.028655214474665507,0.10545011171244507,-0.03233135262625126,0.004260316536527923,0.09930791035976769,0.03885469319414376,-0.0075505034173505015,-0.08240774167960074,-0.04914023171792876,0.05656893896011073,-0.050218882034554775,-0.14516616864500503,-0.01133630403806304,-0.08108680977056121,0.0973321033632768,-0.0015574113111498922,0.1551467925959842,-0.10718410548404222,0.13027091255040807,0.05571560038858292,0.09436912219755247,-0.052503043721728926,0.12337767037087245,-0.03884275631716314,-0.013015728343778992,0.0628726493433253,-0.025767185790748715,0.08313050514429016,-0.12305241288072713,-0.018558150813697126
picc/picc019_A6.wav,-0.07113858016810039,0.0028374153770044236,0.021542290842251018,-0.0019952116126510516,-0.0027582413496752903,0.011104362395287032,-0.017206117873568058,0.009483100960639854,0.016054402397764518,-0.004627696109471162,-0.000390354297878287,0.012811398802496154,-0.010908267554787862,0.00421965714639827,0.0242197978170752,-0.008381773564322877,0.05491785970915437,0.04294217382744721,-0.02516861085289473,-0.02130598985451613,-0.04371591192450827,-0.010471797265314407,-0.02377347327811658,-0.008827813504197224,-0.004210479690367263,0.028857765181862366,0.0499352141421345,0.002466458627741787,0.01817671689928752,0.07313653478638632,-0.012366781564501377,-0.03424667734646469,-0.07055522058570586,0.05068162158461269,-0.16067454550113372,0.04077223666772681,0.062353434227504154,0.13104577590903824,0.0390630468859736,-0.12354120668196568,0.2587928595329071,0.07335539214746031,-0.031583076409126394,-0.010589524802592051,0.010646306647499992,-0.12435683734508782,0.164957156062965,0.15036585317233628,-0.10256563938297471,0.1183664791568447,-0.14164064751737385,-0.006389023924955915,-0.10585486184945925,0.18794468166630357,0.15927335673314674,0.08705310552172094,-0.07755616797107744,0.04220502329723713,-0.04922322581045127,-0.06192444249729112,0.06325617286726293,0.19886163678138272,-0.005210918919776736,0.0676475119722634,0.0732345201537154,0.0008429237718395911,-0.00429295299166,0.040129909119804935,-0.08327625770215365,-0.033512872714797144,0.012447984977502893,-0.11947527020354554,-0.051649695502849355,0.02137566527937993,-0.11492748674459301,-0.07188851886832918,-0.10323798510926685,-0.016226176267343018,-0.09456802289564209,-0.03609699297453115,-0.032202098099537196,-0.051934299377934645,-0.03751236573934373,0.07043418299631572,-0.06525695205979713,0.04237364216911732,0.06644598422616727,-0.12419856494520098,-0.025691239440139492,0.03317313199815566,0.005312051922442371,-0.20873957680867436,-0.0893859254964581,0.041558853366310336,-0.031393353034271536,0.05467930895723974,0.055230115877652405,-0.032063282902409146,-0.07496996146425067,-0.06648740659622028,0.11285539806878472,-0.085286474370122,0.01334372236506598,0.16418587696343678,0.0274463143690994,-0.12555134599973217,0.08574338291831812,-0.13317016803488835,0.1536271372595553,0.18619067835041223,-0.04008705985326283,0.06900588090530978,0.07600251753580788,-0.05405208720870011,0.0927653372551657,0.0009976006279980836,0.03362842861746104,-0.08953406183068739,0.025277366729267232,0.04896486011645246,0.11056278608276404,-0.005306955698942913,0.009115676413510604,-0.16477978680147617,0.0004974198558760357,0.007491635882921344,-0.1418422966981207,0.09405879471462729,-0.06475055423713365,0.08744176562959932,-0.050323281369079875,0.19346923065400798,-0.08941040499627306,0.13889817212961525,0.061752008981661,0.11629649894685398,-0.07695457643358,0.09719090443345688,-0.03953234558946267,-0.04302685580942405,0.05389113793209539,-0.05878137551306547,0.08700395940224655,-0.113976645941774,-0.029369313338579766
picc/picc020_Ais6.wav,-0.07750679699839919,0.0008835387838920794,-0.013790610598108474,-0.007340289363380215,0.005326726764783865,-0.006396593833352393,0.019036246256618247,-0.010692696960507495,-0.014644253900949297,0.0030742467935158183,0.0015757807509237248,-0.0069802359415829796,0.0011998474323712607,0.02419897658375257,-0.018811635029125813,0.01888177724917759,-0.020495810681105436,-0.054708131760498865,0.020086102853047055,0.0773036286281897,-0.04818075138988272,0.017283018099340273,0.028846051007133368,0.0817896461036317,0.06894592643276028,-0.019623302467522093,0.003981655259534644,0.03238257034504152,-0.020765269495600227,-0.0784340953318102,0.041524158737230865,0.05046389381736588,0.05820232905815574,0.010018710893193864,0.0813344960308822,-0.0008583136282406256,-0.08929316722352997,-0.07213903624551826,-0.0831368308720766,-0.02353084111059261,-0.12793846175716522,-0.045242527929746534,0.027001040714634106,0.018607885134708953,-0.09906980706710722,0.023549783446561338,-0.04133777892194916,-0.04046881222680552,0.11102922040690591,0.022338782344106127,0.06788782909686825,-0.10676197245145634,0.04824962748343653,-0.06616169849831899,-0.07595886286714912,-0.01826758684938195,0.13345603365613146,-0.19660614724631542,0.14801287778507516,-0.05127872932065823,-0.09079493482272792,-0.08019071536884918,0.036337308111143655,0.040068725283663564,0.07184512915706544,-0.03101335973283803,0.2331246558558164,0.0415260557428902,-0.08319662361149802,0.09128121609365397,-0.06623519270693698,0.19977783992092138,-0.0016788685639375495,0.06200580062562246,0.18779048111458252,0.012788825886578148,0.0010079647509408998,-0.06337300979697848,0.014005682943073826,0.07982911353552771,0.029779014669116234,-0.13414727340212046,0.10392741162750636,0.04208532039827729,-0.0366561179826653,0.07397858981911043,-0.1297261256606788,0.009339989096586022,-0.04163315414981125,0.07068556379247132,0.06490812785704177,0.013061785679985914,0.06390682599342098,-0.011705087102484663,-0.029755815518370775,-0.12357524876727487,-0.04035507595805737,-0.02575503186493122,-0.08694878971867996,0.055034650855461935,0.05650400204920432,-0.029423520952525234,-0.12405090332544462,-0.007815160878799216,0.09950593180593668,-0.18714681417728893,-0.021659967620385703,0.02597363373149733,0.24619262232627617,0.0685666298217315,0.05263501302045627,0.15466057972297514,0.0036699862823492135,-0.22231518079993146,0.05131317706019261,0.028030469177543607,-0.06211322218515372,-0.12205368596236896,0.12208381267193479,0.005272228297488926,0.1002783580058774,-0.16958191423859822,0.09150430804949754,0.017933768116435392,-8.155055855002535e-05,0.1533084076895796,-0.07914493422026982,0.09025071514402626,0.12397670456591342,0.05446271487818278,-0.10113727361540398,0.172313406839366,0.049832500947663956,-0.015750712469594974,0.038398893972649284,0.11823754414625678,-0.19606282444818712,0.07588454802402783,-0.07036434071804878,-0.013078590979429018,0.014613629376456088,-0.10836696051344416,-0.0017978003518832255,-0.0887732295551963,-0.06421070356461582
picc/picc021_H6.wav,-0.07306783296880663,-0.0036535595437403173,-0.008918247296465037,0.007374996275580345,0.005226990865862868,0.003716454561076152,-0.004973532466720693,0.006877709609364888,-0.005857633585436402,0.011706819025102205,0.012510832676257883,-0.019498825146628027,0.003920227521631455,-0.04084632059866973,0.006832427993979743,-0.007072266122940098,-0.033809199517795596,-0.001856434012937903,-0.0014138615779404106,-0.0667918564109399,0.037128370208186316,-0.020109467486907145,0.010547539951886252,-0.05322191562334366,-0.012964426591586045,-0.00047944801925153477,-0.009188150808375234,-0.03648835598727285,0.03021814112861443,-0.01658091232558312,-0.0885562285442235,-0.05960566241352601,-0.03394017011968993,-0.03103412677392637,-0.022872552513879194,0.009808601507470982,0.09503541095333766,0.02785907818865417,0.0696828352892788,0.027803707638363706,-0.014829530013077553,0.036054590813406555,-0.0301518415163814,-0.017611822556965778,0.018844108500783847,-0.013293971431131023,-0.014420920475772665,0.018751762122695928,-0.07031605638302223,-0.10562831586795998,-0.11634304006542998,0.12000108786222499,0.02128256794857637,0.03308791785456688,-0.014118500345939788,-0.03258258541349625,0.07674539772629992,0.06400335609716326,-0.17832010730883968,0.015354089167464318,-0.08952170794292028,0.04782942360527908,0.07667865808758303,0.04983893206620254,-0.2655335297262632,-0.024511492304936728,-0.03613680647073017,-0.010255974549018509,-0.07793824101526031,0.061825491484380116,0.13735589658417505,-0.14736283151904794,-0.03981275499960126,-0.02116128514812252,0.24122735270124157,0.2425092125497323,0.011899611018063402,0.17264888783161322,0.020910621110333826,-0.10192084243065587,0.041350958817026974,-0.019270683298167328,-0.1425920453434383,0.1524131791902045,0.0749660921124152,0.07234652686707238,-0.030667804998128195,0.22034691353098912,-0.003963188119915487,-0.035186258199818486,0.22182009907275776,0.13662469282678194,0.0805335150247968,-0.009703015763249265,0.03896493523877334,0.04732933414651276,-0.0461519706543034,0.00878606581631447,-0.05053366801484174,0.15916853316216878,0.0042159476548986365,0.023943498588847256,-0.07234873532406819,-0.1040607686308269,0.03465074523274352,-0.040242011682367185,0.10506859942877646,-0.03261625373893592,-0.03138533478489011,0.06124473510247093,0.011921433447953041,0.07964039585613551,-0.03175929440704045,-0.08422061444912293,0.06432877779893122,0.009166729477407648,0.03356293251796848,0.045540238913648674,0.054466780569236276,-0.2014669975582151,-0.19606513841804218,0.02615172392648024,0.08642881002606724,-0.023480542573484236,0.0031148383979889283,0.014099456878402195,0.10172095610538447,0.01313434932871245,0.06437468435651177,-0.11495376366033935,0.10134542373246162,0.17518315084109176,-0.047878077621093806,0.0794021764041587,-0.05866711923047235,0.053722712847778534,-0.05525832618713329,0.2509721834226712,0.06552035283463929,0.021634598170615815,-0.03288823764725105,-0.032349125084803566,0.15807034675836432,-0.09277179492747815,-5.2576236108976865e-06
picc/picc022_C7.wav,-0.07841226609876911,-0.003380303883801783,0.004804501836330993,-0.0013833935118130053,-0.0017754442828033373,-0.006750987639043263,-0.007316941486786355,0.0009055472850079821,-0.00239326342769753,-0.006629050889370061,-0.019024085619109295,0.009910708443525623,-0.00820009471946597,0.00515959495673542,-0.002923702031516367,-0.03212652549538695,0.017849448221193366,-0.0002996847305761726,0.01660431958166242,0.03321149396639404,-0.009494549286209568,-0.023769428280501954,-0.0021002507834664494,0.003329219378210138,-0.006347836059489374,0.012927758742770027,0.012043139026875635,-0.017635644837995824,-0.02134373101278134,0.015301178292677103,0.015131500711175139,-0.032593115405899264,-0.02239706482920159,-0.04595133423039666,0.00451856997122977,6.927455266567129e-05,-0.005837748809949767,0.013812813305945866,-0.05254370084943741,0.016708451815787773,0.04391805972003572,-0.0032473160724853026,0.01350973254692129,-0.056128929951107756,0.08980658886754624,0.015229638112646895,-0.06108527578093001,-0.08611783928628415,-0.0458622599053438,0.0029611947651594223,-0.029004134341307004,-0.0068654735962871945,-0.0008334209295340865,-0.036801091222480514,-0.03408144807580058,-0.06296804526414354,-0.06995809358086812,-0.005848652205866868,0.040236653553022084,-0.06833102897522106,-0.0942025049674599,-0.03463907358506517,-0.045113289915586066,-0.09166148517474298,0.11772193676739967,-0.11857631441960398,0.11839025834243214,0.029799660289786974,-0.021211017590951325,0.03545639662779605,-0.06033730930938805,0.103837393850297,0.18923140053477616,-0.1005189619372865,-0.13464122274526377,-0.18004405437069296,0.04777678843673619,0.004903247271504393,-0.048773876386456375,-0.005532797573082088,0.1690806784076618,0.11254408502331806,0.07748344510044419,-0.10515457224824032,0.06736144944880179,0.1141337388784443,0.1599543540757703,0.07044365570141374,-0.11638245905920039,0.12645888249324982,0.049947434919741004,-0.18641098240703036,-0.10693261885856467,-0.04420936580928718,0.14924836994731194,-0.1083083513822056,0.05229467119325097,0.1740131770756458,0.11081666624422455,-0.022592896808675433,-0.029298408344544266,0.26899254476833184,0.13079735734389547,-0.11074406394427548,-0.12654847216928522,0.10050925310636359,-0.025943581710641345,0.021544036121129737,-0.18712136875416963,-0.03770803430551486,0.0027311332740609408,-0.00813321411926628,0.027513084742717325,-0.1641321130029982,0.08608439064832636,0.012199202812563701,-0.19093272907573605,0.05518306570971575,-0.004619987044091278,-0.19666388550909744,-0.11313275422973249,0.18372201021587095,0.08025172536741615,-0.021055186619002964,0.11819310060733765,0.023158678197335136,0.09060165954052753,0.12022193787320412,-0.08856691946892778,0.0679651185484616,0.00890168055462165,0.1057006392101698,-0.049917933206149734,0.08457405955122071,-0.009597407462709179,0.1743007059571871,-0.0539732744551284,0.06708896474920913,-0.06786944147543081,0.014330184538550407,0.03487241435576802,-0.08711203909934263,0.14550548307075892,-0.10156898412939258,-0.04398391026642142
picc/picc023_Cis7.wav,-0.07517983363116121,0.0036504369690000538,0.007222173348938654,0.004871007836787664,0.0011807704329161658,-0.0061826340128931095,0.011642349952974501,0.004464770894239314,0.002230430368659178,0.009707009409305474,0.003488622674183914,0.006051112837010042,0.015514367021257764,0.035382808174263855,-0.005308714356368302,0.02664259382253408,-0.011690146616781931,-0.001384765458507877,0.0031550299501919253,0.004261893876433935,0.0569773775002998,0.02976811597455007,-0.002074439248961578,0.005197659450158085,0.01035225309384142,-0.03659131673378597,-0.057168832840124126,-0.023237185165907125,0.011873307250827083,-0.00854121926156895,-0.005556539321573142,0.04147464568768988,0.04189013851790491,0.05009111395529541,0.09665235807688721,0.026316786111204776,-0.036647792546229456,0.0005554543578180065,-0.037466344566711156,0.04580344192321929,-0.10150789974513202,-0.07961430936043053,0.04531441412238146,0.13548555193457817,-0.1304625916376146,0.013031006526744392,0.01928618131462545,0.018208736757752565,0.05143019620701027,0.044878955053659096,0.15045635858074552,-0.01563272322648635,0.05231731547262508,-0.02967575335361955,0.04179438105648374,0.13457679333087397,0.14477610810767236,0.03271314527990166,0.10646614328967605,0.007114086197700948,0.1631144497942267,-0.03148835094822666,-0.005819334118358596,0.0449334390635972,0.11968837330003687,0.09735615032262593,-0.010430678179504563,-0.14360254327188582,-0.03634867277446213,-0.0584448650213636,-0.16809835426045713,0.03707514000462626,-0.15240779578736213,0.05303723723263861,-0.08497741676332925,-0.016655648290187466,-0.18785610689284646,-0.012137599186674189,0.04318549399399252,0.032727271562825164,-0.16658848456649944,0.01712428180898984,-1.159691412646463e-05,-0.12032379695426831,-0.08501534121078766,-0.08569539629487381,0.13855746142888264,0.0034147737132229246,0.005803029147210294,-0.07519833650405658,-0.14564349811400293,0.16217616434173782,-0.05762395034274585,0.03765404080282451,-0.03330284715421537,0.022108763251870125,-0.07642823014585079,-0.04201920804965867,-0.07190406164477403,-0.15829681837373533,-0.02200801485868084,-0.2590006672917181,0.009239422019579002,0.10288141697079291,-0.024447346977431863,0.043847465643530065,0.11627008662428798,-0.21372309055245786,-0.15737547424085216,-0.021111390861890636,0.02074112239412585,-0.0964887039426621,-0.13739710586253545,-0.02862216318480093,-0.02859819364597241,0.02317368494231525,-0.09807211040590674,0.07845524615477789,-0.012068153038092375,-0.1515258004191049,-0.10180321836254728,0.14513629025851843,0.058493053736739936,-0.04973519465157951,-0.0008528563178322179,0.08183277640281234,0.2097361443377596,0.03231127414385405,-0.03421057925925213,-0.04818091446189077,0.10321857594741335,0.1283147137325619,-0.08462352521841454,-0.009160292481216553,-0.02225578164517772,0.0688884384023855,-0.07250310003845434,0.21902855343394903,-0.011755180123681704,0.03058766159736268,-0.08149534861282044,-0.0645070208152798,0.1607205223102185,-0.09624387093335281,-0.016838326436088805
picc/picc024_D7.wav,-0.08453436079631091,1.4799276244203963e-05,-0.003090686989621172,-0.001170870846144284,-0.002012834009311619,0.012257458704812298,-0.00024095541673226084,-0.010598612771165111,0.0040226590499069514,-0.011408459304296969,0.0025474189561537908,-0.012810369345074117,-0.006710342721373874,-0.021848988857045303,-0.001267090530330927,0.009058494102830664,0.0023632889718094904,0.013048065373826507,-0.013179741384002578,0.014760167793680376,-0.024722717412799293,-0.005994952348467045,-0.0013839099743033836,-0.0077658579419763035,-0.026435447246112707,0.00933132392637985,0.0382330135920199,0.05406074320946857,-0.026332519618798792,0.017354455119987733,0.012241257131683392,0.0153312863224261,-0.02285124803298172,-0.025361160232402417,-0.05584932217445822,0.0012267834587527029,0.009357415299993739,-0.006431090319666765,0.0623724665906011,-0.048759164175730924,0.07618414443788796,-0.004286781723922689,-0.04594599730406376,-0.055373496156874244,0.03615770172532856,-0.024113402379498803,0.03185184214755719,0.030151193689398437,0.018652798051121883,-0.01629067831988619,-0.09530845413768932,-0.05153696174593249,-0.07917970745312475,-0.02852611289962495,-0.044931892966015546,-0.04647243525860622,-0.2006644851375469,0.08781916799346468,-0.1624579947138478,0.005809769003526937,0.09046921322091941,0.07580879122658728,0.13513220648364763,-0.08403527695905885,-0.12327392969712395,0.005430982419236521,-0.19173994046771783,0.024356466622843263,0.0439282660211687,-0.12957683885410687,0.11826376675141403,-0.026764612264522026,-0.04489141055892645,0.05963934296620305,-0.005557435775024745,0.02197788859215921,0.21413078869996777,-0.22505820541140625,0.00184242264950997,0.03856928180608092,0.03552228742827661,0.04396218049185702,0.13308610530221848,0.006126041127398327,-0.020527419755352272,-0.11924996152963355,-0.10377676349447512,-0.08862620170071116,0.13007808307173027,0.1181980617468048,-0.11949361367953412,0.039700381216675525,0.1620763957172061,-0.1311155322032925,-0.052005046752254494,-0.1698722707206601,0.04337282497926035,0.030646412725104363,0.03185018796735,-0.11372066253768395,-0.018307676918694643,-0.07147786204107213,0.10001062793102405,-0.018019791181789473,0.0947767521165028,0.07835494259898669,-0.10471143784765484,-0.07530660799694983,-0.03847049175782047,-0.14522718411285906,-0.03012687837678931,0.005535612932198862,0.07951532038356188,0.017697471219442512,-0.0489131025036072,-0.06281999974397405,-0.06245140043337492,-0.11306537025629271,0.028914005163145972,-0.021429146470932525,0.12000646884708636,-0.016337678777516577,0.04916664613302671,0.19859525794523863,0.07856262089657055,0.23962902971740482,0.2400651186156414,-0.024672797113602853,0.09203192931011983,-0.02290614378816469,-0.014368932190624184,0.037411585861447355,0.08811577644724153,-0.11391388938094574,0.033873904478420536,0.04136960879165565,-0.21567902251577303,0.14540527398911898,-0.06506700540658363,0.04387062885881143,-0.1207339861191734,-0.15307681405180895,0.04704679491795609,-0.06754776560271522,-0.07121473847018618
picc/picc025_Dis7.wav,-0.09964165103856192,-0.0006420860370436321,-0.007714321310289304,-0.0019052384064857791,0.003712501189219182,0.00029443064039509637,0.0016780231732087952,-0.0005299544915699575,-0.006557120081608711,0.0027464271319587105,0.004024606990330847,-0.002482939181789854,-6.887001222619354e-05,0.0033133360515756813,-0.005704887974500276,0.0030523682524726797,-0.006105342836460913,-0.013102918723822278,0.0040181883487032735,-0.012493915318507236,-0.03129307729563212,0.00750697238957293,0.01025512397042315,0.012622659455487323,0.02694942677484166,0.006146434345503243,0.017745414002602725,-0.01426308667507311,-0.0031262358318448493,-0.023534231763147555,0.032758906354157055,0.0282291482422594,0.05162509673733306,0.04096897201518647,0.013147277344717571,-0.036259391792658954,-0.009803204057324063,-0.047867368376481596,0.009533887992662131,0.01718115533658175,0.0035441757129419313,-0.02146054529022961,-0.041881980569378585,0.006741596992228156,-0.031702535698793874,-0.049402623043081316,-0.026030444242413724,-0.04679932703896011,-0.08193666433207322,0.04323427726536758,0.07323769261169621,0.05636097271035223,0.017648099072337643,0.03873649849752873,0.003532428411192789,0.0019183953592838143,-0.05158569277316822,-0.04608623243010954,0.07707577542730142,0.059897015908414564,-0.1545742865376451,-0.0013856428251205438,-0.07736073331599376,0.03121013617613457,-0.10334162960483953,0.06836284420222723,0.04894239243739071,0.15160487359244856,0.03098800528222426,0.09738711117217144,0.051030192897049007,-0.15396071844963932,-0.02208274020806006,-0.07444499235016201,-0.02329454274728892,-0.1026756821461424,-0.16865834567562726,0.04715424632962063,0.1845896382282517,0.050718386370867126,0.03962904993096761,-0.19870273718793452,0.040819050760388394,-0.02699290807746766,0.031591016213276805,0.022109876756233354,-0.15820227929183722,0.06635341153694649,0.04257096813414147,-0.06513994780454299,0.09745595184737044,-0.1915001141258135,0.17560064880142534,0.12597009272251602,-0.20661638526470893,0.117539531563783,0.11254910918700495,-0.07627564587331233,-0.06992328949284514,-0.17806687398464083,0.021800937821404534,0.07646428202123903,0.031937269255743375,0.16063240303140977,-0.053889317811121475,-0.013825073472790161,-0.14463649027700248,0.22606471540444456,-0.18723384436263585,0.11150456457102903,0.06782570346300536,-0.10296914666438982,-0.0790378093379198,0.08776259490517409,-0.16334586399128176,0.04546619434037332,0.07103214397602164,-0.13106224692577972,-0.0988680613134421,-0.19480944016854762,0.016735538695191968,0.11857986307451429,-0.05029640896604706,-0.032130172920933106,0.002801015688788669,-0.031171240655978594,0.09266237650960724,0.061668881527998265,-0.0451414400186366,0.062855389755643,-0.14565258179550367,-0.021392629546483605,0.09278333406338225,-0.036933573002354225,0.09733797945911679,-0.09464500737909934,-0.07594255961480048,0.10622828840742003,0.06372268191565351,0.03497164827221044,-0.1343747958968936,-0.17760422563740405,-0.010898453304353743,-0.0017527393252933041,-0.11559035533131466
picc/picc026_E7.wav,-0.0918895868123431,-0.00033018488929059675,0.0026088524341565805,0.0008090389208459114,-0.003500986824354811,-0.004348134193083851,-0.0038198596935084678,0.004351459732928695,0.00857965760587407,-0.004544597985654571,-0.004305367340013577,0.0104565275065431,-0.003865272133227392,-0.014897901933164037,0.006387515960991234,-0.01938696090680576,0.006486140633653643,0.012823993305743603,-0.008394676437221926,-0.027440505697878696,0.028355122067160614,-0.007627757538893151,-0.007745254176825769,-0.03278217517617758,-0.035174397955495776,0.0031153824071804836,-0.02721651762561568,-0.01433799760148027,0.024988384752464406,0.018269633925814474,-0.03584582176981193,-0.032978668125520076,-0.04148696155097979,-0.017470864566908044,-0.011058566035315142,0.009065213973925151,0.019517150370759326,0.037335640244563845,-0.018978258145059428,0.02726716216553681,-0.03922378114808932,0.045178334595613656,0.03372328220531599,-0.008162470155034393,0.061705855156873615,0.044437992659365357,-0.0024430012061658086,0.0038259897572621437,0.022211367237669546,-0.004921326789741137,-0.008221986618817241,0.02488427981898876,0.025248109881048808,0.020745086304480867,0.02306462572854844,-0.02398093051325277,0.09704148469518453,-0.03834734487052212,-0.013333059010461957,0.0011435501610126174,0.04292578927357811,-0.05843322013761479,-0.05846244527281065,0.14533169968500978,0.2054355281578858,0.0016973125237066053,0.0565797655042824,-0.12153557137914135,0.060362714415229,0.06980513670266106,0.1568487376122294,0.09151209527049367,0.1272782891958299,-0.007174130445175449,0.10093303930059239,-0.025180942005736534,-0.14473252612239385,0.1814445519120782,-0.08242109386251974,0.04886832312616683,-0.026360868426147807,0.11708499034785483,-0.10992371100095864,0.10858153453023733,-0.05536809813617641,-0.0009559679984448705,0.012114588142720505,-0.1389659597367652,-0.07345832822814996,-0.08850674725451588,0.007221031129810568,-0.04345275543911589,-0.25441795134178846,0.005100550553638228,0.26987893181064054,0.18517891176051526,0.012724000578201965,0.08751136328587075,-0.03339904367884211,0.1653357174970445,-0.03501268698817532,0.022751910829438893,-0.04570478963626588,-0.03806903797873079,-0.007474930416790013,0.13998195283360526,-0.004154179036108908,0.045443509911346255,0.03650569620893421,0.028790083165288798,0.027122228867783045,0.06570147349494349,0.10090077711639842,0.2740894103442296,-0.03088777467513367,-0.03171405741404168,0.10982234614729525,-0.150750577745541,0.016163462898205014,0.05844688750948818,0.2435345588335861,0.07390206699165733,-0.06437666892328378,0.08044138833477149,0.04645546816036398,0.06564137839620611,0.19019634145133124,-0.08839712765115544,0.0375690675475597,-0.05291250325523084,-0.04624933036877394,-0.008803745745948,0.14056668356624596,-0.13520321646965405,0.05168576740281804,-0.05558190111461085,-0.1627154316948605,0.08416878066633829,-0.026915285438397944,0.0653932184964518,-0.15572267340249887,-0.19064233933809047,0.03648057354597329,-0.03988543812778932,-0.08998134105614446
picc/picc027_F7.wav,-0.10865678176884885,9.008572427790518e-05,0.0013515666987674035,-0.0022310468888121215,-0.0020748740481535653,0.00015677584732140537,-0.000783973367233369,-0.0009971605157999795,-0.0013027658273362193,0.002655744235429281,0.0050215000743452365,2.1498798478389314e-05,0.0012373673134035423,-0.003697098174369945,0.003811361941121817,0.006110718194645631,0.0033263296272791525,0.005015249966075705,0.004269261416217349,0.011796877834431,0.0034273525806433197,-0.005314689217579979,0.0026457130072153542,0.002193351083186662,0.0005656461983397781,0.0016804856397951325,0.0034900785934434894,0.00448068874431895,0.0013899202806564948,0.005162982255792141,-0.00024336501825756554,-0.002511221837839049,-0.01759295264025653,-0.004391049964318982,-0.0016546021411868797,0.029012404082589427,-0.012936139273627398,0.004776279628235444,-0.010693775254785688,-0.006935206418915988,0.00550139843368673,0.02504833398402423,0.010924321496764252,-0.01549578378900314,0.022767294676579713,0.014437897892854643,0.010145644886043416,0.04197282110473285,0.07943076434949936,-0.05250798102152848,-0.027496715170070886,-0.045979491794179976,-0.02292708849895966,-0.0263553271630374,0.0060863420662847995,-0.005891272383145475,0.04508490878546287,-0.0038925411851251073,-0.027238678858094695,-0.019533532863527128,0.11462896883454884,0.00028784697823451035,0.07398012076268944,-0.14785918060047643,-0.010373901086409983,-0.10348234182689106,-0.08221214229432176,-0.11243774541506643,-0.007158047934858806,-0.11789849487350035,-0.24310885493621737,0.15233941857664218,-0.04308289406799497,0.0866577749238948,-0.0066483673338335525,0.19936008645803463,0.3568777878510435,-0.152805059383717,-0.18830207186658499,-0.19261104321036332,-0.0589453874355348,-0.04887966769297694,-0.10648653952349588,-0.0015331295325626895,0.11349423005242532,0.14460242792521555,0.06252584498201175,0.10387098712785864,-0.20718740509059733,-0.0414578713079799,-0.029361736539996176,-0.09045848210088137,-0.09008793261900401,0.026284305021969812,-0.014773492243111107,0.11912398514647722,0.02059893595021778,-0.12674320991824753,-0.07254064351939207,-0.02699247101706453,0.07119944102656207,0.03519297506117996,-0.21012995693529535,0.05935858706855792,0.032757006005997416,-0.03622729253636946,-0.17079209317998068,-0.005367961698135592,-0.0019272435681841338,0.043032294946692654,0.05185346599976991,0.01611061966835954,-0.04719150060634418,0.050645595528150934,0.00895800205542105,0.10012026509216979,-0.007297115137761864,0.09357908347215552,-0.029901464529319438,-0.019134401214120467,-0.08740291652514079,0.0873400508146868,-0.11097033405115729,-0.028011261709127565,-0.02333562167515381,-0.158250806293203,-0.0350447278277745,0.10124070081371177,-0.05433967373072934,0.0858742788890405,-0.1371165886702334,-0.08694799544009557,0.11211715324499469,-0.0436702968195701,0.14061190694762318,-0.10165611090016093,-0.0008259135139779132,0.06648491486471557,0.07796744042983948,0.07700219718876809,-0.17629233408233566,-0.18694448320623336,0.017260436353670236,0.025839424993983725,-0.12770589104419108
picc/picc028_Fis7.wav,-0.10892708413073286,-0.0014223973831270498,-0.003170498919521883,-0.005062111737127312,0.0003048563591059525,-0.007392341461504852,0.001382214736045967,-0.0035159899528888344,-0.0029400894199613087,-0.0021830269028520026,0.00019280496068124764,-0.004015902789228143,-0.00457437677314124,0.006802475959430829,-0.004581800720712088,-0.008977976379790382,-0.001235699130705626,-0.009377034334274156,0.0027811555273680594,0.01664616785213837,-0.00020192309789236057,-0.0021152217549733343,-0.014266994150206776,0.011105051465754606,-0.004976185951169276,-0.012272980568946174,0.0008271282027212598,-0.007396301259828865,-0.002331321447506198,-0.02128953762179825,0.01376905822803862,-0.025450505274014074,0.04105175590098549,-0.004902529175494844,0.024584395495805433,-0.0031357505804359143,0.00920344450588604,-0.06378235803901644,0.0019355923803070704,-0.0004360383359841985,0.021536453378249623,-0.0054313141553698485,0.008763387134665516,-0.035802429887615214,-0.03470842979932695,-0.05783624406024177,-0.03285432775748707,-0.10654802564199113,-0.05074957941928584,-0.02186290832690468,0.004355713664957962,-0.03934451800392006,-0.010285186791946309,0.00749727194418741,-0.029389869796987704,-0.005042777301089478,-0.07277885560297025,-0.05140797693552937,0.09091827886601875,0.19828387500272926,-0.16174705389294775,-0.004767330437964077,0.025977510560021455,0.08532874421320635,-0.17049682329047072,0.1589204439712237,0.13487611847633502,0.35975248706790647,-0.07316819977550677,0.020846331415938495,0.059551747820950095,-0.051797381816275745,-0.09966660716491194,0.033704644055008726,-0.31466218009289965,0.047192156519669154,-0.07770100660297709,0.01800763398380345,-0.07649304661059313,-0.019551341059538124,-0.044054217621114,0.12121437845132568,-0.020515883391193715,-0.0954191001893374,-0.023296071222535658,-0.012558922569125719,-0.033287137922774775,-0.08294012995460417,0.019540600151887622,-0.09588118622619937,-0.009479471443560993,0.10223489917635484,-0.058385779029667795,0.01782483639005905,0.08389973705119083,0.01394632047872401,-0.05533393329969593,0.03392902441352014,0.06201568289234892,0.06806451082555122,0.016298432255248255,-0.06129440307049354,0.07492628326484906,-0.18338490424044024,0.08023960644829742,0.06524168441889525,0.09497124105497132,-0.1871559991210499,0.18304093148422454,-0.18636513575993857,-0.05539684307866804,0.012891447938912299,0.04072215033785803,-0.16855943554326458,0.14448771687537915,-0.020867454522786107,0.05175952569377108,0.13360475639636585,0.07767385709944784,0.08400217906337556,-0.05872460970817765,0.026717055529372584,-0.0591322047855997,-0.024783086186834724,-0.031101331888883102,-0.13660209311086707,-0.03534990392700446,0.06410127991835943,-0.05414347613522069,0.04299102065841517,-0.0823281232380763,-0.06740320229389238,0.08715721652823138,-0.03491369263042991,0.07720975534031331,-0.11227021170590923,0.020419515479233433,0.01622188032203148,0.06809789213089293,0.12911235365187507,-0.18331791880537995,-0.20922066551232307,0.02883409017930019,0.018179182925091564,-0.12539136051393246
picc/picc029_G7.wav,-0.11656261741537599,0.001081189817468603,-0.0014502973312345985,0.005389304205897588,-0.0011882592570052197,0.006032000688690406,-0.0011906396976007535,0.0030035749372575547,0.0047644203197502,-0.0026424876353723925,-0.003830385623922558,0.003652155667977608,-0.004759930022832849,-0.010817807136725428,0.0035313418284133036,6.49565370100802e-05,-0.0014307769648099007,0.00365598050450415,-0.004107900093046589,-0.011633027932683407,-0.001430064845181156,-3.524604333101505e-05,0.015492546193643987,-0.0024719958476252645,-0.00530131943148347,0.017974410649528653,-0.0026845584784320163,0.011408557478465128,-0.0025555864050821353,0.00998179658891879,-0.0036994156989362398,0.022597278099874392,-0.03394422389007688,-0.0030779960368878777,-0.027806156297308607,-0.022778093466421637,-0.008257007705984021,0.05211961494849985,0.003972223916449368,-0.010243209307994654,-0.007996553012156876,0.0047860201478422,-0.013128194209886082,0.03740592176010656,0.052079903521417024,0.0581528596784529,0.020212684307884296,0.06664447532625613,0.01819056185513663,0.015941450552257035,0.003906007224537173,0.08079619077471999,0.03511250886611862,-0.005665227981254146,0.017880587704880144,-0.05071027462654804,0.0009564010943508942,0.045137499699690026,-0.07603225733751601,-0.1994978605019514,0.04774321879086567,0.057633483767804125,-0.07650392087586103,-0.016180792207444793,0.1539815523267452,-0.11856340879225251,-0.09262495476608028,-0.2841854978700072,0.08819801675970741,0.03230683557547294,-0.0020976516112256455,-0.016643390081999908,0.10367172441295924,-0.13207513767144857,0.2440056996841601,-0.20446670862734995,-0.12098120847272611,0.06657239192522699,0.20980120308221276,0.12640488178834708,0.07244068657765876,-0.12403309756040137,0.054937013646784875,0.08677946122483438,-0.04715132350316378,-0.1031460890768997,-0.011529221365874032,-0.0018258320734313473,0.1238396794910391,0.12825758802199366,-0.026923788846786825,-0.0064836759303420755,0.13576487295216455,-0.03173713649644165,-0.07056072609907374,-0.06689508931765903,0.0421560184071619,0.023533455590609306,0.07481403536703837,-0.017673001409759866,0.008438127835959472,-0.07015118282337122,0.06462792113760514,-0.15627319812877216,0.06341740227366625,-0.04451630599996463,0.11464631642463682,-0.14252930942492642,0.1500614609246035,-0.15573193198966503,-0.06217798136349041,0.022180176447912862,0.008500176744875007,-0.06858817613661364,0.08660121051927731,0.03398133831041381,0.0024711332890712256,0.16849101859183685,0.004420934310577537,0.044203961132069064,-0.18103654972593997,0.00606365889892134,-0.05478661032461658,-0.05166983217380436,-0.032645102575519,-0.20124971960835686,-0.10600511870251467,0.05678508493144829,0.0018287132132537368,0.08834079634934702,-0.08654539305679476,-0.09642165631125063,0.01771759653415471,0.006614077484441031,0.10049155861306103,-0.09266579052421114,0.0766593974040617,-0.015027198051444883,0.07892612478179922,0.10981847757514852,-0.21300543903841035,-0.1992513616133636,0.03609549265652696,0.044660064614245126,-0.1357831081635696
picc/picc030_Gis7.wav,-0.16615133084144354,-0.0002986762906899698,0.0016625225521981202,0.0007240590787926868,0.002332778222560267,0.001426082003616071,0.00043001081236163953,0.00010896241341251667,-0.00211986255855625,0.003358920660864337,0.0010043006084510392,-0.001664922704975036,0.0030205662632720835,0.00613540076319892,-0.0001623573938748582,0.0013174056292024096,0.0002027199270596366,-0.001100804464726414,0.0011259944796371928,0.0003341300050998426,-0.00334232075985482,1.6426085562220877e-05,-0.002030601011913831,0.0015070611123317174,0.012877306564133828,-0.002613988862917891,0.005428909661311002,0.0006295764217841976,-0.004271315414944901,-0.0019538409314442534,-0.0016514543592185196,-0.00220142913409907,0.006455108203420389,0.002139660979661652,-0.0025496599872683184,-0.004567600861284882,0.0029872929969886487,0.0055811783269643905,0.010174664964653801,-0.006484294909607799,-0.0003819629280589522,-0.011835218843444975,-0.004748494303468725,0.0035003603548179364,-0.030134623768802882,-0.0021161238833661868,0.0070029522591320776,0.008059656309471072,-0.017646051034845456,0.016797528558362848,0.006920163148967595,0.0018227919934855341,0.0004798299202983247,-0.006486832566879826,-0.00013061965735725045,0.027323961911367482,0.015836340630082792,0.011252276584726703,0.005093416399266276,-0.011569966425478667,-0.006648539029312599,-0.008559099891736806,0.01014261084783455,-0.005828566874362243,-0.03733071534633761,0.020133818396265376,0.01468192888991221,0.023298231956857447,-0.025175845350278652,0.00151642782249084,0.03202477328711034,-0.04957384682430198,-0.019568747933240996,0.008622405449612097,0.02538313155256114,0.0045922063106911895,-0.04012911016096817,0.007913447601888897,0.029590379387405365,0.022763250226123435,0.014598744140325273,0.017839089073592614,0.05896420432777585,-0.02295485725377531,0.014771183602358379,-0.021745879384590383,0.03833281567109144,0.03238394240722217,0.0790669034955209,0.08314255023718208,0.04105336948667215,0.04539318192371247,0.011256070025961292,-0.07666537853803822,0.008995752291643414,-0.24361340607279355,-0.1153406009327207,0.08210322393064004,-0.026853848508449525,0.055210939558589,-0.03760025721859053,0.058908387606015016,0.013717711145630406,0.16309316913810856,-0.11042721574261298,-0.12254499605807997,0.0008442341174570989,0.027683696181665336,-0.030258627048488557,0.2298425268216351,0.07225232499066611,0.12614804145532638,-0.05056811870972294,0.14022967798319655,0.09809696159972296,0.08913537346802924,-0.09915510882280361,0.17913445797193944,0.04375169601902836,0.15243190337401127,0.059123446911101094,-0.065562985619564,-0.19027737883745216,0.032943083752237104,0.01698671826907558,0.12594927243077736,-0.044755885617180524,0.0610626414677618,-0.46097059403749047,-0.3022660710555767,0.09487690165158426,-0.07780232021654229,0.25456408635472316,-0.06862303536866358,0.0970278566135042,0.11970956631342691,0.03416087720388591,0.0501129299607822,0.006737724283006544,0.08767685001366014,-0.034743699530826344,0.13144121288586502,0.13330707018310264,0.19952177439821095,-0.1887034635320964
picc/picc031_A7.wav,-0.1523860710254458,0.0002560578612381681,0.0011281364002107136,0.001796319526326317,0.0004937033227707856,0.001524454162058049,0.00017536878180082066,-0.0008556417178376824,6.515464157835771e-05,0.001299504986116029,0.000713588402154533,-0.002957867045489393,0.002426825245344648,0.004256623117332575,-6.871248700184712e-05,0.0011081691093770742,0.0024628868907824774,0.00021258145041935968,-0.000440925575418766,-0.002046075730416962,-0.003215351872247651,-0.0017227898347021986,-0.00031996328658683015,-0.002684706863350095,0.010642888707419494,-0.00090871942646438,0.0036613248383730312,-0.00211991958649951,-0.0038453609924848104,-0.006031722817016583,0.005443544793171509,-0.009391265441566779,0.011079996140766293,0.004647792666666142,0.004351230112814821,-0.015996732263701418,0.0018119686380977905,-0.007554435258004907,0.01657232588821549,-0.011891659904465716,0.005391215560429319,-0.015749687397653034,-0.018078034692641694,-0.02440111704233458,-0.04142517351671553,-0.014775827621578204,0.007580423493179993,-0.026229026069357175,-0.04229188891799407,0.04214061486432978,-0.00606844313063265,-0.003273443597846445,-0.011797319921474241,0.023685983758079697,7.074956007686872e-05,0.028647106265958608,-0.01300549612874065,9.065265041818121e-05,-0.0010496589882636083,0.0482285474056986,-0.013033466320945755,-0.009988877041545692,0.052931770208553094,0.022493505558519436,-0.03326119815642391,0.04886636085981967,0.056366882604797455,0.08559098986213204,-0.04184475786653298,0.017104010836004505,0.018597519854759506,0.02463181435140807,-0.01889453197260809,0.04112264811430645,0.05487695662230726,0.02989887775478638,-0.009519637529865123,-0.03537064277206454,0.036494128009280896,0.06764938753644602,0.006280787427436776,-0.02618374013619318,0.07839309868023436,-0.07363224893633902,0.05454575034962533,0.005733613798971943,0.0031508808562769955,0.06121241837511599,0.015366740702276078,0.0827669724214125,0.04210109113442891,-0.06232231742008961,-0.05228315454363447,0.010693681547857908,0.06799423798893411,0.007508719083974748,-0.0616959521972767,-0.07670811830256927,-0.09782900995791341,-0.059074165290146155,0.15104756462269292,0.11464531172289909,-0.13048878854076804,0.05422808877100571,0.03128416332578805,0.033016902249825696,0.23757891835594666,-0.05339754220544568,-0.18505299771182288,0.10954290179879654,-0.07414937228644736,0.08998544475431845,0.14827088530978952,0.15672644135009461,-0.06525906699503073,-0.04977558915656452,-0.35494359906518447,-0.018787080855597535,-0.08428807169856091,0.14921898144280343,0.04656868531943348,-0.0060214781712284865,0.09400910740251468,0.06787636996443946,-0.05501497677032702,-0.03704741654970059,-0.00823614506310097,-0.2052215716652569,0.3752988827115324,0.11790350016875661,0.13878576821997635,-0.04193980663104566,-0.15633796336515715,0.019026596993838525,0.12212544549638003,0.1503457210855706,0.27195742400551365,-0.08325231135053565,0.08191019398853942,0.07156620342260693,-0.154106632427756,-0.029787769454312985,0.08868043629874844,0.15903663648053498,-0.17658178328739244
picc/picc032_Ais7.wav,-0.12495001029134675,0.00046702978928406247,0.0008235834676267734,-0.0005765225680814563,-2.7391896422004208e-05,0.0012411164087057433,-0.0013433672303261937,0.0024959988447847137,0.0031505889118794914,-0.0015822271905228044,0.0004051677719959096,0.0039495055551199,-3.151583484872246e-05,-0.004439603543634978,-0.0005378563290337219,0.00222119060144724,0.004098467642493177,0.00036167642056071387,0.005306746828308614,0.013072385469564109,-0.0015312156928297543,-0.0024951284147392283,-5.2471064829515135e-05,0.009036919054073736,0.005359100494856155,0.00048638986237653503,0.00487914137997765,0.008163107795833631,0.00022279184251283485,0.0106983393445102,-0.009983776471528233,0.011430742046385202,-0.012832010995898176,-0.008548007956195921,-0.005941419551574839,0.022306842365777943,0.0017766395034969351,0.01024520806427913,-0.01084055672195778,-0.007957924188793614,0.015854128244199114,-0.0030245360248002118,0.01689114076874821,0.0310491621371164,0.012616315652201313,-0.004835146596960618,-0.006451861588770657,0.05042930453961709,0.028588646962772496,-0.013684903563179807,-0.03383903692107732,-0.02335861788582977,0.0018000376485792172,-0.007757064195911288,0.014336100944046934,-0.00456834381282171,0.03400840737730215,-0.015694025042857548,-0.012027636983533166,-0.0072534456627664145,0.03869008143795914,-0.03192850077279305,-0.019643461378015772,-0.02288676403953048,0.03241182289795836,-0.027422219756998142,-0.05138074745004906,-0.10412092965845793,0.008676633107399679,-0.017411746157222897,-0.023995768741155065,0.05898038568227344,-0.02913914163628021,0.02774121598754636,-0.06481704618438003,0.01702367159240574,0.07452557268980488,-0.036331441956389515,-0.10118647125672282,-0.12657093720776053,-0.10066502332481148,-0.029092066582865145,-0.062264224151115925,0.0867758951171776,-0.06470367591596313,0.10120912050344055,0.02200130151071355,0.006396688648379688,-0.03667080004176971,-0.12023097643916539,0.15336826336047843,0.07774141848244814,0.05530508227099059,0.11054149725599585,-0.06644462106877906,-0.07586891079177917,-0.024548357458373096,0.14544936144826706,0.012671015137694652,0.06115580796411344,-0.26633134784810775,-0.05974257098766029,0.30927094790326654,0.1677981604421695,-0.16037431453962553,-0.009469103892048636,0.1322708827606645,0.26530300878671664,-0.019876152151519222,0.05735794187110041,-0.04374791816672473,-0.23183175908255038,0.008075947739720382,-0.17284891930324342,-0.0017377489709151407,-0.15702400500897082,0.04725237895862895,-0.13447001277431064,0.15397315705167483,-0.034773990631352975,0.06958283061584099,-0.20628683746660714,0.0965819137711031,0.008265641695399395,0.051099311036454875,0.08838128292299105,-0.09555072376514923,-0.06789555470498138,0.005164638330307768,0.00794917982923348,0.0694063894187122,0.028499764754375954,-0.12220788772005133,0.01848374215766204,-0.09272810491783967,-0.04302073375874537,0.15842578868737817,-0.1729985256112854,0.05095093248339374,0.1882073580327043,-0.18110756354035717,-0.20232607744166056,0.06293358075075664,0.055550199641643885,-0.1415210929164674
picc/picc033_H7.wav,-0.12365005142800155,0.0003526287945533847,0.0007132301932187132,-0.0005978903794714692,0.0007376572714472742,-0.0021251615346591273,0.0010493924602062747,-0.002436379629363505,-0.005596934188294333,0.001988087342415173,-0.0015579523312530524,-0.0017232457790333118,0.0022540911246248544,0.006631265858982396,-0.0019728499062584143,-0.0013236441892531675,-0.0054621644883767195,-0.00362550040362266,-0.003706263683681337,-0.008215572880394241,0.0006850187686332221,0.006358382509695809,-0.0006653477822845255,-0.002859287566081694,-0.0040634910996926454,-0.005337744241226339,-0.0039793746255600854,-0.0065611434413877946,0.002165633539441651,-0.005152412381160432,0.005445125658286056,-0.00769986059278353,0.0013583397667294925,0.005538699560417422,0.00440548324967209,-0.0018580379381659094,0.0011187901708137882,-0.004791117256170298,-0.007343225136433117,0.018917728461709776,-0.021370188283748592,0.010599861394313445,0.0005585904124909835,-0.0017261162432319344,0.010935975999008807,0.010589078161924712,0.0031511752139174766,-0.020171724403284123,0.007061956288922387,-0.016520570553477415,0.03072377335763068,0.006904371960532424,-0.004808806660832485,-0.0058005574284631725,-0.006516891308722457,0.00014877449581170848,-0.008231028888433509,0.01259713489363807,0.019193496943015503,-0.013229298409322035,-0.020462475883722478,0.022245707422483024,-0.010703089378035945,-0.011695443411921323,-0.02042781554071932,-0.005794325368233155,0.014917199091848396,0.05509222156686507,0.010502544956365344,-0.0025468637572744063,-0.011045200981220263,-0.07056988897865446,0.04086746137639624,-0.03380336874745771,0.005539130666916895,0.0012004062294573604,-0.01673819976282935,0.050621949187063794,0.018524063042364494,0.035971465032036756,0.0943565433009666,0.06868087423641439,-0.009585679570882799,-0.03268005383119188,0.03163425171169317,-0.060958329692593134,0.01853321058770646,-0.013445320017506882,-0.015906312283804472,0.03605569884077708,-0.16496993802583038,-0.009267973431675541,-0.023301647823402542,-0.1143440036916784,-0.027870737803514775,0.0922523655956142,0.08896937358807491,-0.11330176748871523,0.056268066597611785,-0.041263998530586064,0.08968336059253719,-0.019484474379117975,-0.17814256309612822,-0.10714135093677693,0.08629803835241912,-0.003025913596656781,-0.355760534212881,-0.044453295199104306,0.07559801429516635,-0.052943713418510896,0.12807045177727452,0.008630341607012315,-0.11700918903749058,0.025132617353606876,-0.039211879912965174,0.08669629825860872,0.23147308837643893,-0.06612919428737775,-0.05287364892667122,-0.054525633334205154,0.04083273275365289,-0.0350952447600577,-0.044909117373049284,-0.06127085682814801,-0.04766556456173743,0.17702122698570552,-0.04551661103016992,-0.012198300066879374,-0.030807530660425863,-0.15620540749321227,0.20711882067302556,0.21676783587031698,-0.19253882293094232,0.12206888447048858,-0.18174846283354548,0.1348605329634952,0.20012657019935118,-0.34480720515202834,-0.07152818802948636,0.2673297914545611,-0.07735945567060022,-0.14487748533711073,0.1629202164664963,0.021145738390487567,-0.11553102335196874
fl/fl000_C3.wav,-0.08410832802873726,0.04987109679611748,-0.09802742412237882,0.11972463347040924,0.013533628402370745,0.04768832835245099,0.006620764554154047,-0.015264284386856654,-0.0347662347719597,-0.08675410160406054,0.016557663271151483,-0.08270264143683509,0.13594338076792423,0.039626245965043855,-0.006555359920916066,-0.11557365873616894,-0.14918557214730596,0.09131480032204402,0.0692251126801167,0.05288556164736893,0.07571274493999561,0.13074168408294534,0.11130804527075697,0.00443343140133632,-0.05937371316203366,0.03237754707783809,0.049672251966619285,-0.00636639987132823,0.139527578834201,0.22720495067322866,0.15188138074324656,-0.06610280260365119,0.049751679743871124,0.013778625897963057,-0.03083747578823768,0.04391684835279762,-0.027852721784479638,-0.03447393608486324,-0.007854603823431325,-0.11951723333152664,0.018585872009564616,-0.005354070810075981,0.014440246822248634,0.10589424783391765,-0.03714225544184697,0.14224123555423854,-0.1240151060133916,-0.08830357963264196,-0.08863085950765674,-0.06383456850874361,0.04032333349998483,0.05204375407536995,-0.053765191491763044,0.09870108996326121,-0.05838390504699004,0.024126334907498978,0.06612083385242762,-0.0790030536693756,-0.12476794353117725,-0.013960794949748563,-0.0214176448543102,0.049130986491897836,-0.04531621098604932,-0.05318213810254327,0.034080713860122486,0.027677525138349937,-0.006822402368370319,0.04866922055508462,0.05096451652729013,-0.050931403473278514,0.037213284350007626,0.09077063593178272,-0.12321059205678199,0.05950811753228284,0.026778426213829844,0.03973462794285794,0.051661258786959104,0.09402361018242246,0.005793545735532882,-0.14815820144316638,0.253093192221773,-0.11695491085317805,0.08196010653668863,-0.1332405407796659,-0.164403846073873,-0.07997156576712175,0.14556113543987295,-0.12064689706242146,-0.06008686650175622,-0.11141873129466884,0.08031610307215467,-0.06014082723746354,0.05908134889993482,0.02933712289115893,0.020292400504260788,-0.06951427355198858,0.06111188389801618,-0.07996118268715473,-0.01424839538209053,0.031230704872821015,-0.010809371227949033,-0.08527125990714249,-0.02797403570599543,-0.043679882601023345,-0.051898413414847834,0.040689953307813276,0.011747248276004887,-0.004160848718681241,-0.006450179698176031,-0.022039799194398215,0.004933171759177943,0.11410957152475357,-0.04071336928847414,0.04724262998230136,0.04042628800499501,-0.12679240014229304,-0.001452172049794545,0.03418767051844948,0.010800054382501346,-0.11569874423857185,0.04077305568514106,-0.06482627578750844,-0.04336373326804348,0.0043987108075222835,-0.1445234764958347,0.009809095433773098,0.03431610975633313,-0.10770973619877375,-0.07701747440711436,-0.021042580309894542,-0.08273471876145072,-0.08835780323332532,-0.043687945979126994,0.1872780949645344,-0.04808033082292612,0.09917070178465552,-0.030113944510788422,-0.027755733840637842,-0.10694702972106991,-0.23143021448601336,-0.20831159893955317,-0.024641611193709934,-0.0484382409278055,0.06087293011312428,0.0714069893892953
fl/fl001_Cis3.wav,-0.08202452740714448,-0.02366887256566886,0.03173608892030451,-0.02467462894881919,0.008192945719665074,-0.023390622054150823,-0.0048605226235514075,0.007856170792998345,-0.009013047278463276,0.017239768081745536,0.00861665217090624,0.022382981365494152,-0.01572139005188474,0.03487828995971316,0.028897583937587817,0.02250587524757154,0.03693817927129281,-0.03695464633169929,0.015523062839156148,-0.016813300219073977,-0.008079611820925023,-0.08684684803272386,-0.030516222877631605,-0.013229497478692141,-0.015615522718532428,0.027730771840410846,0.012987542489297406,-0.014295830795745063,-0.03135081789158656,-0.0351084038187494,-0.022633383004396997,0.053137360364734265,-0.009640809819147667,0.046079583391894205,0.04162501830977746,0.011390742388503461,-0.037655740859934825,-0.01409164910756349,0.056808670229790095,-0.013887607377865381,0.04323284873421761,-0.01475295571737227,0.01165606376691232,-0.019343888101464445,0.03164941680301873,0.0016729362151765344,-0.0019491402553265189,0.0013399243967068958,-0.039276792058810475,-0.049000182617701435,0.022480358922334784,0.012926635286663268,-0.0025401646694705182,-0.04348423742045606,-0.09398143319656907,0.06777994390388348,-0.003459511672634197,-0.07738798399642605,-0.028626802136005693,-0.04725644513764102,0.09660434497957698,0.04730486046938242,-0.17991236084944212,-0.052470377238162724,-0.03984789864465374,0.027019606740183416,-0.002675859699250445,-0.03172127628165532,-0.1614998881190988,0.022592081918472465,0.019961985042003638,0.08130928242213381,0.13148937749629833,0.0697283251529546,-0.0982526690771431,0.005964207004466232,-0.09650653193840522,-0.2344418327498341,0.17629358000493472,0.0581281370877855,-0.11545909137368765,0.16048508686118942,-0.2944070228886563,0.07851807176917616,0.08996335567751676,-0.08608306687224539,-0.17592245056018166,0.18899559013857664,0.0063522454352785,0.07176840029056944,0.1067692769107058,-0.02528342126347527,-0.14677750518636823,-0.08956269159983718,-0.045405735758621495,0.07639376852382815,-0.19789197469960623,0.1324811682367181,0.09317486482564864,-0.0710814162379851,0.12290754820088179,-0.06016220138005906,0.06378856377486551,-0.002144615301353514,0.12346179698627882,-0.07559307473234864,-0.09557538585973602,0.09953896584866626,-0.013878415000350107,-0.007991731096838622,-0.07619764744682475,0.02612796960415334,-0.02899673407971165,0.014201515684331499,0.12997708977938852,-0.06995921864205096,0.009905178595600288,0.08543258966409412,-0.0616072086758967,-0.09058454663134709,0.045976040159833476,-0.04238610952656298,0.025428455564298798,-0.07582639513071694,-0.083387859925504,0.08251753469763869,0.02712596761364383,-0.14013428147883483,-0.0441111909507459,-0.03428065642095928,-0.14187345809965382,-0.10242237215060125,-0.07028660564047258,0.1535895307869932,-0.021479274528946046,0.11118113499787616,-0.07118973463582493,-0.06981692435486786,-0.05386498177822815,-0.2363547192848148,-0.2554710661627423,0.01867901274047072,-0.04892249871631597,0.03372763281185496,0.05845833430008049
fl/fl002_D3.wav,-0.07910405868335475,-0.013217064529064307,0.1440690989672861,-0.1710499033479718,-0.11590081095285587,0.005757501079196023,0.02447306909827279,0.04981205271288586,-0.015526375140856086,0.12951160971939804,-0.00820241908846265,0.2595321783917467,-0.3333091676063046,-0.11555187728859566,-0.09101899355531806,0.23817506986496992,0.01383159670100275,-0.1742512390270732,-0.14195479872068725,-0.016806876977495926,0.05197338590105042,-0.1335701942336046,-0.11337420062885513,0.033414653472399115,0.11734980278101481,-0.0326137469494628,-0.031017814210786712,-0.05193306054166718,-0.09917395402086478,0.04979174444447293,-0.0013546835773536395,0.016865564980446907,-0.12052298027444115,-0.03080882616986574,0.1118937260047016,-0.03435974262094557,-0.05499708589522939,0.04448741481450385,0.06146928384325548,-0.05181122773137127,-0.05110218955168993,-0.042438508001379216,-0.07293089640961428,-0.015568257598385132,0.09210916179375482,-0.07024168531246099,0.08591758654630932,-0.0360696873723593,-0.0491716711765863,-0.04388393707063659,0.03629046496658701,-0.11528186404440498,0.017070417373465763,0.024239081936112725,0.009914536897468407,-0.061594175075879935,0.019231215800189595,0.025795086977317312,0.07384327598289822,0.038955985214535166,-0.04566067224501645,-0.04170430686290822,0.1327911499666347,0.07447103702537078,-0.017050948328507655,-0.0656896220134884,-0.04294501081601332,-0.039754607888465764,0.06725513161371484,0.03742771559522398,-0.013828067807544114,-0.11960566389094662,-0.022736264449785083,-0.02720118046984092,0.02341615285712218,-0.004948391944714636,0.06466820055973331,0.09315707884797063,-0.09374279989342431,0.052154220013172624,-0.0321214007453018,-0.07866933524344315,0.1348813585491379,-0.011790543653079764,-0.015360693170310177,0.14432924952362966,0.0695801611112663,-0.03524583657295667,0.0033055194021536214,-0.09844457802664924,-0.09083335635212489,0.0715477404770673,0.08535783796296106,0.06673045952179037,0.09919216721259684,-0.050149966174960495,0.1399729741586476,-0.034800319717576265,0.0008037350652691615,-0.02575103465879934,0.04906353102616804,0.02703160389194352,-0.025330086496420254,0.0150358532491012,-0.07260135676539109,0.06798407593081278,0.048202004310111145,-0.014342498587842048,0.030177795473595514,-0.021266802670999063,0.013299660895755128,0.05032362514977537,-0.03770663954036663,0.008710284601791286,0.04121858613272969,-0.008353620628870581,0.0035887214458544606,0.03213666087681291,-0.014452966451518244,-0.06677005505055977,0.04792076847273715,-0.08312539994585545,-0.028413895428060693,-0.05260974666956937,-0.02965225632899393,-0.005752062847711251,0.053017092076505574,-0.06308687493529602,-0.05120572294230828,-0.05734777512208461,-0.05764715369330127,-0.08996754585045562,-0.061675949583609224,0.16366918133005662,-0.026259170629486666,0.1019518106634711,-0.07518511641362782,-0.06847883145886237,-0.04435050429871098,-0.22416121542416637,-0.22177509706998644,-0.0008597627662181219,-0.043565315774202217,0.03972738138666555,0.06997447381378111
fl/fl003_Dis3.wav,-0.07646184349748625,-0.013804300844516282,-0.08196751665585282,0.06787626853176075,0.07792219060676545,-0.04766463637380766,-0.023874960331481405,-0.02269472090821422,0.05141101904043471,-0.05555366205299009,-0.006708400653763373,-0.20620649235760807,0.20084408705356424,0.05173130589587614,0.07581604654861812,-0.1629039775965952,0.0791680669069051,0.13143806617021955,0.0741666150682823,0.011654996148782293,-0.13364208134122002,0.09583197056961043,0.034128260373298025,-0.015222118845545654,-0.0735110535718143,-0.03293334134694188,-0.009132451328476825,0.0914133822640436,-0.036271375786372344,-0.2662853357242938,-0.13637659333924196,0.010211470132840676,0.08833578359347768,-0.019215337504504312,-0.08171537126967905,-0.028339453097387772,0.1575754864406565,-0.006178167783594542,-0.11786262950900533,0.2108931396348787,0.014140460908707853,0.06552472574986906,0.04366225783827225,-0.049999090473636376,-0.12104426996815112,-0.0938896370958657,0.02128311532261174,0.0975405900741892,0.16790304103843767,0.13917492601310155,-0.10907795236004264,0.03490962142336745,0.10942117188761889,-0.1059863740439184,0.11510673224384642,-0.05012833591194962,-0.05929435549542332,0.11659862448835606,0.0475287677708583,0.02793918503709822,-0.042808159533091326,-0.09988358778220598,0.11122620633297661,0.04485330899576469,0.008273797616470693,-0.009042337755388818,-0.01698486904779141,0.037552709049358035,0.059055646232033424,0.014402914509727114,-0.0696639821696293,-0.07478141632273425,0.04114583697130597,-0.037590412380975,0.03149455126926409,-0.051958398398889036,0.029958315748697534,0.05013204024075755,-0.06674447215770339,-0.01721475708769151,-0.09543159622488905,-0.023089281523053846,0.13079332255206538,0.0812127816288365,0.0774874965403149,0.14756754767922747,-0.0294262713230533,-0.02726412584502519,0.019032706668299808,-0.03800288738482203,-0.12870491210562143,0.10305950792667617,0.10436357953801162,0.06036329705710455,0.11421358113730742,0.0512260526668281,0.04525137316872303,0.04727575880973281,-0.000860369531679471,-0.10500915525764272,0.02520845092656608,0.1003376631507122,-0.021416209240101736,0.0022272305778082736,-0.054776569913732705,0.006938553559745705,0.04493256354819205,-0.031194177216894,0.04449617754271164,-0.009165089115019232,0.012696118254956174,-0.016250758260007117,-0.05140530205226243,0.015721545990479084,0.07949803855982446,0.03134054060224399,0.003142849256864047,0.019124678505194843,-0.019585215542229004,-0.021632118262742688,0.037636531277411886,-0.04530807682117149,0.0022902832073432057,-0.0799836987871331,0.024078733798296482,0.023248551266497244,0.04203131416055508,-0.05391720088753925,-0.030094024328736382,-0.09701238590353414,-0.08331685422918127,-0.08883941470493865,-0.08930136106399561,0.1353172436630564,-0.007768325227128076,0.09329477183596344,-0.08747864205193215,-0.08532454972556787,-0.009572515329568574,-0.2179491595802911,-0.23390341247426294,0.02323466281414094,-0.03825109049822544,0.019299310066853505,0.06435965571924059
fl/fl004_E3.wav,-0.07034291354894302,-0.014388444941465423,0.011962337323303577,-0.036009921551468475,0.028520347905064025,-0.14919224271850404,-0.03907766847785848,-0.12577457161693656,-0.025837987540404225,-0.08138758929849807,0.001751241019418585,-0.019172065879121673,0.16038459985101478,0.15649995850227796,-0.054535981069638854,0.1892016370847826,0.05849375540446781,-0.07826839218422225,-0.08675604595791006,-0.08825535144778758,-0.005396771066331225,-0.15541795877573264,-0.1730565055612375,0.033173365552836946,-0.03264061829639919,0.0033582417265812766,0.013678804909785427,0.0027015247920817564,-0.009316258447322196,0.0377016399804329,0.09104324017524401,0.05360692970276885,-0.06679670955828906,0.025229874052246044,-0.06572185130541584,0.09533037134892616,-0.140946204861126,0.01943923875650948,0.01170040723072022,-0.04343030538253432,-0.03933804720751537,-0.04717033987067415,-0.0042465210965519085,-0.008491846745102102,0.03144404761912584,0.050563084007949795,-0.0368253719023728,-0.060245692282079794,-0.022638161032553627,-0.050411346764690654,-0.06866946669611985,0.08355621100257696,-0.13367743438255486,-0.08125330460964124,0.02670257839944587,-0.0007362748973384174,0.005166446440542066,0.06860589325295405,0.049481313634394196,-0.007004320587514858,0.004899032965311995,0.02815312528933452,-0.02085707482383628,-0.06083587972499136,-0.002325113494310197,0.18781633930536626,0.017246343458684338,-0.022331043990118808,0.0014053233269596694,0.14655326307830285,-0.03409515269222229,0.11538204375316008,-0.06923601507415433,0.037232999378427015,0.045348574152264724,-0.013036589117363136,-0.09902596834949964,-0.08668328939719641,-0.06198633809753783,-0.1135416042517842,0.08800076837190014,0.03782918864712758,-0.06217544012233058,0.011535370811730117,0.12014177108139207,-0.07427930348691832,0.03779917044659293,-0.21119646010020665,0.02137384427554792,0.02336324832067102,0.009520009472115749,-0.03042616119018811,0.17310841247346392,-0.11702385943532309,-0.06999396996202198,0.1385548075197971,-0.037881555367202675,0.02431508706291263,-0.1520740454743591,0.016057171092704565,-0.15785420910762896,0.18653468460676997,-0.024141280114148587,-0.09270384331723297,-0.06405965659495205,-0.07066426725315568,0.030837101353200287,-0.11132122926939882,-0.011357616245289899,0.06951377110670164,0.027873433903595868,-0.09357413391544589,0.03729919071853249,-0.010919541804470342,-0.13775430104719988,0.11879002659517587,0.022932920929211478,-0.08058733778606356,0.1884626551716056,0.1589143928023483,-0.12015168484254982,0.10161790823365167,0.018016505543338213,-0.005135248933519236,0.1280565517408803,-0.023956390687120854,-0.01938288993678612,0.10647911453197319,0.044353470941395634,-0.1384904427965809,0.048082487566357704,0.0073473163104007,-0.06981866756143869,0.012754886995632889,0.025536287851905135,0.011137996850052234,-0.08162258545533001,-0.09106822698259968,0.05810461851849261,-0.15781221306122126,-0.16622015299460255,0.03562460305388432,-0.016241275949844088,-0.008564635886996495,0.06606186779714518
fl/fl005_F3.wav,-0.07394786867996796,-0.055877585607098906,-0.08302047304587142,0.008572308919568297,0.1379754515474417,-0.04035708393666487,-0.05278027478714114,0.08286507090700442,0.03482585789007728,-0.012388826243428172,-0.05258981758303712,-0.042161627533531434,0.10667738345627016,0.08102371114943256,0.1425322789979242,-0.06384623366422493,-0.04578806270142116,-0.09431610902485878,-0.2425792164399228,0.07862364197917572,-0.014664715096286633,-0.02613130774484189,-0.07223175635928558,-0.06565252978974764,-0.012442530022163003,-0.10968856819347252,0.055118590582904706,-0.09815658004391052,-0.058739148331434336,0.0832381228266327,0.06056963718125911,0.011042690620433478,0.017973532983768893,0.1372895571274417,-0.16338957375244223,-0.15470199903725299,0.18246292339229978,-0.01567654532381857,-0.07677271778415255,-0.02120326534717191,-0.00218610459308919,-0.04068183466414304,-0.05226134860020423,0.05090887974377854,-0.08194955144066268,0.024547910707119043,-0.11128231370867946,-0.12464326168086803,0.0767756732086488,-0.14319463837864554,-0.07516019267446201,0.00596202425774859,-0.05523146398504944,0.02312194890535953,-0.11180363065174419,0.11819152772056608,0.06478390423947314,-0.08921687886089055,0.023343759269838876,0.07082812602544439,-0.036664760784172544,0.12051528352135951,0.0006592373867431375,-0.03980750756957066,0.07787412846069586,-0.08428140558239045,0.05899578784783104,-0.11591105453635153,0.045462915638153,-0.012702442300618075,0.06000060007500295,-0.18012484651537308,0.04654262776961059,-0.09441312111838537,-0.046453702370202854,0.08316903429349526,0.00431020418323784,-0.11419013920045505,-0.045822003791152255,0.1948292140859806,-0.1354057450507137,-0.004101427201937624,-0.010571655918012299,-0.01720870918558741,0.009965615315383525,0.013056397282426385,-0.02732084739746772,0.12257686667633856,-0.02503141968109248,-0.00422967992448534,0.060954471038597496,0.01727264123605661,-0.10977369591464085,0.05847298220204139,-0.006303896030168371,-0.16167832175653238,0.132841002410326,-0.09138527856244119,0.13777124815968989,0.062435115053325003,0.018632657949262728,-0.1019266238310754,-0.004139049276017607,0.08647913242187416,0.03050526232914203,0.12231634142451567,0.030189879628366056,-0.007136873894199211,-0.03820852688213282,-0.01625115360029318,0.1518118605682011,0.05230866000868333,0.1655437966607148,-0.07910081940610633,-0.18207274334323098,0.12361613028124326,0.028036419069104385,-0.017951563580794586,0.03213493369228145,0.05051085201958784,0.00951080343738727,-0.0177162043563856,-0.009443076835806509,0.038944068954861535,0.11324154829584968,-0.14122764448925346,-0.015259552474492323,0.12406804518760423,-0.005743535340915229,-0.026765212077215196,0.13121402390932516,0.04007729663725925,-0.005667174147330733,-0.0016820723811088597,-0.0013989863208410537,0.014669908874489667,-0.05442334997082682,-0.0572079044569024,0.0044825402028492445,-0.11998974287463757,-0.09730967343156212,-0.01945862528489636,-0.026347071198316845,0.03737638771121299,0.08591182071786108
fl/fl006_Fis3.wav,-0.07201756746202581,0.0374154569477553,0.03895272118480873,0.030288680372271774,-0.00890864056969122,0.1605538737227687,0.0020107028462832085,0.10358058074950795,-0.0228795533880154,0.08108330170562643,-0.030617095337078987,0.04907106079019107,-0.1215906104935111,-0.1949102567291577,0.027830672680684905,-0.15267565042121245,-0.00797847377681551,0.011903304321824418,0.14026983774944282,0.07551546809674774,0.149912934797808,0.10946620215464813,0.28703412887292235,-0.08216158656976706,0.10603643775150373,0.034365793251774975,0.061196962530977894,0.026788739937818194,-0.04492174589941754,0.12432134552457755,-0.08956729327157187,-0.015520894087412088,0.15000283332406622,0.018829352045339063,0.03552931148430574,0.05072972879189405,0.09423426413200166,-0.09942035044447041,-0.016776721335286456,-0.02219062814002841,-0.0376885858422608,0.039789892992857435,0.013029605682138415,0.002279379095225728,0.06547774809459317,0.03785960153769001,0.18101900537606425,0.07214500109535797,-0.07922845544810389,0.0968793019913767,0.138371687565209,-0.12087127359090197,0.15343444149226107,0.05784344375280427,0.006134154183997369,-0.07114408859810634,-0.09675001217270586,-0.11158979712526755,-0.04341382037607279,-0.009845218447141896,0.07681180804853094,-0.024184559382793257,-0.03574677112878415,0.002458485079064654,-0.02298446799375957,-0.05353996974673382,-0.027931650670573224,0.08653210896778671,-0.024620043185934026,-0.06509768971124644,-0.005476764950509906,0.06562633353387737,-0.07193350523427913,-0.05485119313032789,0.017799926700019397,-0.03790590630226148,0.026769353264185867,0.08664647130831507,0.04310479248666302,0.011540227239190945,-0.12535034396740374,0.12748334220151208,0.005838232789671412,-0.02353928044563188,-0.05321726732744161,0.004137075195420413,-0.03807384296683404,0.027605459167608423,-0.052050852987961894,0.06673576712927877,0.012467350905795139,-0.04066690522267555,0.045862495197984375,-0.17145078704739364,-0.08031442339648992,0.10127869810080828,-0.05181577326545998,-0.011986817225314035,-0.12028218766479316,0.10583375721407237,-0.014289144699100961,0.053581480109637813,0.08669859321687663,-0.01140789308325544,0.00156280908014313,-0.02210809697142245,-0.00788053652718284,-0.029830085995302527,-0.03582356146736636,0.028192725889105208,0.07192017957178895,-0.042952673758255636,0.13014031811817212,-0.07107160706084667,-0.2149454644511548,0.14726771585072096,0.032113641079719604,-0.019884222982546235,0.13546101439508734,0.1682657165820113,-0.1013326627559438,0.09490225476320001,0.029085224654987973,-0.012359159908377465,0.16307939404954702,-0.05027224847487127,-0.021100953900104087,0.08162371745548191,0.017830063535038687,-0.09522686861117728,0.06438591675209007,0.04516582437544889,-0.01869093727846081,0.024271597630987646,0.00029033390687592823,0.016170199929442807,-0.06505236332147854,-0.08725107226762592,0.031970535968448635,-0.16258919967503638,-0.1633659036939132,0.018728240202928695,-0.02311663859903231,0.01008468054180401,0.07380273286276481
fl/fl007_G3.wav,-0.074275679845082,0.03357697124399352,0.09597387043519935,-0.05363345800393675,0.23039993653982416,-0.12983625509754404,-0.2767938012701553,-0.024991479546313144,-0.3572201513622989,-0.09162842573842261,0.04382303582299267,0.036049921730750625,-0.010891151543494309,-0.100693394068029,-0.045728622505789296,0.08792988204434854,-0.06502090349753795,0.07442223509233188,-0.03564798614708932,0.010716302763503546,-0.0641685378930291,0.10612236514520373,-0.13949077827759465,0.07049238654614536,-0.04556642209247368,0.13382356938452863,-0.1015247622679659,-0.05823974932222685,0.09420095687575203,-0.10652309588211945,-0.026138601385718913,0.030977665508962998,0.05932189885836442,-0.15088008921943727,-0.09887538457801125,0.013624122628054146,-0.039370696168146285,0.04782610342781257,0.004438689135924,0.019395010148081777,-0.056536893352128435,-0.1308545150021662,0.16543749756551984,0.018922164574597673,0.0522428333789241,-0.08219330263860475,0.15418451962712698,0.007223460724235405,-0.0680194123504305,0.04950579907672676,0.025201846931518758,0.01753620005748159,-0.049804133813421234,0.010976151959950109,0.03378649449246683,-0.08912206895591239,0.04718877378456794,0.06057721603105031,0.012859931087788691,-0.03734683587165081,-0.0034309355684556293,-0.07591930850708967,0.0232780141868619,-0.014387740841210958,0.04619662492886373,0.03901777390064308,-0.04161222623129855,0.13127016626902616,0.023883944277220275,-0.04110681652368707,0.023751577428553397,0.09316811022896371,-0.08571571771791289,0.011952295879671143,0.051701374136106315,-0.0746948154470491,0.08665787443774925,0.04108367726713919,0.19555823520097926,-0.14772877173676247,0.1127340789137829,0.02346557162272788,0.018500852244754205,0.06513082600690925,-0.0037137984327300505,0.014471328722537646,0.010244732960964911,0.05964404279756911,0.0924334367187874,-0.0753234311326053,0.010604397413140829,0.043074479845581715,-0.1880968956695825,0.0853629081704127,0.010665182566765026,-0.06465774199451597,0.022976644950058245,0.016982271657354442,0.004080241292069624,0.02932428305510075,0.12227782032281276,-0.13788512199889752,0.04907758446431622,0.04070098004084763,0.06980111799692297,0.002560942277989,-0.06543283008792569,0.07677219460979604,-0.04001855427756424,-0.00662042179659085,0.01949406035398376,0.00852407742792654,0.13610478039130236,-0.04377755882521904,-0.03340171661283473,0.027393788856395516,0.014548553381554911,0.08814597971233462,-0.12230671049919112,-0.01670692911505718,0.05480673951798608,-0.06758752217034701,0.04101607104110351,0.019614304982679465,0.10420483005017618,-0.11396403783652959,0.00023646566822519213,0.1253288254695579,-0.010302863848028882,-0.006511505337589291,0.14172570707018842,0.07046023026665453,-0.023017052467749415,-0.08106531207055793,0.046993052407062474,-0.010852883559516089,-0.042699294821909074,-0.04898631843732145,0.003527372314811957,-0.07108738146560664,-0.03079804700523328,-0.03629794036071396,-0.02166720526629078,0.0454704910498092,0.09184572480853134
fl/fl008_Gis3.wav,-0.0738069953963534,-0.28591312649988215,-0.3755827002518547,0.07049977156193951,-0.1341597373335821,0.032044707864176715,0.2589971726924556,-0.16892368368737842,0.15061166701647288,-0.10635765679541967,-0.07020268657231372,0.0638926736038001,-0.048050659380992726,0.03623381812109489,0.044654023328528414,0.07362048214862095,-0.02416300528031791,-0.18179152866932316,-0.039247314647945494,-0.011712011430873866,0.04678433875463499,-0.06605982981154995,-0.016339243421372975,0.06459953586772338,0.008954357696641067,-0.057840249292717055,-0.12695442849771932,0.10235847877369053,-0.027216229746875063,0.12808103018309452,0.029413667513105264,-0.12004717209717185,-0.06103555724623602,0.07656255343191981,0.00418434970916793,-0.10002645898490176,0.02481188459025285,-0.09773443935508723,0.06916243334820743,0.05398344214875231,0.08701680495634881,0.004292566679263289,0.08454693124956028,0.043726403559599544,0.008747451169957465,-0.09502871192562351,0.05629984176964804,-0.004521202044275759,0.03385801182686517,0.022239353271407886,-0.027840450566093716,0.045849645313563996,0.09283946374060542,0.02750379060038126,-0.011489424201202962,0.06642314894088788,0.01628174709448626,-0.00568650131083466,-0.044016845890974,-0.06641297305850483,-0.018087330168727454,-0.07083213191976734,0.061956318372552575,-0.14839807541487884,0.13052611630817257,0.07193027508220103,0.004770182236621002,0.1293615575526991,0.04317586361635756,-0.038098288455731585,-0.029939388931969183,0.009452162854166224,-0.06413821703020034,-0.1009753213369328,0.09370341153887132,-0.012061439517368768,0.02359170466197502,0.037961435754808974,0.06568293508849106,-0.17384029065326118,-0.06240102002262821,0.1312574435164726,0.11053725225113527,0.1058758865536091,-0.02889973525298116,-0.07177811566195126,-0.05320887989855984,0.02614543824698006,0.05623000639538259,-0.041362873756006086,0.008033948668882726,-0.01644654581105099,-0.08174815032992483,0.04210188333803211,0.03947419782638528,0.014002159514882456,-0.01450140165832603,-0.032575268222858035,-0.17675144939910242,-0.03529181649910726,0.07388035088499757,0.026694377539363573,0.12021473416002021,-0.09042031856050774,0.007154642699530811,-0.057333297537112304,-0.06833119318385805,0.061353276492395165,0.0018480113585602476,0.01045115935107354,-0.05608605829658978,-0.009815345571212135,0.03672429859383218,-0.0030123039656687264,0.012010351651543467,0.040153623440353135,0.02194319258375832,0.16116029836752452,-0.07353299481995446,-0.05749522779817035,0.06653043988862506,-0.08347305428674566,0.08934722027717415,-0.037997919712236664,0.01601367833336325,-0.026178510966189936,0.029119592942542443,0.006638119012625045,-0.039213231683468706,0.05204667097046571,0.10270692860100061,0.057416570811427606,-0.030405040365329056,-0.10582273404943843,0.0761672270677258,-0.012828602512124225,-0.05380854007821656,-0.04925030812836498,0.037630878524441205,-0.0074426557638640695,0.026519230974772837,-0.03293784796728787,-0.01124734820360562,0.041590615445866765,0.09429442922817433
fl/fl009_A4.wav,-0.07694886509782901,-0.04786508600384667,0.033167611417439485,-0.02882579580693939,-0.014159928747777056,-0.0370180541898666,-0.12271105064478621,0.2604177099615551,-0.1303403169300896,-0.12964514487189285,0.2521330274101954,-0.10989112069870793,-0.05248611746009796,0.21097771625652575,0.10897525217016871,-0.0595054055646725,0.06840438687825964,-0.13358813736628816,0.19028326263117445,-0.12926022428080763,0.04472201284002403,-0.05913826153141733,0.08701462217366601,0.1369890682968922,-0.1598224677464097,0.012431279907270663,0.020930906250052048,-0.0081665360881137,-0.12543250390084684,-0.032145965953364365,0.0903628118389343,0.03457574860365614,-0.10784123756125782,-0.014342229446112242,-0.051959247275455936,0.0490705226500258,-0.038637244965707696,0.05078138755834662,-0.06634911028677334,0.037521863236414064,-0.03714569719423631,-0.12041428786508418,-0.1624290819756897,-0.0967269830425342,-0.0699521444806468,0.06387555030711668,-0.021052319299565497,0.028619171042931407,0.026527125790608196,-0.0924237205594848,0.08247267761267321,-0.16177359030125193,0.03216827077517716,0.04267786666747161,0.04807497889773793,0.0018554770584721008,-0.013163832207166581,0.03653307885498071,-0.004424465081094623,0.09395914326530647,-0.03514953070523631,0.17379779106340548,-0.12645063048986482,0.07439357154945568,-0.12222048255373143,-0.0216062106477848,0.04924830300587528,-0.15845574550712338,-0.027976977805080915,0.014521033230294661,0.06916076515217252,-0.009380823826117825,0.11496161756806178,-0.007561271138492131,-0.024642130381357964,0.07894639268946474,0.065011789593128,0.07407094442955248,0.008618403349027564,-0.04274768864017502,-0.1371044434982292,0.02254577893530338,0.23127516288482308,0.013474209439000642,-0.05726941537338109,0.00046269095946143736,0.09570317190539218,-0.032932313840295005,0.039290967302288385,-0.02050714074027061,-0.03343868077008101,-0.07189246748219677,-0.05794199740317501,-0.032321716805315225,-0.10276905551745062,0.02934883928804083,-0.04996995480155933,-0.05889878924722403,-0.2352773031142272,0.0555308967194167,-0.01599367736503257,0.07740443003383861,0.10430076826198748,-0.10173969286956208,0.045661671833963254,0.018239395174162752,-0.030802817607976547,0.02588386106017382,-0.02198296566493154,-0.011565493021900478,-0.06442217351497695,0.01745731446476389,-0.021769397948610443,-0.01056578617108159,0.011475530169426477,0.05118643461114304,0.009165816424124638,0.12565904586253715,-0.05334603826918232,-0.056576168826813336,0.08807942463249421,-0.08706091534832387,0.035030357131922804,-0.10744353971108288,0.01631586580870759,0.018987654949611087,0.02796457582573897,-0.019924267669771116,-0.009613855000961506,0.05116112284947415,0.03470207581646473,0.006782982785373303,-0.0029444884299150856,-0.05798642076812287,0.03351214945343662,-0.009674974960263892,-0.004027150739011976,0.0022963735096636247,-0.011208346701226416,0.01833593490771459,0.050030137326646705,-0.04726853401775508,-0.015394726469779605,0.0575578441765784,0.09849399484599354
fl/fl010_Ais4.wav,-0.07924376155686058,0.05975701415534548,-0.00331099164965599,-0.11660044254253474,0.019828109785147183,-0.12114829581452705,0.006770001798009653,-0.07176120960657263,0.0013590510437037177,0.027604676701030534,0.1255419351404682,-0.04977581194065226,-0.04016072428256625,-0.08054621868889439,-0.0014272429684313503,0.02921163505068101,0.03940465861420601,-0.04702805312847232,-0.2048753429362572,0.10450037548454795,-0.023170773743431513,0.16710166734871512,0.020763842712731843,-0.17598908660745738,-0.023671737330814013,-0.07433210966764418,0.05282291394532325,-0.18699788796690314,0.03324343330121239,-0.003776886168865623,0.1522317065997486,0.00922337810690499,-0.08170829674018229,-0.14534058932445124,0.16935841745228694,-0.13528448860142686,0.08374504378847669,-0.08750681329069629,-0.09852585492038554,0.039825613819658656,0.24287547210894692,0.1157329537722799,-0.08135220815744305,0.09101584701486204,-0.06833594611622189,0.13579906920915102,0.05850306773673374,0.08118924617835549,-0.046767482812803324,0.1325319124793836,-0.1515203453279047,0.0956204043005147,0.11641491525739935,-0.15623998439014736,-0.04597989177007083,-0.007511108881976342,0.007300142574125146,-0.12942099814687866,0.10364632209647874,0.04510381679797905,0.13769750070864153,-0.024944570410973865,0.0731775632759882,0.02593630760631259,-0.07268256731940831,-0.06371733570793361,0.010885667387285337,-0.003361406309891972,0.0006387190569046713,0.0043037413115292605,-0.06319548734839475,-0.035588249207576236,0.04942606056292376,0.12448945099141973,0.020516012935667616,-0.024544288926934582,-0.036083019809877534,0.01249048400475761,0.0730040749570888,-0.04193576056293419,0.08144477749016131,0.06543894956938358,-0.09088606309629813,-0.057839802268596106,0.010279657483547797,0.04167084926881506,0.07034381235452533,-0.1477841929075577,0.04973591179651383,0.02892561009712598,0.044033686628377214,-0.06497083157189817,0.06501130607424849,0.03527648322660569,-0.06039669512173039,-0.01830989651275891,-0.017344859632995337,-0.06730496529012671,-0.09628318015437785,0.12210716939603916,-0.10569214331568375,-0.006769820805597834,0.005486027831768325,-0.0032770406309755307,0.17558705501620792,0.1132199115633504,-0.040480051239482964,0.06666320677894111,-0.08459195564771549,-0.03667932105820994,-0.10904085174430639,0.08809001499397831,-0.06166339497323766,-0.025876924775385737,-0.010896331513890328,0.05168166710951903,-0.012702033658499284,0.1069467283614025,0.021566867758426908,0.005071749637356394,0.035933237570027136,-0.03651890899338836,-0.0027782891552873765,-0.19478510052535788,0.09926631978216678,0.07003405152861691,0.018236677833103905,-0.05584699810317845,0.024656026316609677,-0.055595725326302525,-0.061792591777987134,-0.05670856408732332,-0.11896632295666296,-0.06939795459676439,0.08651105025109115,-0.007035309469910431,-0.04013328438518449,0.00544692543816083,0.023215125436217215,0.06604186503753602,0.09241460014584857,-0.04391855870048408,-0.0033800557893856973,0.0560451299984225,0.09599083982151063
fl/fl011_H4.wav,-0.07060366278209677,-0.07477879348235558,0.04324036166456439,0.03621025702463061,-0.043231112149644486,-0.040652997366359314,0.12740541092876287,-0.0197999942493434,-0.01412530713434183,0.06334654280156855,-0.18961503873799807,-0.06335482025901783,-0.04320081358880452,0.19098247020471412,-0.1701887419596835,-0.14296079367479933,0.17624391421107627,0.008472293694095533,0.3168302871629696,-0.050872948245675516,0.176116394862101,0.016066701475784977,0.06311031586019603,-0.1174460936380906,0.014524847232823209,-0.0365373510814436,-0.02738748384049303,0.12104560520710533,-0.020983533483648543,-0.1498911234266165,0.06510781944795771,-0.06062069312251982,-0.11799257136156358,0.10274308598217946,0.031829214214769405,-0.01484696676409216,-0.07945479519718682,-2.0069359459803232e-05,0.06363257357361587,-0.05295194434324778,0.02544264646065235,0.09669726166477675,-0.03856197630805816,-0.014969545428206187,0.0353479663983645,-0.021845546389342975,0.0034369317767034974,0.03118919170360963,-0.07837337547387663,0.04824586676935183,-0.013667913689358609,-0.07192313882021331,-0.006444956481052731,0.04718427075040989,-0.08204989018496514,-0.12972584299227208,0.08975602930324614,0.1097107399514735,0.06361760008154148,-0.04823243104360743,-0.027192218325154137,0.04229371394962418,0.008833882021763979,-0.16855811354156125,-0.03768275233728522,0.07677454845683085,-0.03535625626331542,-0.07758161571084472,-0.04974892862569912,0.17507979725030323,-0.0012758903417712762,0.011684873417669255,-0.019451328753558254,0.19416008810301438,-0.07076746724248932,0.014112018546798276,-0.0541884939624286,0.09888810437474733,-0.06336349944642031,0.10396358748270179,0.10535059696052763,-0.07671829150062576,-0.07743854646810086,-0.0056500458803590975,0.04409132118055971,0.02704954125458127,0.013079354823234551,-0.01450286605921354,0.04403948418157481,0.012667360881043872,-0.07858011860452568,0.03824860702979506,0.03042119762439843,0.11043274431613156,0.04851872946978717,-0.08000581574344245,0.04361884127756363,0.006853976043874721,0.12502183994829696,0.060881892177830146,0.00020498812222739804,-0.11228444000738816,-0.07350121886984533,0.1424333191144877,0.13054246548696866,0.11886348381954695,-0.04809090516718172,0.1324702031078839,-0.05344376187478894,-0.028489139616721726,-0.15408093742971715,0.10938569235983661,0.009187414185149421,-0.05264255616603411,-0.034996234623119335,-0.02872264276523495,-0.02754814005942681,0.01819922376572735,-0.03297568475323518,-0.007917077693060853,0.012968738556130363,0.00044333646587428263,-0.04946709737741031,0.030522165402781742,0.08198378837043309,-0.10614019318589019,-0.03201254673798677,0.11183391077372314,-0.008220231977366725,-0.007564941426005373,0.15012783256632145,0.09893635709129647,-0.03511103460379862,-0.11204593924474379,0.05830267921220482,-0.011327839676606393,-0.08459600508844248,-0.08695541149251146,0.07232312888066784,-0.07207581757378011,-0.042039880825759046,-0.00900889621267556,-0.006508785373648286,0.01819618914390809,0.08438787358483514
fl/fl012_C4.wav,-0.07260699297477984,0.13706872503390904,0.35382348607478986,0.1211405351473607,-0.014767073558479695,0.3254480854794786,0.1391977054835889,-0.03952811511294455,-0.11575718719689382,0.24692321262980976,-0.01869572449604957,0.09924995067648196,0.11811757122849427,0.11903363545232144,0.11686212093422575,-0.09387330578536567,-0.015564854276818831,0.04222720779716363,-0.13254825132494813,0.041931443144539206,-0.14794216871295476,-0.1720600420336665,0.004947173303828274,-0.0754798455002528,-0.028973190949172285,-0.015625309956258545,0.01844271693658114,-0.02062650704869528,0.031138375195025034,0.08454967710612774,-0.15307575937962747,0.09718810555239873,0.13629067301154096,-0.03346795116554506,0.01860482166877644,-0.0660472179046677,-0.012421222541748551,0.06755877073616307,-0.0467961436610615,0.0032549425033597916,-0.08428332799280401,0.06736668643433358,0.024585715089937177,0.02867437693649804,-0.010723178088908353,-0.09714929746639342,-0.08082205014626602,-0.11915943827771866,0.0887323698581464,-0.07146703705132726,-0.0268277290368685,0.08146972914727414,-0.038340938167255055,0.06780171247808571,0.09436325975163362,-0.04460122208974092,-0.03967654410683229,-0.00029106666514889384,-0.09643810866783108,-0.06468190906159076,0.10238935350892503,-0.0432505259007485,-0.04363103781902215,-0.0770963750714859,-0.047343381240744734,-0.0037524944098995773,0.10932386838509897,0.07235826941263383,-0.010920854706060443,0.004216007592835372,-0.04007300217317426,0.03863107658804797,-0.0058802342622172495,0.022754305016174977,-0.006000391000443941,-0.0018974963374940278,-0.10065214373924002,-0.06967040996006077,-0.035645150127217015,0.021857314330551773,0.008795755776996657,-0.03243904696006223,0.028340542030129562,0.15444468618725807,0.01611564583264511,-0.013361533580256687,0.08469341981966585,-0.024255144485287705,0.008745547671172388,-0.1115490589260608,-0.10278009574868816,-0.023778766669791528,0.07645013607835763,-0.014695416222092906,0.04877134944299802,-0.04175915206078118,-0.0403118941323138,-0.12094198210555002,-0.09409826171750703,-0.022204705078095063,-0.06437973624893971,0.07277349494082838,0.07553071662616209,-0.07014620099234298,0.05499147590584362,0.020321698421084257,-0.03748708398845743,0.06650275371392561,0.0038740976799836457,0.03602221445979173,-0.11970667271457462,0.08402174984856281,0.0028342209429168402,0.033638870507826824,-0.03912978866882583,-0.04163627672010416,0.026320040263859246,0.16167106006882245,0.006280782838434267,-0.08742750829328066,0.06624697589323916,-0.05078435952298469,0.05618186558181262,-0.04154922895594188,-0.03491034542217227,-0.026097334736793792,0.012595065266507229,0.0040172711797686785,-0.037296622546995846,0.051088272000630326,0.09926583861152125,0.03348439429641028,-0.058849828463368344,-0.11115514307723176,0.09048006068122541,-0.005158954589978759,-0.08368151420339423,-0.055142181389586334,0.0738912146802898,0.019753361194931235,0.045190982570489195,-0.023979755516046072,-0.002601977465868832,0.03113634565762604,0.09167720582646773
fl/fl013_Cis4.wav,-0.07470189482628466,-0.064629973700581,-0.0115055013398934,-0.11548291708597108,-0.12878341792041265,-0.25065497677639414,-0.2406975309751872,-0.06498247987537381,-0.021074101668646684,-0.014750520831763266,-0.22914551493868746,0.08261445887037967,0.2258077591767854,-0.025701618063885892,-0.0701861713074642,-0.12960719300579726,0.023786929840387664,0.046170990506839704,-0.07992037487593474,0.01774606176131029,0.1412503604193867,0.03364259146652068,-0.08315695178201046,0.08077753234950195,0.11385985262247107,-0.06174778042862078,0.11952590584800736,-0.02609792155252095,0.02956900276833621,0.06300486553113088,-0.011281538987300293,-0.034203015137550044,-0.1375121848683747,0.1707105137471429,0.08615669587367047,0.0326223788169214,-0.0006432795143601067,-0.02230623757191025,-0.05195937860724148,-0.03230158617917797,-0.031670640802189585,0.12013258794908294,-0.08532025781872463,-0.04374095466085909,0.0074393515735947735,0.008806595766363792,-0.10343030942150996,0.06225150795987075,0.043912495349580624,0.18356898985361556,0.09191306819223882,-0.06030137381720646,-0.11250557344687394,0.02888369469178464,-0.010327680776097045,-0.14925010693242136,0.03463932899467025,0.005256260229654204,-0.03657763475339888,0.0007527143768059665,0.03410622988409895,-0.08474665104749154,-0.07176454096777393,0.09306305940447229,-0.05830847585213188,-0.14316709194962596,-0.03057301523656491,0.07832025630023694,-0.032837190806051256,-0.13665915859562106,0.13014998207831668,0.10040820784419956,-0.0419002622252764,-0.22716888902296156,-0.0407997899080792,0.08143929072874276,-0.031434966757463705,-0.07858694072099784,-0.013388630212506025,0.08985986344078625,-0.003749234228207013,-0.06696784935672252,-0.046846675311358624,-0.02726811437191491,-0.11190500302962332,0.07704623522415689,0.05731563320299604,0.11956513600694552,0.005080970419219455,0.015083555298110063,-0.17923056954586303,0.015929050773832262,0.059558870590929326,0.03197293786517186,-0.07128371156530808,0.04836989020293191,-0.051422114572278646,0.05037483168096886,-0.04952631602602715,0.008153974018763,-0.009674536404465157,0.06942919083350468,0.023055304106996462,-0.06958784239284728,0.011825142004892795,0.0075798585339853465,-0.006466335817310251,-0.023328843913658637,0.06151068913682658,0.1299932868837348,0.042363922097471744,-0.02163796338782801,0.06298154041179617,0.08028434847446304,0.013211747316859448,-0.09669509215570557,0.055958357296642,0.12026207414942519,0.0030786920752347985,-0.0584402058960223,-0.01167039401023713,-0.05339902429207466,0.1335196414927691,0.01482862894763701,-0.08227727222783722,-0.00806534512088956,0.056159974106014234,-0.02301109783307386,-0.04513999379645144,8.900918133577463e-05,-0.008911585693237438,-0.018615863483032218,-0.08597317542210176,-0.057125215174853326,0.09529193464067119,0.01617548135580116,-0.0748926858589338,-0.03518160735833311,0.06864055777978285,0.06294705351155999,0.0761436456542827,-0.025555008817314408,0.0010639258135034752,0.03640608702983693,0.09330849302369293
fl/fl014_D4.wav,-0.06997948187737675,0.11062646830312606,-0.003431066618697097,-0.00040118999527045604,0.03300421461008268,0.009462679629991576,0.048922418511782556,-0.14831506408238226,0.11317414192331934,-0.13242940030514014,0.035704391514070774,-0.06678603282640627,0.2514332252380622,-0.34579619859331234,-0.11910993438031275,0.2448974180002113,-0.1659522632740318,0.09734886210300313,0.07323041090697148,0.08273921797771439,0.12054505289284947,-0.008152922876382307,0.04738301533363431,0.030523696627895718,-0.018752074003723813,0.05288813345014954,0.13930185340802878,-0.041011904232707556,-0.0701839267598662,-0.028824714245561156,0.10661989315604885,0.14353183903917466,0.009913394321516833,-0.056505566307508984,0.00519813345368059,0.14803516727767185,-0.1423025776776932,0.0606308469370778,0.10951818629790755,0.05515332459562369,0.012399766693967161,0.1301109227603061,0.011516474670766353,-0.10967895950830346,-0.04539720404220074,-0.029679636234928704,-0.03984362128070672,0.035960419504535074,-0.03802002766956072,-0.023100339139409294,0.01756363703199355,-0.028888365216868855,0.12408529166987108,0.004680722788835558,0.06937612284145636,-0.020343328471250227,-0.07057089594644285,0.03835085352564352,-0.019080451813970306,0.03172087758032489,-0.0202059322267982,0.08366292998859538,-0.06892187821238804,0.06170253003880209,0.04516977531187021,0.09311899215435454,0.11254647840548038,-0.13743368699946218,-0.030544737549189793,0.07128454210533543,-0.059297772328025716,-0.08562900578628223,0.04566402780122236,0.04312932249634713,-0.04273983700975121,0.10297481663542937,0.04534332299459456,-0.0220098863280732,0.0677390779358768,0.09290197864878773,-0.1138705961208222,0.10598983127326125,-0.049473309319190875,0.013651779053223616,-0.05951261959689591,0.006623926530089044,-0.015718260934633535,0.05431232735959764,-0.04212994497730131,-0.02990682195881983,0.031660632075111696,-0.026526702348524472,0.03030556565816915,-0.03133345688440734,0.08511836662907737,-0.1526472052195037,0.16630710142780813,-0.15644824878875124,-0.011105074711531191,0.007187836270195584,0.14331200209574294,0.0909044529437291,0.0776438319623784,0.0442936759469258,-0.0731650247929641,0.0851035166806858,0.02913491288722095,0.04259043215350848,0.1057429556078619,-0.028136863421662738,-0.06308645324139099,-0.0004808755731869462,-0.12428058377313159,0.031510719845183895,0.016617658826574164,0.051933224347472516,0.011154637480029435,0.027106992950894214,0.02698755567437997,-0.02968474222990248,0.01706827438596422,0.02708069520616624,0.06752279868472838,0.069699596991375,-0.05763212185678052,-0.011777455040304304,-0.021883265865913056,-0.011921499912839383,-0.04905275825494365,0.07784251535058101,0.11990595189782201,0.05603576006693226,-0.012798503480150379,-0.08439445338420422,0.05609530297141989,-0.0023883786602200883,-0.0937214674234806,-0.07669944702832328,0.10545848219932374,-0.0019696153132971184,0.002696490046508355,0.002172160874993146,-0.0017301434616443082,0.013497596498089806,0.08738846762223043
fl/fl015_Dis4.wav,-0.06432553954074298,0.02504192980894686,-0.007828845442494334,0.010850612984969595,-0.12557112230862474,0.12354202594896906,-0.054275478680704155,-0.05989833132395725,-0.010576235891527074,0.24880768123705232,0.12852517104582872,-0.1480180967842773,0.03836944027386038,0.04894285546022056,0.16779946625261738,0.03520616436473638,0.009013755916138311,0.12658368475925474,-0.002431454737939251,-0.06670176053399723,0.12741827506708325,0.06735124701753273,-0.08869196507913346,0.02236220523298545,0.1746416294483796,0.013040133545841128,-0.004715460494191193,0.019662854954706117,-0.09398140202770923,0.08320152383837506,-0.02839347104280326,0.047778605301544694,-0.023661888028797984,-0.17844314564587552,-0.042256258677860384,-0.208312300632564,-0.09442491631478214,0.05818045616153897,0.1129231208308047,0.03491207813775839,0.03965279170623179,-0.10793135472007762,-0.08111922028841337,0.11503460937279104,0.03952660794896762,0.13033741760463333,0.06584223338144962,0.0012260351485218618,0.09198953248571232,0.09555322057384572,-0.06498419845689485,0.0675887642612195,0.013383344949406472,0.011529333733008323,-0.07088481099664465,0.054757806426541454,-0.05648687583807973,-0.003351436251641436,0.09489839773096748,0.0679243653069984,-0.13182709155026107,0.03251549790935057,0.021548064373875894,-0.08071835526308117,-0.008337939752920714,-0.03225419523992468,0.05451375773370952,-0.0724102756458739,0.11605407138417342,-0.024144950617792232,0.18740167772192462,0.17187830243852922,-0.02616461935127913,0.05239620480719564,-0.08138562074049376,0.07270786426713008,-0.040078294323523,0.07399804995215312,0.006549601468596192,-0.12013459210557861,0.019393330738855154,0.021272708194170434,-0.015569958169009752,-0.05773762804312826,-0.063136042670209,0.0008739973763770559,-0.12489853438366146,0.09218644956353153,-0.014131133334790505,0.10609110025860563,-0.11783347280285374,-0.048425441179689006,-0.03451406967927506,0.018225116302975297,-0.1087969440147454,-0.0063003235180674015,0.10577632264618883,0.05327793349252559,0.091431476694433,0.02377480655771464,0.05744792054111325,0.009513154858816705,-0.1332005263588571,0.05649405748536663,-0.15454683806675498,0.030049252161003348,0.0769919793659312,-0.052743997556333494,0.11148331339996806,0.06021555231534127,-0.08867504735955856,-0.12680846991474407,0.02032610044975493,0.03053821294987498,0.09752265553193727,0.11468876865499118,0.021035005964918925,0.08312453660835126,-0.019360400145585044,-0.08628146985918828,0.05998006612761232,0.020683940186826386,0.1534486928791364,0.04287504801685473,0.010356045071810916,0.06636764781450329,-0.02800765462402206,0.021503381134557645,0.018804533732859126,-0.07732031656628198,-0.07604769167647796,0.11708240698010336,-0.007639591198689813,-0.1388575705497163,0.030592581978327076,-0.08875728235735104,0.09877135681100876,-0.02453603257531953,0.02546658811094168,-0.059457318922388244,-0.10058676825484912,0.08856290508384286,0.006125661104762037,-0.06424559392575252,0.05617388047654084
fl/fl016_E4.wav,-0.06815154454839313,0.03748769894587947,0.15185058587023065,-0.0395611214290504,0.11584761706841051,-0.17174614265797855,0.37099213790892466,0.022166999095624515,-0.010258861276302714,-0.030319372014168604,0.012033560718771263,-0.11281374923426937,-0.15251930401730082,0.015062090729867571,0.2511372924529752,-0.03294476338785635,-0.20350230161247987,0.043451620833640445,-0.17225954774478236,-0.011436049326958058,-0.06658714963387422,-0.018385772819459183,0.0189193522873167,0.06607567891339018,-0.13391860238801523,0.029094454703705707,0.1169656177952696,0.02725055148665671,0.1984356492383513,-0.04237198745203502,-0.025019365018936764,-0.019952377937851346,-0.11563249557557793,0.038608633999268296,0.06100516246900435,0.019471380580982127,0.022242597413623277,0.006023498570079441,-0.002691764361403684,-0.0014058440488629543,-0.05818334113708022,-0.08293054016762064,0.03336150523563873,-0.0406747763058941,-0.06745229612778272,0.041437932230147176,-0.024972370552508144,0.005822224312724904,-0.12752179923189993,-0.006067831501219971,-0.004862163901145161,-0.1267009396252331,0.13264957942715946,0.13333997851520793,-0.006434995204644089,-0.040443942721375414,0.0997161464831677,0.07826344394257934,-0.020613512737576865,-0.05584614273044613,-0.0825901264558919,0.01933288838239494,0.023601742814090367,-0.050231114501224985,0.037257683256538596,-0.06357072693893537,-0.09985437020852868,0.04713142544014405,0.11887708241563294,0.022947572272534383,0.054493460898777143,0.07976337739112441,-0.012703272640715852,-0.02623273038009051,-0.06362463372194145,0.08163479830081888,-0.02193120135331423,-0.016572187636420682,0.0020720919888188956,-0.032959195065366924,0.037564168384687305,-0.030217975840831926,-0.03506538723528784,-0.06333960047623104,-0.1580583084721305,0.006439164959607849,0.03219400097625706,0.052069412626490105,0.09565690265883746,0.0954553482374941,-0.06489230932906276,0.005607011652058177,-0.013765690825550195,0.09726026832058669,0.01584753441887457,0.0378408669825681,-0.08823581070025473,0.06394105536195493,-0.001097811098406308,-0.08233165788082104,0.03332375892857119,0.1018996511969587,0.023620756146951673,0.06580928858700662,0.15305665637415306,0.09133285690336594,-0.0025228526462848346,0.04768228404478489,0.0793121808957094,0.06963178361552816,0.03363698311923575,-0.08011287023085634,-0.11421169177410376,-0.00430274269785097,0.13309854764641074,0.11858157530940211,0.005956477784301556,-0.14788796403111082,0.0004663842119859568,0.15987744513207486,-0.13807001125925117,0.05818420032859192,0.09570626557070931,0.056064040771573675,0.01764410729257744,0.0044740244420736555,0.034073896328216315,-0.06205266068864439,-0.030479058654209273,0.03374021071200564,-0.02877603937015331,0.04385768027414265,0.047614640407792404,0.0013626023176427865,-0.012841453074693877,0.023112666849040172,-0.061559039573987444,-0.0720409024393796,0.13220601326639053,0.025228364112066092,-0.026046657758978808,0.04677098231076221,0.005780716755887801,-0.011254341743097066,0.08180688291080015
fl/fl017_F4.wav,-0.0682915663250882,-0.03563417428791134,-0.208945073964228,0.10201501863800051,-0.1488219434462449,0.1786811383890834,-0.3440370855577299,0.03230085076213523,0.007570345987046436,-0.07018909634118362,0.038845336510125214,0.1720442757171436,0.10248627711432254,0.020433799730285845,-0.20977784426013754,0.07795287661110728,0.1440418746252533,-0.04915449700589597,0.07506257222611627,-0.01600617436193462,-0.08738060043331633,-0.1270058534413646,0.06722282511797709,0.011869002880887363,0.037432257091784125,0.06333356396368947,-0.05622520755149072,-0.09648324674679731,-0.0035333526738265558,0.04765406942622075,-0.17893150758073287,-0.07803408745530235,0.08925095199828055,-0.2233205223666706,-0.04080606702610918,-0.016750267499832237,0.10531269248796567,0.008092165468159588,-0.02859319934529586,-0.06544622013408444,-0.026632718409712187,-0.021491658660339655,-0.007778031664619409,0.02409048816330065,-0.03451987585508974,0.016034354213861138,-0.04323899001270544,-0.05292966030015064,-0.02442294980028267,-0.09083728693154966,-0.008506804655171417,0.005292882204308735,0.11606458856735158,-0.009876904398184554,-0.004364974365911323,0.026021657315400737,0.032447719975446265,-0.04076971143562161,-0.022132951616252308,0.017672677906159315,0.04272830227781043,0.060164178984666236,0.0405645691338742,-0.07419315489948757,0.06819330331612178,0.004367644377654065,0.015677795192722947,0.03738040882761304,0.13336190814597607,0.014132750279479307,-0.022960085562949564,-0.1056312942753818,0.0236846655125847,0.03993355425361178,-0.006019093535516072,0.08047936102797842,-0.047712426536509034,-0.07164674606229268,-0.020975240909125573,0.03841114443031658,0.09581952172710054,-0.06833313648201811,-0.06117960787658857,-0.05080122603897674,-0.16607565410455347,0.04927842392988438,0.06687798870370937,0.007450033566206743,0.04618801111623031,0.09755412111076073,-0.08322646439194394,-0.007323445314253822,0.01550630266654282,0.09171734689241007,0.0055211335988138155,0.014498823897719216,-0.16298329529733926,0.004016102729739832,0.0010404071885975093,-0.06421526964807442,-0.02750108541480932,0.016098920549169993,0.010986067225557422,0.033776483310930146,0.1539909677905454,0.15577727111841932,-0.010249888545977949,0.10397210886336156,0.022760527460958115,0.07146214613859311,-0.031507786961362645,-0.015529460659193625,-0.09268915684310419,-0.023330572431422357,0.20204843607193054,0.14275387179812682,0.0050553068431892,-0.18244386560692988,-0.03637534131048269,0.14672989350191457,-0.12530341501007003,0.008353907262795446,0.04827044125681098,0.0014438712995252304,0.018954232478332545,-0.006765361540642792,0.06713275961236326,-0.05079255816297313,-0.02777191994897778,0.06414088651208796,-0.019557822828122542,0.03748183113085384,0.057861285042627365,-0.011399095213028508,-0.023865777723607443,0.02585309584785634,-0.05429547566426203,-0.06863712820228834,0.12031841994654363,0.0204931936586051,-0.027231837552701782,0.04172320694351266,0.0033543263064027494,-0.007601513331342849,0.08267380121348684
fl/fl018_Fis4.wav,-0.0629324100834264,0.025539674270942295,0.027484368197019368,-0.02759813498180114,0.06201455996410213,0.016600560929959284,-0.025785543031071195,0.09498593457179562,0.03550719545460241,-0.13928760901007836,-0.06284708177596912,0.24198566276458916,-0.05079622106852974,0.02639546959624916,-0.010856211188911261,-0.03821067327109484,0.0625260868887659,-0.04394724969326959,-0.13774976476492745,-0.0032490148009538533,-0.16965238326486182,0.32246434787093264,0.05691771093804138,-0.09293747066625158,-0.10479557205275397,-0.06136434014018406,0.05887687484022881,0.044756922207450596,-0.0156972813415134,0.019239898384010908,-0.039846388219774334,-0.03719709277735673,0.014404508395343478,0.03716431150296187,-0.06936666212599685,0.11464288052850714,-0.2093645872948264,-0.1951629219292819,0.06810570124902827,0.1490396243319267,-0.004926660456459056,0.07881713685767384,-0.16774301446637796,-0.20224801288086003,0.13748480699811877,-0.18986642151033278,-0.051575686550736806,-0.035335153336621135,-0.05250265819763675,-0.06036787478787729,-0.111028787952355,0.12227293929854932,-0.014701888108007061,-0.133235675690636,-0.0064987977721492965,0.018595713894472732,0.1436423467373966,-0.0085219159249409,-0.10554162631680047,-0.07504628805771074,-0.029879258781557436,-0.02017262276845172,-0.10257095274216754,-0.0054717232780202435,0.004110563896094703,-0.02556664937902067,-0.009749850634316298,-0.00934010280053314,0.022403535083403595,0.10809706072562114,-0.0018515198161369768,0.08705797876932,-0.07553380304114264,0.036324968914766484,-0.028277482811392602,0.00886830535871078,-0.011777500022771323,0.05821243157956753,-0.0546427480285728,-0.0010003080749038332,-0.073067208023867,0.04883282522395968,0.14467690723369753,-0.06534411434856188,-0.05566894238079087,0.033913515947810564,-0.00858627341794456,0.03818424160994454,0.03310161174378461,0.010870968699600199,0.005024158353632638,-0.099043974614347,0.0018510997965146964,-0.09616568993104407,-0.06266550913682542,0.03982506222433686,-0.0951281019555354,-0.08763114848307413,0.13221903486878384,-0.05886017707321249,-0.010476799304884488,-0.1245803050809439,-0.0522135645203429,-5.146071163531982e-05,-0.17181675094532722,0.03308254203898528,0.02649045094674434,-0.034967223582376625,-0.02747583461915866,-0.003858478279712139,-0.03224062185664781,0.08431438051662286,-0.03415046968693561,-0.015050681334650253,0.06113592977944506,0.125094291611154,0.02253547807895835,-0.04383100161917344,0.018143513797633713,-0.007633068857586247,0.04340059889070108,-0.07579813062093042,0.08695173633964698,0.0007555082298952463,-0.010493941511999802,-0.017181752840665202,0.0204616276630532,-0.05260860121584799,-0.045068116145419355,-0.00904206519384097,-0.09065157463727846,0.09766118262649803,-0.05739808950149138,-0.1710735276065802,0.0376264172969986,-0.07561418356340711,0.10057181643447943,0.0027427965018331844,0.02806080039851088,-0.017376727935830883,-0.06845274687114476,0.10039977204426138,0.017672981506280317,-0.08639677326416421,0.04696567851295925
fl/fl019_G4.wav,-0.06306583111990531,-0.012828480384831885,0.01221259179118718,-0.007058351926139586,0.07283732673460164,-0.09079057111039107,0.09184812550700547,0.031851965232068895,-0.0059047919140717674,-0.038309791703403796,-0.037140530346237446,-0.013638146525692733,0.0266039321354071,0.04627216255596868,-0.09990878337816687,0.09555193035070236,-0.17801017792831975,-0.11539344883325924,0.13528033827574867,-0.11258128768827004,0.12574299807914027,-0.18659189534560622,-0.12056730045959735,-0.004487500581833748,0.12528451038114108,-0.16712968664000086,-0.07546411992526228,0.007496251373282331,0.2209235515942658,-0.07445407566788027,0.1812830567987789,0.047813661562231234,0.27032732635226,-0.13557398354218883,0.029748901831968343,0.02095685076161376,0.35588364069661155,0.1596760610389905,-0.11326299536250414,0.011002976167777751,-0.026294604735361743,0.06406236433841081,-0.06714246801753491,-0.036695732768726466,0.11274774953933836,0.05535446048146974,-0.0015709449377187198,0.17046895033466575,-5.7577913041301915e-05,-0.005331786236972388,0.020263668241384127,-0.0032532076295454845,-0.017086506746798544,0.05108685163368849,0.04322708861390118,0.08214629919334102,-0.07136856389160626,-0.09135378450473516,0.020673934222338215,-0.08273835862746046,-0.06529034084779678,-0.06421019124612788,0.005545127310381873,-0.0270855281633098,-0.1122302725202481,-0.01837377589293073,0.018705090576926944,-0.011953813070893916,0.04481373256825169,-0.031200550324559276,0.07566265459329698,0.11444518865356157,-0.0029397939523090376,-0.002152465730238593,0.011886981894404047,-0.018632690570862687,-0.005506028234046646,-0.02543255025655701,-0.01679887322563832,0.00867013202006176,-0.032585577308849964,0.045461270224823463,0.026662328969547983,-0.00627718751627189,0.010317565152439631,0.0539695256377058,0.0782437558661109,0.05929944032065278,0.04462492280667349,-0.05008980986942086,-0.03930100982277028,-0.06375477088900776,0.049735573342551735,-0.07852648746084426,0.005003760998684301,0.043099155680188656,-0.0547131895492369,-0.03768520403357198,0.10437234681538109,-0.07272682437791697,0.008859185564016353,-0.08409717823096227,0.049420057475963605,-0.03716557898596988,-0.11124506692141023,-0.02916290764965973,0.007204940757372212,-0.024923424107860425,-0.09867775088700496,-0.05521362115887577,0.014222903122798225,0.20622017659524142,-0.02510127772133972,-0.020245850735774156,-0.007453423395321995,0.025559893367487714,0.019977827656399896,-0.10534568128504802,0.025620332250358077,0.04027840586209984,0.0550546815834327,-0.05340352650298676,0.004364331006926114,-0.042714030992985805,-0.02346749197704974,-0.03202291824485101,-0.009499126275803411,-0.04792775201585493,-0.08020238396878221,0.05416231704878211,-0.12550192517759728,0.07825091359670101,-0.08552897284715355,-0.19202252986709117,0.01464024177885037,-0.0305962209116651,0.08452958227103616,0.012593051214788886,0.027791722681731825,0.012867091330859106,-0.06279192316153637,0.10512238908925255,0.018476949777314285,-0.09029818340506664,0.04411677644821388
fl/fl020_Gis4.wav,-0.06308518627688778,-0.0035306969694112317,-0.007833211629634603,0.0042898221876063874,-0.04417432446703793,0.026868924572032188,-0.00036230838832161097,-0.04409931959769529,-0.0302438626724371,0.0877924816611473,0.0034981455583055782,-0.07666462011193281,-0.006447581103233625,0.07492402072442517,-0.02424132989749443,0.018008860011679857,-0.0021742976524278083,-0.07763122666894326,0.0032416455104590405,0.034060761707064374,-0.03636141275705451,0.12728059296215777,0.1408247464433464,0.020971898880942044,0.01221200405715513,0.0503288726755504,0.014603422860995686,-0.21602488319756102,0.054111166401461436,-0.0032235383668141326,-0.2617418126812142,-0.11822226604391554,-0.16512256726623917,0.15264695345327203,-0.014766083296718916,0.09480831579678681,-0.10659616968122285,0.09047442239992587,0.06245095898162946,0.04259370530841261,-0.07366964338271423,0.02229652763202114,0.08903865820894294,0.1814271934345329,-0.20142196111088584,0.07429726808972292,0.1339384432611985,-0.108547468162347,0.002373312787456866,-0.014218121106564223,-0.030321075911501915,-0.06344284552490276,0.011877225455747039,0.04155844852791857,-0.09131778480835664,-0.08297956042442198,-0.07733857975565522,-0.036920071155366135,0.10898730042648651,0.1250237022184689,-0.11086319099280588,-0.020440101391476242,0.07805342520426681,0.03351003241355372,0.14847304904926534,0.16895060713982157,-0.08052284435167367,-0.11565308772899852,-0.055369170358835144,-0.06858657645018172,0.06578792484616398,-0.062051237894224495,0.1026910375228824,-0.12363480309046108,-0.059467778494689996,0.004963334000070201,0.1268660680551933,-0.13433453526890057,0.10121815940122819,-0.06300849883856649,0.07175209462013693,0.03635177368775121,-0.059111011985867185,0.05974274060283434,0.08768399280487765,0.0804551174177962,0.07929739962456511,0.03807299925945023,0.1456466616563477,-0.06829913583322207,-0.033964343592046045,-0.0745835163048187,0.07396958849339835,-0.08899675211879082,0.02555412675554479,0.03917235138044564,-0.030682442590928664,-0.010824320021488736,0.01497292909144849,-0.016121667000676188,0.057515749527696315,0.01855594021402175,0.04008599331198176,-0.04123800975352246,-0.1058530158287417,-0.05426533949758526,0.04294261153518594,-0.0062940900695511726,-0.08380306719154212,-0.06363551861383346,0.051485224677166895,0.2369028078907724,-0.034271103175511144,-0.036019288412125386,-0.04324997972323961,-0.07520515711811912,0.055846784749953846,-0.1257033509982302,0.09125452937719847,0.03141548955696512,-0.0015540523947831786,-0.054871789929241147,-0.1010291757412063,-0.05576934972953365,-0.051918779891677834,-0.018896773683281,-0.014917240110773076,-0.043676981207665465,-0.07196837806580893,0.07635187414790125,-0.06138549141302515,0.05675802485154378,-0.11485288283183209,-0.20291875507739165,0.036708946920638114,-0.02861206321360988,0.07162721561300381,0.031284820987189835,0.0025497323638451626,0.003900773917382843,-0.04424284120672439,0.09258359521362991,0.02796415099340204,-0.1035095592842916,0.032304567755690634
fl/fl021_A5.wav,-0.06310781589054897,-0.002275847497364779,0.05209024124366003,0.0285412518152601,0.06302433876212465,-0.02854259481807997,0.022648705642521243,0.1329680641382764,0.13234664093004575,-0.17628876072572242,0.02039932521633408,0.22868177629529074,-0.010826880726441519,-0.055027435626587885,0.1370318765923389,-0.10306812588785284,0.0933070318748403,0.28111400307819046,0.022851246325789137,0.09213755882101356,0.15398057547902474,-0.13832854733362004,-0.10829656193209809,-0.023240908984356403,-0.053019019424378123,0.07103475701836118,-0.07256947103998543,0.08020978080907148,-0.051292012374888535,0.10516556006427262,0.08962872192573865,-0.0038326696913720208,0.07315966684598504,-0.07698097937621337,-0.018615485296751742,-0.1005928275774393,-0.12114989206525631,0.0037182112605934625,-0.05595881971922529,-0.001999883885328224,0.0721931274633899,-0.05590175562602998,0.05471371679249267,-0.03304340880640079,-0.19938242966262332,-0.07423693513872291,-0.003619743120141702,0.07320786422432977,0.044933966552326024,-0.04136140393163203,0.048626062241876725,-0.023037236531960794,0.0274581334888077,0.06851520018280494,-0.11846190788899581,-0.026827820996450102,0.07256843822643291,-0.007853206221939905,0.021740660204829655,0.13795665641214677,0.03266731080800947,0.09759979992814184,0.15825915964332513,0.025691304877929623,0.029756969691193416,-0.07545561983887877,-0.008967374041626244,0.024359475088318046,-0.027045494109335003,0.153819197276605,-0.15958171912248578,-0.021768771333966416,0.03910817542157244,0.0241420573758946,0.037685279237175795,-0.10708831769570597,-0.02510863351959996,-0.007626114318896997,-0.03610875595693107,-0.05619848202649505,0.017983368621138928,0.0012603600010977836,-0.14302399614147915,0.017610669388756356,-0.11151039559209232,0.0035925057017254796,-0.029129589385115805,0.103587504200343,0.19461738647621932,-0.05842973898807377,-0.031176653554059568,0.0913786197082716,0.07676713815204475,-0.08274491296327195,-0.047412619337474995,-0.02300696825061236,0.1317583839831384,0.06783659898668742,-0.044736108045178274,0.09993507361317926,0.030124363210303796,0.06928384201061072,-0.0521006791351407,-0.10769684513130132,-0.01256668871901371,-0.0286143577286734,-0.11857171362374627,-0.05020545890994617,-0.17869537790268214,0.021586110232704042,-0.0031446996109152775,-0.002414055688482318,0.12740327813376,0.07527149519093376,0.07689579788445877,-0.11533820119673943,0.0021758315283990637,-0.0971613022185101,0.09086052584830538,0.03423408669864598,0.03319992923047263,-0.047247040161410736,0.024081997415007467,-0.08264927522251594,-0.05928688240797697,-0.03906750648040739,0.02893896324180785,0.09511375915655891,-0.0666726124159402,0.06784946606475617,-0.08138747678833873,-0.024719613735854788,-0.07820007419883405,-0.11078513223819705,0.0005193787001362011,0.014531976903508687,0.08051218853401887,0.027831806050213775,-0.014381436725944214,0.056094183696659736,-0.05751017022254457,0.11405225709372879,0.003351571308961335,-0.10049751801007649,0.03759619911671347
fl/fl022_Ais5.wav,-0.06274754127065173,0.014031295611433856,-0.0016315042298100657,-0.013186060358968963,0.013206979911430166,0.025699044840892648,0.0078977921052104,-0.04202910614433341,-0.0582869403903411,0.019186936283749505,0.061778230265218684,-0.07038162106643471,0.03335711568241316,-0.038769489980641426,-0.053536567993710864,0.011039405306873668,-0.025551631043459373,-0.017476972840968302,-0.03257863425961796,-0.11870292501238974,-0.13517018996090976,0.019378279682362064,0.01803548717969071,-0.09161981113851486,0.08416957985913558,-0.10351703871166754,0.16129443864253706,0.19513262528675435,-0.008677643146245025,0.007508157779903341,0.07441148350643344,0.11952261458209831,-0.04176697890523823,0.014344963723841232,0.05453874149698328,0.053312299923265735,0.13111979000712534,-0.1691474144670042,-0.04581621783070705,-0.06713945763576563,-0.02407128704586346,-0.023389649475789396,-0.019102693355219736,0.04106327688223754,0.21726097895030994,-0.041972158085618355,0.09021384737817333,-0.11752937130887016,0.20199876504947142,-0.07497119240180099,0.1471916626869715,-0.14868032767838021,-0.14502207365961484,-0.017467883441207276,0.029750063239101725,-0.008721390187681553,-0.06805141470416366,0.0868265974236907,-0.0756039701832702,0.07616249134116199,0.03072205498450366,-0.0016990641482527297,0.03314056089902761,-0.004176811234133181,0.08960743812266389,0.01888442211991835,0.17954259014038673,-0.05675998759170625,-0.060738072227080636,-0.011721447125358664,-0.05617194372664396,-0.05704658780332563,0.09657989103162262,-0.15031672345069683,-0.08925113978968492,0.03055126690104553,0.14543925747928044,0.16244992700717562,0.1392512293926524,-0.11642940007792849,0.026262477596106913,-0.01555491929736575,-0.04805643164246247,-0.0016627744236652336,-0.09619707846031375,-0.07256766858889935,-0.14569374038140723,-0.07952554951596486,0.12539565673663136,0.12764713421019153,0.10220236854615473,0.016957082127473808,0.036444726252120446,0.1210195533836022,0.11564456438460766,0.03403797730373068,-0.05640804639218458,-0.04933349440541179,0.06502816945037881,-0.003052256689493729,-0.016765649260780224,-0.02443552302164189,-0.12236709957238048,0.0796517538130016,0.07254723001059679,0.05426034680562013,-0.046351017217378276,-0.0309099249449193,-0.06802543709490359,0.12302621502816075,-0.03321272091663812,-0.0772787343809003,0.005975858382280607,0.05460116600625372,0.11797699529444985,-0.10797313111139287,0.006853944005293714,-0.03526487256609469,0.1738926985525077,0.018364959219729207,-0.08898567174326792,-0.07162489749595105,-0.05020865584022663,-0.18117202449324804,-0.018335166709224804,-0.00959639718432773,0.10007008408511744,0.05970421682357433,-0.030018448290712114,0.0665868950440443,0.0982973281069192,-0.05691935052940451,-0.09162145835103837,-0.08815894130104086,0.07340979444445762,-0.008584085975872697,0.03708854073032325,0.01662818405570665,-0.08705652158071318,-0.002479769647323565,-0.02957307922992347,0.07535215855176888,0.0006933074470047327,-0.11871035586332886,0.016750952436628233
fl/fl023_H5.wav,-0.06365234931080659,-0.011646604899331435,-0.0014592266764798965,-0.035240148379597755,-0.004376238610519027,-0.012678827682440517,0.041920946764235315,-0.024440164131584913,0.0545647494157737,-0.03433353020710814,-0.018667514583369224,0.03683275703702671,-0.05794557030431537,-0.009229738026289354,0.06511673145379993,0.07736746674170951,0.022672448515172573,0.10617188452361838,0.0029716823758497665,0.15357303288931431,0.20483296135880952,-0.020922521524886443,0.018940253377666808,0.11329871106840443,-0.21487299903200888,0.11476413718768616,-0.17662141412569632,-0.22590238876741375,-0.05204478518132586,-0.11043048377960347,-0.021405277879253642,-0.13844889498183605,0.05347488042574208,0.07047016681898186,-0.03835293904677303,0.0045284716259164776,0.009023732144394812,-0.07187337421912235,0.004493000759091516,0.05513597398610923,-0.11281617430117653,0.1318770507011874,-0.04231506647278753,0.12001559804401407,0.15110225423028012,0.07229175038457257,0.06827393257939396,0.1048295969652733,0.05154644749580691,-0.048126307953385405,-0.07530677513921152,0.0035728721241783715,-0.05777408622383223,0.08913734170854785,0.1394042981441905,-0.06006602143137826,-0.09688555363171941,-0.1211011585479442,0.0658574440154786,-0.019209561201202346,-0.1021504732441268,0.017990854242822513,-0.14042454617800598,-0.13121269991651524,-0.02495015837723918,-0.056066241826294445,0.0049343312072206574,0.09855077143923653,0.07605414749680459,-0.055098230211950545,0.04589486525716989,0.003381541585027948,0.004779939554256301,0.09783518750570572,0.047547517067187656,0.03909807005164695,-0.004115716771424702,-0.1252067478668411,0.028293782627165025,0.11986842906189088,-0.05113469172506612,-0.07168144689900133,0.17830708007845542,0.0555195224370386,-0.00222663964203728,0.037965659864325485,-0.021843107339762403,-0.10652331097857368,0.006462006804923891,-0.09819531122913619,0.14927794239042838,0.007080710948581589,-0.08502308338658926,-0.02327853543167122,-0.07414958825862636,-0.02691537893503354,-0.0554724210744906,0.015332168306624205,0.1477272942912537,-0.05141691018679234,-0.08354937212369912,0.00010337119902317782,-0.1852102724002821,-0.022162683573822,0.03595558136596935,0.07837785401108284,0.013919838230419285,-0.01296263443256608,0.03865780908719893,0.11771040059871969,-0.021481449239967608,-0.13576973130780598,-0.0616328734553301,0.11320089529767208,0.08395669308579426,-0.07933621433326372,0.017318846561126512,0.039828717347502485,0.13572271398463243,0.0033707510630989063,-0.11202482384088659,0.016391812543757864,-0.012373608622431873,-0.1557310056216656,0.014847845905017393,0.050750085637087675,0.05852805043820822,0.05878773300952447,0.029746761284762183,0.06433613341481223,0.17654420407368715,-0.09627475085331726,-0.05018718163391588,-0.0631594808369568,0.07291831166588013,0.017277283907157395,-0.019834699144723644,-0.001320889546999622,-0.1367920111383248,0.01607044048499787,-0.03131222234635762,0.06031998047067805,-0.0352285929197065,-0.11892821688092456,0.005653434628706246
fl/fl024_C5.wav,-0.06441727476180666,0.008786943112784225,-0.028876512467298415,0.012019976616544852,-0.02707758811830249,0.020649795298306378,-0.03649389190216694,-0.06794161915231632,-0.016028403087922808,-0.04925930211969423,-0.014705111695096876,-0.08324754794342128,-0.061787713389092024,-0.13591206453952717,-0.09940881430200119,-0.1022881733426774,-0.03223137044481571,-0.1760824070470421,0.06867956307839665,0.09870018997487766,-0.0871075588440506,-0.07837879131559536,0.05438115735586154,-0.021414842597605527,-0.11510121072050872,0.05682543299129399,0.0002137270554185937,0.07270326166578299,-0.07515586525566836,-0.06955411126860749,0.00600077522737095,0.04468750101244963,-0.09195536967144498,0.03418317002202646,0.0971278839940004,-0.07419254130483213,-0.03773049962644637,0.1107191213633148,-0.05242240762020214,0.05460416309511981,0.02800186517900076,-0.03945317864682066,-0.061063529964845806,0.11726023058612617,0.09742284885770144,0.041293038303843496,-0.01593895515335182,-0.10009744112675623,-0.003994493040093844,0.12528889545906818,0.031186840574813864,0.006292457291156947,-0.046315275661751906,-0.1248893714356922,0.09704736222060935,-0.1093075313673447,-0.038379860251246914,-0.046596594238598334,-0.23789660356091832,0.12452096405560614,-0.12562132951212762,0.022628508266060072,0.12896379283081663,0.018882987344728472,0.0545871448572612,-0.13475849290528955,0.0408532796469033,-0.03535183206294316,0.028994420400955,0.07407897176425632,0.05420676836111152,0.05827078404652908,-0.17284132043499156,0.00524463261640339,-0.00905332886301502,0.024130291020345584,-0.07108945439816132,-0.025782751311925624,-0.0520948656186767,0.011512436259352367,-0.044326541840109174,-0.05989389949427285,-0.10115374826512186,0.058991469747667766,-0.03962318447815017,-0.07460283293646588,0.060653777190823405,0.012724808860315288,0.02318627837604937,-0.20208203072304806,-0.009728116550520194,-0.13611313444417292,-0.06177788813650971,0.0584655185667974,-0.023800000509550473,-0.1562986054939366,-0.09760764790108127,0.022168549646583827,0.08560811530334131,-0.08683257922561705,-0.049012325014538005,0.0808189287971892,-0.02466693943947794,-0.005719918527395354,0.17916394325574753,-0.19804601004651945,0.0003367953241173588,-0.03611569144055955,-0.12765121160205983,-0.19209337943515237,0.08703430222798807,-0.06356685467336126,-0.014549666237933166,0.1262167281376498,0.015551650717644982,0.15939113909029512,-0.009411574980068647,-0.002506094335254394,0.09118016339209861,0.013987230887270042,0.21084747768257261,0.0984189566950163,0.1373627992474108,-0.010887150092022818,-0.06524743733000476,-0.0343627293869844,-0.14970487418909792,0.08107884462701642,-0.011016956908607774,-0.010158610484964482,0.020367866409219938,-0.04661069870956686,-0.030241257217280198,0.014637326155609327,-0.1361937882597445,0.0068963438039805714,0.0552143776582633,0.09163894183867961,0.036302780988156286,0.032892719276441974,-0.06899919426942037,0.09529637442770512,0.010938566358895388,-0.07914672129062954,0.048916815981365235
fl/fl025_Cis5.wav,-0.07023454124154248,0.002084942931695491,-0.02114384573284519,0.005505669270596924,-0.0027577471367745323,0.008192817955881348,0.008423681771830062,-0.016182095723964493,-0.0189655428025517,0.011574133307277683,0.003933174437950049,-0.03208287057357903,0.0014342418135419718,0.011432098494179262,-0.008806033690691297,0.01728875248086785,-0.013154306814074024,-0.040514649339321834,0.0021205910695655185,0.03617598564228319,-0.09363754607727735,0.0025717886145478503,0.0060576015788565175,0.032102553102094006,0.07095041274548071,0.014193844254571411,0.08353391647983982,0.0525419043781815,-0.032103669423294144,-0.007051061771682382,0.045240278586443444,0.06245760980380622,0.04335384362649701,0.07731527272617882,3.1470111276493684e-06,-0.074218447236576,-0.07421047937635271,0.027312783886059684,0.0919387272220888,0.014912077874913072,0.038450722759749645,-0.09723575989629477,-0.0033737491079457935,-0.020610191624703317,-0.05272823635150457,0.05150712660455593,-0.023147115560272893,0.06610782324991506,-0.09977319335765637,-0.009048284458970435,0.05748830820054117,0.01794146394672467,0.10956936049510448,-0.050629357835036824,-0.03433874175558204,0.004636735993123718,0.046486994882076534,0.026841522555023353,0.07215242085960925,-0.14295644766776525,-0.13505674023383507,0.08645165214091098,0.042416759988441355,-0.15187981601843972,-0.1838011572994061,-0.014086710576621118,0.07427964781105417,0.043696647909379265,-0.22436036847390553,-0.04427208730595877,-0.1525343789658244,-0.15293897072587942,-0.0002384937108263819,-0.07814836722071776,0.08917714124398288,-0.17619925629929722,0.09984900657742168,-0.12892107340434528,0.08034662875967465,-0.14185712920049318,0.029554917805617184,-0.09141056876926473,0.05936049456434755,0.015905977823478308,-0.0575187161811907,0.04283073401890199,0.1428285808442844,0.06420133536775374,-0.16795409942236195,0.05624038649272001,-0.14227368843444796,0.07905953264255527,-0.03539598238533796,-0.030265635655725875,0.010089258290301953,0.11545807029426985,-0.03713287364284711,0.024098250771176687,0.21885280203300533,0.13847199830266746,-0.08601573213817384,-0.09312014976384901,0.1607642013295464,-0.03916766794564206,0.00707784865604108,0.07359759510931493,0.18113890235107727,-0.02071962067651152,-0.06140705544245847,0.0757116268598049,0.02009556554026527,0.05744563457351151,0.002757033882566831,0.25638214119527336,0.06578416845781858,0.06830616529197679,0.13294283794071712,-0.06378181623994718,0.06625813966517781,0.031162618752546827,0.11917953952749359,0.10903516527947901,0.08267330853002783,-0.135397475321695,-0.13030542439895282,-0.005945091180303043,-0.030881797608940297,0.0026754412540523492,0.13563724655289522,-0.0882161099578144,0.11733523535452957,-0.013260725201595937,0.0871921900519809,-0.018102499640640812,0.060707215505408016,-0.06271628877737742,-0.1069500406380802,-0.05676623937487986,-0.10385850768954637,0.03143859777085578,0.013194096098363183,-0.007403579307025599,-0.12254788503253004,-0.09837159817422261,-0.03670887432868925
fl/fl026_D5.wav,-0.06430890398300682,-0.008303924792631472,0.0069398611776805685,-0.008782371375828466,-5.6064945908269014e-05,-0.02057311238557792,0.013828093336322744,0.017716526047488364,-0.04653654542627075,0.07431175427271826,-0.027689849648457582,-0.02132949373495474,0.016691999168996552,0.10303492260091161,0.012615409724499111,-0.017145847031769215,-0.012307225750163901,-0.048184484700571135,0.006206745321323662,-0.02870181500836653,-0.07065302160032054,0.013912683201783103,0.04996110050088502,0.12165502115939658,0.20159638246879644,-0.026957877235644953,0.06654782164972753,-0.03646389561539134,0.044760423058187046,0.00555452198344434,-0.04402270715755158,0.0519509189338299,0.014732667407199494,0.041572503254730886,-0.13862525189304906,-0.025128603183563844,0.05545653216879942,0.006052635252312016,-0.00749073887193635,-0.16959417341746721,0.21366320116902865,0.03372118880584022,-0.040212620920814464,-0.04984452325245937,-0.06844204112972516,-0.0774079581878596,-0.07708331210312214,0.031559934283290784,-0.09246041007767879,-0.09312715707978703,0.1409275367443839,0.18103596220845758,0.04045460562139093,-0.006978217277064366,-0.038071774485733303,-0.09502041284266229,-0.010644886537482398,-0.027862646784843,0.0232797974274915,0.03119711433233506,0.05365820801672952,-0.08472038073367333,0.09415178437485364,0.054848027561526985,-0.0635406323756319,0.114026322975882,-0.141246930849884,-0.04658223628156388,0.06833495119136042,0.13789994356484966,-0.06245304895123113,0.160710679048029,0.17370242530449279,0.013680718718322604,0.03998019832996206,-0.05418965582844522,-0.003533373354452137,-0.019564909130191762,-0.1150952448516506,0.03464561111680838,0.024711723701464308,0.08451932136205981,0.08093936369741143,-0.014805828958360683,-0.09996402754640578,0.20564826351977483,-0.14482078551731348,-0.09337690300613748,0.054907730602435416,-0.13950026115316397,0.06616873996445914,-0.060553997843697846,0.03591486602527624,0.006632270245970878,-0.03766187342947864,-0.10256577217728341,-0.1582576563150551,-0.018333289652021308,-0.049713639156963,0.11758802955156039,0.2642047644167867,-0.11980544715334697,-0.003298857950801884,-0.0083398875084967,-0.026581193434671527,0.0261534347145982,-0.0009063127074945138,0.06289310887087964,0.054281217446842334,-0.11623133590916818,0.16233036972680856,-0.21162171024054546,-0.050980132634938974,0.15713415222104465,0.037866725822664045,0.030483984411202168,0.006667287799651048,0.09388357523855145,0.03316393205670019,-0.014284239184059046,-0.07410032956008186,0.11813727766791046,0.00864639215648802,0.024090943210327842,0.027773348233806866,0.05321002405562315,-0.09659379811862884,-0.014482053119879608,-0.008648539272740731,0.07762533588694406,0.1782729972569084,-0.09211404745327312,-0.07508362927489279,0.004892974818785941,0.013365494716077194,0.038199962405674054,-0.018979012478501676,0.06747335400318805,-0.09800909708441342,0.06143154550011361,-0.012579177650271384,0.06732441565177821,-0.019561360718609196,-0.12118441240417281,0.006898509564363286
fl/fl027_Dis5.wav,-0.09692357579174568,0.005430656690623406,-0.0010893565417708943,0.0026698884052970924,0.00014312117909674998,-0.0025765008209724313,-0.014286958458250953,0.014157212624873461,0.01953238084076565,-0.015749155273121897,-0.018286196155755455,0.01219965288322898,-0.0033396366533115403,-0.019734264378984307,0.0033393531073183007,-0.009564443620668828,0.0003442297240900064,-0.006113221188605698,-0.0018263583352571156,-0.005693588917220611,0.009293745313728917,0.012039730316120158,-0.005237062482461738,0.0030177989906111993,-0.02883293441477304,-0.004213951654225986,-0.007816675138389888,0.04100239351940797,-0.01698700105983314,0.04311324878609607,-0.016059106969307933,0.05141789623363101,-0.07000291996240951,-0.05466731013112188,0.00409372874918718,0.00996785237651325,-0.0052317818659568666,0.0012881785673020535,-0.06721956465047797,0.01257321565145944,0.03487232691904038,-0.01305197736353679,0.07648192609022829,0.10290530142437047,0.17356242012265208,0.0007266132045037829,-0.10321681080192538,0.09667054966869382,-0.01366780334642724,-0.04140264472818164,-0.048925917740584385,0.041790381684439715,0.05654939648117452,-0.004571207556646112,0.12654057961792922,-0.075972103320746,0.029343037781214443,-0.07850159718489207,0.028665484743259542,-0.10085766399644108,-0.035485311538375475,0.13781724940138407,-0.09317944411955528,-0.10193125487098223,0.008794093578985918,-0.010517430046986326,-0.03791592186805646,-0.06558711989797536,0.0005082872180384307,-0.048096319378607956,-0.07152501200904886,-0.04461360626398343,0.022446432920276302,-0.12900270859961255,-0.2707857465932009,-0.15516665973418597,-0.03212116937379614,0.01628490279837503,-0.026765539723843136,-0.15447371989073977,-0.01596366617593996,-0.12112669491074313,-0.04899676616375168,-0.0734614188285824,0.010777644017569768,0.15431813252900367,-0.13303300372942878,0.032901200702201386,0.013628541807678071,-0.07120583767073745,0.08397746480764351,0.2178613031825038,0.04934647148977857,0.012439368057767294,-0.07729513339806891,-0.13056928695055914,-0.11857786382603522,-0.017235168323193002,-0.1470957063075529,0.03457976425189506,0.11069761948374834,0.04444338203827222,-0.12308403155584621,-0.08450903141668173,0.09551799855447918,-0.09830863266246437,0.12980034110227415,-0.06188077086457384,0.15311650816266592,-0.003112348810019157,-0.029950236223349583,0.22027942806362624,0.029585079746184205,0.0011858100264967447,-0.10757322183095028,0.028249057597823885,-0.011709248441448203,-0.12076056362376997,-0.04560958722854409,-0.09867220719121686,0.09827629315017083,0.1820919129541894,-0.020858274324688664,0.07507314269067333,0.11145930494270381,0.09681880383935353,0.24584471218767875,-0.01944925539741299,-0.0714962440203199,0.020643311123610092,0.044220716258946205,-0.10491441701266087,-0.04388636594117757,-0.12247333949469758,-0.1687092695251476,-0.0344761320464938,0.11655648873995747,-0.11941269917380141,0.07902379349202072,-0.10908225225343067,0.11605723408904758,-0.03912272519725975,-0.09495646084082739,0.00015833394632013177,-0.11182885181444313
fl/fl028_E5.wav,-0.08674991394911992,0.0027912187392633986,0.0030155690851794165,0.0063130921443549405,-0.0057063390192145045,0.0014024252008663987,-0.008647187554855497,0.006807063958499655,0.016744190882388703,-0.017109836238723915,-0.011856324125921174,0.005140296886954759,-0.0025631222624175262,-0.01841842584369103,0.006049733995448996,-0.002895735016979616,0.0026903211467793455,0.02313038881007442,-0.006884413021341959,-0.04080304860020774,0.03325054414596679,-0.008343714198445963,-0.013857277474369253,-0.03930028890363578,-0.05940925617949557,0.022724012417858975,-0.024002249286805256,-0.022908851643191546,0.013826709436106156,0.012769713009198241,-0.01742609378616581,-0.00501856271662943,0.0005692337565412695,0.01371601761406318,-0.024493791813758284,-0.11167366865949174,0.043488045795228344,0.04504433602038256,0.06485705482480025,0.05037668178524724,-0.009004102942169573,0.06082458825455521,-0.03129679738015143,-0.07268068624541427,0.02460133024792731,0.09487961437917612,0.014390684885048705,-0.13442462618477755,-0.18428343456928148,0.07401179266211456,0.142094975440617,0.07301842408799286,0.059872325112678,-0.044415587663654235,0.053250409753428284,0.15332952342889594,0.05640880067325092,0.17184911413622408,0.07663545003550837,0.08444988001878392,0.05599953187671787,-0.06360240288783982,-0.035736005953171564,0.006097855670915794,0.14647672754304658,0.003836965791163327,0.10343579996113272,0.12950572247400527,-0.13332994555144814,-0.07002303181151548,0.20061959828680503,0.041238196833814404,0.04667510434469763,0.14769006863907683,0.06268373673099309,-0.04081252455495871,0.13730954351281882,-0.031445849755376544,-0.11601664522187084,-0.03839216647025208,-0.2223379904804165,-0.21825831281676394,-0.03196729392116961,0.08641832517833467,0.10903196347759557,-0.018445616040303675,0.1704970967678542,0.0414296284127179,0.18762452466201385,0.17575884233930705,0.064643691035993,-0.10457708891274992,0.17195368498848296,-0.03660446232862269,0.08273322162221522,-0.028726359444168008,-0.005571590739311643,-0.00587650668368693,-0.05741718750768215,0.030325231357050217,0.058812309195302295,-0.18658043173372152,0.012573130817606623,-0.0747961379646361,0.016719965593306546,0.04954459505733551,-0.07590979319265978,0.04458049582195912,0.12804961832663175,-0.041172440831722196,0.11208237760621605,-0.1037061806597328,0.025884340363190785,0.11612501627074846,0.043263444238325205,-0.0038495362430810906,-0.18847068546765006,0.0038634748403230737,0.15749681518142505,-0.12473692271811783,-0.0036766253608716964,0.05757459882407312,-0.020330060692463223,-0.057541057392195984,0.037911412254899426,-0.09582939713744121,0.07746300544916963,0.0015920538608287724,-0.04738006231553711,-0.04101792466162959,-0.05074683309752266,0.02653754798435029,-0.031235161371387644,-0.056002200292015455,-0.17125373198501806,-0.01945069190617556,0.032129900499093166,-0.10948457979848214,0.05461402473034966,-0.06138815866215946,0.11404516509515955,-0.04859818446285512,-0.13721653835805,-0.036155692149317506,-0.0937839318179939
fl/fl029_F5.wav,-0.0833500486980968,0.0026910011680351467,0.011751338149992113,-0.004192755085443049,0.007341043486895564,-0.013045144621182008,0.005048142406842773,-0.013028619048616925,-0.018368763461549913,0.013145029724763113,0.010336518985075187,-0.0273859076558196,0.020754358310107104,0.03719216201709445,-0.0037655302285426436,-0.0072551371133221555,-0.004747786709328561,-0.01972713214916763,0.018922155847159592,0.0028229348202669035,0.03008893081449244,0.0029280026644800767,-0.030111107815348766,-0.024387126683719805,0.02139196657910529,-0.08853873088601803,0.004323245074551799,0.04344990916611768,-0.059883092314358566,-0.03918666749645921,-0.0002565645050733407,-0.10366286508807628,-0.0014509370257416235,-0.1274486829602075,0.15137743946042817,0.11287150258639855,0.020098427470653,-0.12729173830992552,-0.08521262539930771,-0.06691569724199503,-0.003925800410838828,-0.07255930460507021,0.09193600347876972,-0.08418016056975933,-0.00943505103410822,-0.01902883739562428,0.022952681714764264,-0.14240580835131714,0.027889673601042643,0.08298336881401117,-0.2106418388560132,-0.01291205895395537,-0.010961762653132853,0.22748640100928713,-0.03249141108563845,-0.06587330262686882,-0.022096962397253277,-0.16539759446488206,-0.19995725597592123,-0.04964158819844287,-0.026934074676676897,-0.09676376909552223,0.020920494178561615,0.09722298353245812,-0.03505227579165012,0.12084156701379405,-0.03222207641360535,-0.19175015709155668,-0.034667278754745234,0.14280608144898213,0.11746747541668504,-0.13316898056398724,-0.013507424950606264,0.03387482650212893,0.02928144186753376,-0.09894867079748221,-0.013558853321830253,-0.19500302641571585,0.1364596985333238,-0.13332082652027927,-0.06636100437606196,0.009986138968927395,0.056854504603047085,-0.08517673600807264,-0.05804455554875758,0.03892746139628786,-0.10007742384916123,0.05390979418708913,-0.1428159863890896,-0.17000050433370834,-0.10885225901373907,0.0031372248932853156,-0.01037766831710396,-0.07610513059845139,0.010202320423448957,-0.018133031028263476,0.03265136095195993,0.12524444825608033,-0.05156619631988745,-0.014762644372084695,-0.09700484249634753,-0.06310921616304378,-0.05611720241750289,0.002929606205594737,-0.03270071899966122,0.16614660948293375,-0.12054000758482958,-0.0163930867879336,0.1073827750590507,0.019516200414766254,0.05904650385709032,-0.07229773312793847,0.04853037262791159,0.11859370069762687,0.0021077826765763946,0.03515966608344939,-0.2990552571823559,0.032451810341579276,-0.006350576569195635,0.039041144176255246,-0.0635061431868098,-0.012960975510231662,-0.04053502971207365,-0.1387952906934628,-0.07966150695826865,-0.08011490559249275,-0.048401636304487725,0.007865350195068678,-0.04779548253760416,-0.047328034674439474,-0.020259618260341006,0.13875167171008018,-0.051306082531545616,0.01638936925028558,-0.11758481893737718,-0.047492026155864495,-0.01586242138508157,-0.02549557403383169,0.050272942750015294,-0.02368345542655983,0.11184286226998534,-0.0436563793674948,-0.14987459392666783,-0.051328652590811916,-0.08559735838495713
fl/fl030_Fis5.wav,-0.08727851196294434,0.000982163613010175,-0.008177512160438388,0.01069596298307444,-0.0015355481938772887,0.01268579471072159,0.0025238463719184714,0.007241470712340889,0.010420790972983165,-0.0004576347241326247,0.0037490719353280647,-0.00547598643144416,0.0009728999609827024,-0.031002941116884602,-0.005967739598476154,0.03301494679843637,-0.027926014583225363,-0.02063141100850112,-0.003058406056186399,-0.058556448707744936,-0.024722988754596675,0.03175417707821418,0.04541872774009141,0.0002575257472378044,0.015343635405624452,0.022902693348608397,-0.0147742608353926,-0.011449493098676438,0.04386907129696434,-0.0012195659804024109,-0.03096009313512349,0.12362265026501794,0.015976976752510582,0.11670351174390105,-0.042939737775625895,-0.012468091335910446,-0.046157147545892174,0.06724025512873827,0.05812366588082277,-0.01705075767691495,-0.023047406453902956,-0.06248960635069036,-0.08155322040241308,0.09523227745223671,-0.12455282593678045,-0.07812122318157518,0.0102404083738026,0.23146891512326978,0.04579926176794391,-0.016519906159568176,-0.01220097406697249,-0.08756153210660296,-0.02062838247463803,-0.11003127828432635,-0.01696900963251892,-0.05904005101846255,0.07309304984777631,-0.09771985004551681,-0.047539497705436334,-0.24915515474978417,0.03733717377086737,0.1580648854904513,0.2193566283669811,-0.0272874735754694,-0.023786217860381577,-0.007774779308664617,0.15471028439498113,0.04665366698613416,-0.04136370874028088,-0.14181119142881,0.039618744199530515,-0.04676677127858497,-0.029403532983597803,-0.003349663061078933,0.07459441104676373,0.10966326874086707,-0.08834752957353348,0.11123123100793425,0.0027375966727348766,0.08155788570412278,0.09613951692419999,-0.023496543360619664,-0.03493627399800716,-0.12489860000782614,0.16747536520551082,-0.05039412562635877,-0.016135755162141607,-0.08317415224534301,0.11744252498408336,-0.06106475087146544,0.001280499244240535,0.07117738667093118,-0.17324638604443113,-0.01741508119001492,-0.08848819175177486,-0.0023986753047380988,-0.22822208509689437,-0.09348594420302725,0.019178948296899697,-0.03537830033260927,0.05066257843249208,0.2256287683994398,0.01736624486866971,0.07447406697711909,-0.21498985359574885,0.23338310321909161,-0.12868360391517264,0.012798511724293055,0.044548011576924576,-0.15569317247887107,-0.006313349071879169,-0.11856666123306402,0.11865641382041435,0.07259568571035407,0.03137542471414509,-0.10718209400674682,-0.08484901862099296,0.015134423846810106,0.09524689832106582,-0.03251716698459771,-0.024390730117381743,-0.062292983696057375,-0.021295074208545223,-0.04068917486180809,0.04431808219230171,-0.08460105638245428,-0.033957037915524575,-0.0048980873409282775,-0.05789665631514404,-0.010656643762803676,-0.09953779021273938,0.08327672350390303,-0.04782339905910725,-0.006551821376554325,-0.12890580508337524,-0.02188728697335208,-0.028484782415644193,-0.0030281453594743876,0.0711808543558688,-0.06981337594197266,0.07705731326734779,-0.06873636571219845,-0.13839436701465654,-0.03363633304932239,-0.09783539743946362
fl/fl031_G5.wav,-0.10163232108469317,0.001658881063847241,0.00020501360457901574,0.005606920864439979,-0.002054846506529862,0.0035168765198231216,-0.006082407008359205,-0.002183614190148779,0.0019444654220357347,0.007120726885422871,0.008034752691664093,-0.021922713971963336,0.003094699636759045,0.014941386532508994,0.0002838666720517027,0.007466045499208516,-0.0007899712363900568,-0.011307349244288528,0.014375562089608943,-0.0038065100972977193,-0.007238547355878512,0.009664206757818577,0.0007413141374486079,0.0034394295516525022,0.044822478621499816,-0.00783200788159744,0.012259930527236281,-0.014058228342867855,0.009519465367213351,0.010221558094107748,0.007830902592469761,-0.030003557113051284,-0.006265093746203824,-0.021816660245112945,0.02890138295465894,0.03905015107476839,0.013327173790482604,-0.047035031559458367,0.011053875815187908,-0.08285415866935977,0.07455736115830627,-0.09173061296707893,0.0347083398484518,0.02211568557711504,-0.11817457376216392,-0.22048184110124153,-0.04527182623700722,0.06136493651623632,-0.16572084618375288,0.0035038848538407885,-0.17196789489875433,-0.1448277039639373,-0.06567967335444941,0.0045130279384992394,-0.0010495221995076645,0.014804475809238915,-0.12892709405930938,-0.03456674110400474,-0.07485931198029656,0.1644070854843342,-0.048183317388242886,-0.18005952100451944,-0.019092810237287094,0.0023130357723895913,0.061995948342060694,-0.0019326358301995075,0.11759365425639161,-0.04957350742930716,-0.06747422756725588,-0.006930142454934347,0.06904985443760156,0.1290334451668878,-0.006412087792945224,0.11736882914413904,0.13245130827403068,-0.036736671530943836,-0.04745939674784812,-0.09608791768610604,-0.018297552499442447,0.04096760432777938,-0.0552845833432458,-0.04651357371164555,0.09122425896630615,0.026438885390466103,-0.13257216333357222,-0.0027075782058321035,0.04734362892011411,-0.016348853328626886,-0.06017908252989325,0.21992495375347854,0.009094512826805679,0.17335082001688568,-0.1090603098321333,0.01752987334996854,0.06923070786303555,-0.019142397367714795,0.0013185458229322405,-0.06820158031601137,0.04901985128197769,0.06092569644113046,-0.0683152402785093,0.07105584143948739,-0.0016429542058221738,0.05030296652102845,0.05519639347507626,-0.10569586594179642,0.04735685088399956,-0.09952488097267659,-0.1577839822539915,-0.06088022702042482,-0.0794149076112113,-0.00042878688794704967,-0.07260417022770925,0.20179229669613258,-0.058806627175265754,0.046854561910586914,0.342614400544596,0.016304286020655402,-0.037264108661024,-0.164077304158752,-0.20549925516805623,-0.08854494331168226,-0.06898093942420584,0.08263283980263855,0.15677412365407611,0.06058305189811421,-0.015770687356260714,0.06953287326428821,-0.04809315722595034,0.1374475980203189,-0.08391865550387514,-0.028042660592712987,-0.08962228554800111,-0.031995475094812716,-0.07348174302439434,0.04276173311030144,0.0925724811343588,-0.010789670490071481,0.11571755147617034,-0.12750211060260275,0.07717342665039177,-0.028986607778644403,-0.10489854979121445,0.02313097061976616,-0.12291178526898205
fl/fl032_Gis5.wav,-0.09362961311179037,-0.0030486314183620217,-0.008177210761645005,-0.0024389203406148243,0.0027251334404344383,0.0010191856519159203,0.006674402659134621,-0.009904143212316193,0.0019161955802069874,-0.006727894392453634,0.005972468325514553,-0.01418464235969873,-0.007260513596849268,-0.025410427602364654,-0.006831645477240073,0.009254608251346389,-0.010023141355708469,-0.010265088181744745,-0.011537688953943043,-0.011320475163302278,-0.008445713641650764,-0.011314955529949204,0.0034352922905998657,-0.0044179894410301245,-0.01637974974411404,-0.0025499562249451727,-0.0021727206420206827,0.03856378817206921,0.015144503749208501,-0.03378804678960666,0.009960916490688159,0.014171205329218773,-0.005569665674063921,0.01343769730238575,-0.04262972465946627,-0.03346946859656339,0.01037711975239497,0.007727528358436965,-0.0063345445731329275,-0.031222370074296457,-0.04806182152967393,0.059914629592028486,-0.10712241493391281,-0.1362135302392421,-0.00011853422875180569,0.062179031401097457,0.08702703459118877,-0.16954240766837947,0.0706417927814973,0.13961055779195206,0.09785949792320135,0.13317586309690146,-0.04452295629812733,0.14167184726190618,-0.024331498412256354,0.06548191362433826,0.020076259102424807,0.050907784693568374,0.06498602400797981,0.14661801201495794,0.1228133578645844,0.07533531947919814,0.018720178173920264,-0.042712373062283274,-0.10079400147125057,0.0144802089698329,-0.12533255376258534,0.06104321449755298,0.13515341312908094,0.009703479011542376,-0.307728764719886,0.020207733268871875,-0.05358778369436898,-0.053133223806480515,0.03749970137000293,0.08018330284471323,0.05430198458357242,0.10635909869884447,0.10994157678701394,0.06604377055702935,-0.010504180952581307,0.07128639309706342,0.010727105433494165,-0.10316036419407504,0.10863474462118536,-0.141540643329586,0.053435166406232644,0.07290934021571695,0.028460477294793892,-0.055355163548523725,-0.08633282060311692,-0.08874458696439787,-0.11716706646868459,-0.07347958067228534,0.018983593668934012,-0.15311255029682708,-0.08620567584659945,0.15632032904447363,0.10089065815241283,0.03788404664093094,-0.07296852918380993,0.06853194060072489,-0.05642171512474499,-0.14433293879444942,0.03225832303557642,-0.006310538033504981,0.26044963503026924,0.19274172074540682,0.17436424402032394,0.004314051513168896,-0.02123853980514128,-0.005749989312915663,-0.01992029034781787,0.15806604387482842,-0.12681970985548138,0.006528955053398712,0.10044358962151183,-0.10851810553600216,-0.0496616280958892,-0.03614693032118978,-0.044314626867049525,-0.12201488671652388,-0.1027666292219687,-0.056301278320344525,0.053413399801378235,0.1288434345663869,0.02615447968431457,0.0953039808631582,-0.0532060651019335,0.12640616280355557,-0.08268488484015996,0.1464531812119292,-0.12237506723923372,0.048383557904134615,0.005604604199124546,0.003376794111935563,0.009706073459707438,0.09233188527990599,0.10575539304126351,-0.09801105039094583,0.05287777859572233,-0.042397892420258224,-0.13296327064615823,-0.00562921543252316,-0.10827916812459043
fl/fl033_A6.wav,-0.14140226629131278,-0.0008282733342543187,-0.002248014604311529,-0.000999024033490789,0.0005904561229075861,-0.0009959013004594173,-7.313023150039684e-05,-0.003391258481185093,-0.0012900635521462464,0.002397384136345139,0.00016371037070846443,-0.0022315224784237317,-0.001293689433649636,-0.00314602888560059,-0.0015828147175390543,-0.005134985030952691,-0.003053200881461696,-0.0035950604798923244,-0.0005200908327864448,0.011280664898445057,0.002248031257175917,-0.0011125308361363256,-0.002846227806484098,-0.0032502800672125666,-0.0033650890839223534,-0.004023008734984622,-0.0010354562290140036,0.00280753775127034,0.006355298629776698,0.002037773023828564,-0.006996122914199291,-0.0008137945452810821,-0.005539963873449925,-0.0020819875481723205,0.005601713861299484,0.008581047423583558,-0.005805284971984997,0.007176260281017782,-0.008064514606606676,0.021393103818971252,-0.03253577500846959,0.003417923907237122,0.02001835112869869,0.016915629464142698,0.013993306238307995,0.021688093246418697,-0.024583465031307795,0.019139951050736667,0.0354631611235292,-0.04175074739540714,0.019147866383649417,-0.00855472505576807,0.0204422356382752,-0.04683114457040398,-0.010985275069020351,-0.030404096501773715,0.04871987645388737,-0.01774228335354753,0.027681539703167085,-0.02225599289308222,-0.03971423510836644,0.0266336749303578,0.0047209171359345325,-0.004534234854397582,-0.047357952559417535,-0.011223983689219189,0.002306133419042955,0.018757410797917762,0.012750326929363173,-0.007288740373409874,-0.02248172451295768,-0.015883789011474046,-0.0005544055431340872,-0.07176916117999577,-0.042518083916732285,0.007394030325978143,0.0005811085594830331,0.07864077726662361,-0.02484840274858966,-0.00858320097450575,0.05641839220181502,0.038956938188197704,-0.03769821195382447,0.03684986754918139,0.061450055120219074,0.04794201243253571,0.0076548665265716714,0.08385966126603162,-0.03158097031767741,-0.004667653279045003,0.0450817593286464,-0.1058227181228932,0.03561117945007659,-0.12952574766640562,0.10677943360936348,-0.23311816320238998,0.003390091391561177,0.25211294384152905,-0.24992174643866397,-0.14638187652551604,-0.163073414423819,-0.21437451594422544,0.010705095013239945,0.10382061523368916,-0.03396290178409157,0.164496733599756,-0.20301194605706313,-0.18982270030477677,0.08999686375106719,-0.053510497688128614,-0.06067392179242246,-0.10330243807114695,-0.04041992552380266,0.01010905867231237,-0.01871348280804959,-0.008459086945005329,0.318587764264451,-0.09275177174278804,-0.013574506793274769,-0.061258254939797974,0.019174230814125268,0.0708963904406894,0.0441176750979609,-0.09435786687218367,-0.021635449252734404,-0.1695408612394454,-0.09934004262490212,-0.11067953244113311,0.22323361792315297,0.03881316206989803,0.004762015011928594,-0.029022228160330902,0.08735146445352174,-0.09879611836274516,0.14577674217869843,0.2551705810645078,0.07366033318406905,0.08284546824760862,0.047647109943205736,-0.1541582009210015,0.09725331639066684,0.1706525877999947,0.014758984843413276,0.1452244486518953,-0.1619105246743388
fl/fl034_Ais6.wav,-0.12640610857327486,0.0003207131331446633,-0.0009506933758654645,0.0018021809637160926,-0.001327890431007876,0.0036474560436079583,-0.003990724805658192,0.0017751968176424205,0.0032679441806025694,0.0013996195804197083,0.0010630839632547878,-0.00057318123386213,0.00269827134301435,-0.0014824473412723763,0.002284005037383528,0.009972047455103546,8.674309935214827e-06,0.004489078864805034,-0.0026375248592371463,-0.021665360625452008,0.0012945872401737626,0.011519706178892832,0.0018188809505259654,-0.0005074192975735008,0.006137741581839877,0.0016686270766131106,-0.004246258556936725,-0.005619255888488727,0.013315369101821337,0.01256840273899921,0.0016577972787236558,0.007430889666786573,-0.0054254806894587365,-0.0026680293491117626,-0.01853071163898372,0.007920506548993844,0.008752493640387486,0.007961540229268073,-0.011440883793732884,-0.0059195461774859005,0.009495650980195742,0.016119356559135694,0.0031119490999410235,-0.0031747302595030585,0.013078381542504382,-0.015056163271464043,0.020576242664841947,0.010977371393465721,0.0006706424469216897,0.0009116383679614315,0.008661851481674874,0.013365222037884953,-0.0061617552489446545,0.023101815622720547,-0.010528731653843503,0.014264231586018264,-0.02910174158984823,0.04745305987827386,0.011132941293415344,0.027909008249258876,0.03391604599282235,-0.08105011924942039,-0.08974957917487092,-0.011645155869167628,0.05297789463109632,-0.02763552545363683,-0.05876585472121543,-0.04673976325822229,0.04895417874483546,-0.018440473962386544,0.048306687964905295,-0.10221462486116634,-0.01827933805203577,0.037560321030051975,-0.05207057844411124,-0.015441470162203125,-0.006322252953529058,0.012239320231577283,-0.041419761697296636,-0.07538233644111132,-0.09031152147580332,0.06016427357617485,-0.030832755230314455,0.015447627683793805,-0.09650962528287896,-0.12259368962204172,0.016271829620535708,-0.19416010609825218,0.08076832805449288,-0.08160818466857364,-0.11918479096580496,0.19694978377847638,-0.005486676252069729,0.060321945260288896,-0.13945033838923407,0.04468207910982973,-0.03673516008112041,-0.0910572296904661,0.3003094524432651,0.2543535366778533,-0.05191321599670844,0.13397611198840811,0.08762741983198653,-0.02107788275625693,-0.0990004844112031,-0.15637755433922196,-0.23881855987545492,0.1852664173189925,0.10079978406116541,0.04300148316997275,0.19100178494843362,0.06579600476294166,-0.08903657630952724,-0.12060475673634208,0.050313529706324245,0.06766760711285781,-0.09019163128393128,0.04189440423813913,0.010789119078493066,-0.04984891003038487,0.04734083976374244,0.15196024493760701,0.0012081552669358682,-0.030899094874481996,-0.07992153950272221,-0.09543936373861528,0.08986761572119599,-0.004423818082736827,0.2731294956922648,0.09330952770446478,-0.03043688762321041,0.051721342025316225,0.01015081152207245,-0.013709605714555402,0.179243973500081,0.26947606093307785,0.09238401192535889,0.1395137527884381,0.09428045832660444,-0.13293734420874853,0.062334698835732956,0.09340207636451149,-0.02761449138416347,0.10100726549402088,-0.14932123899551364
fl/fl035_H6.wav,-0.1666353908448101,0.0003693763848109425,-0.0002258702933696094,-0.0006079658316902833,-0.00285659782447003,-0.00171741073106918,0.00025229187868201775,0.0016323961999013589,0.0010724987078697366,-0.0027711795032893324,-0.001020558533153475,0.005185402331713614,-0.0025391088673299457,0.0006764477707427146,-8.629529369478476e-05,-0.0012916191753295087,0.0036789019008142826,0.0013645602897423004,0.0002676626408170558,0.0017683600155545612,-0.001391685442676538,-0.00010342631129035482,0.0008616295833972672,0.004960690750284574,-0.006539068737482806,0.004689593968238018,-0.002808400262221483,-0.0003494275131724067,-0.0009597692872951313,0.004408649265404425,0.007152688382545033,0.004543030572372708,-0.002446472557823612,-0.00046789851750780615,0.0009509965076437438,-0.00031674193743707127,-0.007868627951074406,-0.0013611214861336818,-0.007838774151971206,0.0007707397420371742,0.017926484539440415,0.00590769047723827,0.005183795829921567,-0.0026019548255358516,0.02348033843421618,0.003962191394924472,0.0011515795891052383,-0.005711442502085523,0.0077976488111874505,-0.002961500282888746,-0.01313951380454198,0.0056537343599555034,0.0034398549861824057,0.02009865837738463,-0.0077371822634217935,-0.022352755396511617,-0.0384511404211486,-0.009059000847550631,-0.010593795045457719,0.01469331083222035,0.0004655741804869863,-0.006227603593284857,-0.025557981785074204,0.00864149612973132,0.05450447853339871,-0.00857848892271403,-0.010010739226523402,-0.026762721296189118,0.020802451990824616,0.007122659491114146,-0.027066954007338308,0.06276969687669122,0.024150919557268113,0.0013511365911974271,-0.008164373659335117,-0.012864064601304476,0.031770498342329194,-0.03132744961827347,-0.014527547926599275,-0.0056608810156889705,-0.02440365374860798,-0.03430620933464133,-0.03741699417608357,0.004901754586785427,-0.011494921377560988,0.014350406461928037,-0.010059085506697232,-0.03935498922371006,-0.04792894332658251,-0.03880990412073251,-0.01819806428932058,0.0026327774604386345,-0.00883884288270742,0.10188728819158596,-0.03992000771717928,0.27396869593212453,0.07617584094279142,-0.17682233297323424,0.08885345718258068,-0.035031037143861445,0.09651713256814017,-0.0035710206305649833,0.007241683670723642,-0.18184241425638728,0.12890102423202424,0.06727017829670631,0.12104595104201356,0.03172051838342408,0.056331065366198585,-0.23001219883383686,-0.11434971263355677,-0.10930100361694628,0.13423082500695913,-0.038002045078725954,-0.15065861005520417,-0.08579451697681992,-0.1163218179591571,-0.28875615331840665,-0.05349711780631062,-0.1744257795420954,-0.13902248386375501,-0.1492631021718286,0.21105962229570158,-0.14754819812094072,-0.009542017363374157,0.05095254792083069,-0.16593820267983153,-0.015967889743274136,-0.2036055458521188,-0.20429644074036116,0.07645801594910825,-0.05284987857629307,0.2218443226745226,-0.09098908163826976,0.0712591316345293,0.1146103228941888,-0.05682862767604006,0.07698406335959208,-0.0336120796399903,-0.04585380000878051,0.08281363002959835,0.241008417082478,0.11226046336034651,0.20572033526702027,-0.18432667360768915
fl/fl036_C6.wav,-0.23613147708069956,0.000231645065028048,-0.00017604033169181825,0.0002091835179259797,0.00026615952914192686,0.0006406448113371929,-0.0005216120831301428,-0.000804757778574609,0.0006210616580948833,0.0005142057954774606,-0.0003677283868690484,-0.00033848471834344376,0.0002436379518265669,-0.0023540350743675303,0.0001757918476675436,-0.00038244897938583856,0.0004910713482772847,0.000954646030867333,-0.0008867007656788647,-0.0004430739902294284,6.048626962202458e-05,-0.00045685796582235587,-0.0002485031916749404,-0.0015897204009329494,-0.001119214817923063,-0.00013017846144213613,-4.022492819981058e-05,0.0005751024280249775,0.00010731527285467828,-0.0009722292556656326,-0.0014617573542323181,-0.0007693140893993006,-0.0010469274612439489,-0.0007629715342248461,-0.0009949280456518494,-0.0009058856751634741,0.002257486548306223,0.0007213839763321184,0.003195225156318343,-0.0005588358534071441,-0.0009245173471198742,0.001087064724201725,-0.001960057572291285,-0.001685744564555891,-0.0014306221892121107,0.00038600871095419154,-0.0010379381843098612,0.001090044813744983,-0.0020255612333721085,0.0021733601693624555,0.0007864753759288905,0.0012212169606595075,-0.0037759840113166,-0.001044688020388311,0.0020088902943457276,6.420181555083504e-05,0.0039835840172263715,0.00013039412098571346,-0.0019772723620520294,-0.0004243179862060825,0.003177752029548486,0.0019314531366546872,0.00571300946841817,0.0037352876925232197,-0.005621396459957517,-0.0013677248853851687,-0.001326910777992768,-0.0004234032119734277,0.001778041021266663,-0.0006882074887943389,0.002119719148025348,-0.006064508223716403,-0.005985601515974354,0.004542844693245507,-0.0027243176849084047,0.003503834613913334,-8.314467541499504e-05,0.004183956586284676,-0.004620349901503139,-0.00032850683431524114,-0.004114479984970774,-0.0005822658404467107,0.003272433710730973,0.004590514242340249,-0.0032348554128924234,-0.0006687963502149744,-0.0016309125316427142,-0.005031363233143141,0.001960179011592289,-0.003265907355811254,0.0012267823549587803,-0.0035695258361969698,-0.003876012136738688,0.0022498093837488853,0.0034526184852932892,-0.008109806049296342,-0.0009331720560261658,0.0161852844725229,-0.007128464747095331,0.015435850460582712,-0.011853723517837783,0.011283813155551069,0.003738296190094595,0.01860087188506107,-0.008169532084104814,-0.018432770205043778,-0.002884640493747457,-0.005371670447447345,-0.011200043228352462,0.01914858870547428,0.029416278682706822,0.015568998174514945,-0.015748197274945634,-0.020322657763812,0.04151006613618624,0.012977835960990888,0.02461237594155471,0.07369673041476141,0.010168089632956949,0.01277314661751468,0.014810597579888193,0.04573396641454447,-0.03887465410518747,0.05333264432047273,0.0117031613960588,-0.0446566403745053,0.09099068258741416,0.0526507261560865,0.12186300474633902,0.20344135218026252,-0.10934458293422754,0.0905964238865622,-0.17874621733466586,0.09317521982706198,-0.18472925560444023,-0.43457372062624716,-0.332822140939411,-0.09458911254712402,-0.25685593100019877,0.04634644893021003,0.03273243013965762,0.3929621936253752,0.24533908030852453,0.3450768447504955,-0.22164619599197116
altofl/altofl000_conc-G3_writ-C4.wav,-0.08269809916498237,0.0034762088458773002,0.005492033684320368,-0.14086533400774234,-0.027642619213794073,0.04766894774691291,0.05006765274576797,0.15517822443825866,-0.13694364420079697,-0.14173864864120891,-0.04899415684490806,-0.11441699014696913,-0.040190535270808965,0.03870490437154264,-0.12212507818508267,-0.08937224224421791,5.060174307325142e-05,0.017217730533088765,-0.16221827563106175,0.02714739999047349,0.08546731073941001,0.10591279180409735,-0.1340747843571006,-0.17089616538284763,0.2157977889491566,0.3426272094483839,-0.15167296703337435,0.12439698436935342,0.040146738459008666,-0.17667191915195007,-0.04716384508320234,-0.011791645226481368,0.049860219792018476,-0.005896121055570389,0.005659564057767347,0.09117971655425222,0.028874371073365025,-0.033335456884739115,0.03692564760923741,-0.002582633077155505,0.13378333228556205,0.03189276377153665,0.1116941888469893,0.11545441252238998,0.008846870391760367,0.12613548291100632,-0.049069443878613464,-0.020095559397431177,-0.13131292888797869,-0.027884712479560023,0.09572854974013993,0.04013867776823219,-0.17954674993103967,0.043538839476058584,-0.189728881980355,0.01745994097746502,0.04530868591319952,-0.12502777303669446,-0.07768452768780074,-0.010259036272019524,0.08781546897500564,0.06862469351838918,-0.014249125517350913,-0.12139911429898223,0.021172178307656483,0.007980685356568578,0.09651921907962192,0.005815995375398696,0.02935832343000835,0.0282135938695154,-0.036004071773277774,-0.05436729833784652,0.022950093221918738,-0.1298290286299919,-0.038073550465972085,0.10393275690013573,-0.04299571224365542,-0.027942975088823888,-0.07118983490995573,0.030267534814206114,-0.15411112929856663,-0.0002594023201697507,0.13090063863014895,0.16233544303887598,-0.008109543115896827,-0.07093953581194956,-0.007766658890048299,0.011194055091786358,-0.03328551181406314,-0.01693457503180385,-0.04239006172700929,0.046474808187358045,0.10333854439210577,-0.06828537046926818,0.10285815295361542,0.026968772191698524,0.051862056999702935,-0.035945792303714946,-0.05033949527978436,-0.04279259574479469,0.041296007283427326,0.15358635678414675,0.026629285001291636,0.034386024132770705,-0.04326719031780124,0.021495418450706565,0.04758535260805176,0.0014757913341164365,0.04259590542642696,-0.03808240114175002,-0.05623666934450596,-0.04583367441556165,-0.13837165045980115,0.0091334302152173,0.09871094833041719,0.05373453286519467,-0.02446460391664558,-0.05554482611174707,-0.025587346308462405,0.015724073984784228,0.019887162229471386,0.023322534548617074,-0.01056244612660958,-0.026886755947152775,0.03926226975226808,0.0385573242366561,-0.031206215686745416,0.015491300676258323,0.03948872051807054,-0.050671778188567634,-0.04378803722740373,-0.004045028879665606,-0.02849126981132993,-0.04972042754835483,0.012124067416037604,-0.039330813633720166,0.07416284473662438,0.06316072558868605,-0.09217129981723451,0.0075208522333611956,0.06461172367819967,-0.07128431126440038,-0.017438453960215896,0.0787732623004126,0.09994958658610514
altofl/altofl001_conc-Gis3_writ-Cis4.wav,-0.07668010073987247,0.11144336570965344,-0.11129912703507906,0.058134184972822314,-0.05890310840788961,0.05968995096859892,0.00033466952971732133,-0.06318722467832162,0.029101356711292416,0.03824272571423418,0.061268721506074965,0.21905740468392101,-0.03458276981376205,0.045630125888283024,0.10949970849961578,0.07245739954726947,-0.14721119166140784,-0.15157148185639924,-0.03489414807734074,0.08758657619221989,0.11998402411457645,-0.14027004242219168,0.07525320664311187,-0.2594692497630807,-0.06340528941808839,0.15994738200999153,0.0983911422919727,0.09086862244126435,0.20903614493467818,-0.07580258250611804,-0.10985071201915617,-0.10307814278968744,0.0635080226598199,0.08791903921459261,0.014159992716998762,0.08222654487990774,-0.06449724158244255,-0.10803718577334626,-0.13007723031703752,-0.2013255927381344,0.11910864071032318,-0.08873186099412532,0.03506602186321857,-0.08507216164927874,0.0077792640463470045,0.016267386281344245,-0.1090494658849151,0.09716923950716647,0.19378324981556577,0.1804688938765083,0.07088497443356284,0.053949464667286916,0.01879086575965631,-0.15967050491435214,0.06769696058029297,0.0315090540216526,-0.03016665021523685,0.1069398069144104,0.04328039229042012,0.05103607845214431,-0.12400183926179795,0.046673203669301826,-0.09982308854670484,0.14238621627071418,-0.07021669223408306,0.020424410248723695,-0.07296328142013511,-0.03694622930698603,-0.0654032568313508,-0.08299524605522789,0.03692697237437603,0.021675958507057558,0.1817543233468368,0.08458099508820202,0.005639618770990611,0.0731538441441348,-0.01474738491854551,-0.026381143603054907,0.048295842906833926,-0.071189735398384,0.05121323701573045,-0.08032224703410021,-0.0020586346024201903,-0.04088371962458151,0.02296818727244161,0.011563813999531762,0.04548189487487602,-0.02851676887491776,0.02770342805895472,-0.014942035050127908,0.02226807533310562,0.047025465929885664,0.0004235172299346876,-0.08735602189990435,-0.003171075241732324,0.04392171079332388,0.047196338736390786,0.06294116774403945,0.046795246807617714,-0.0007194472474284092,-0.0074168669512917375,0.04102140794627286,-0.06105522329245003,0.08590708621747475,-0.01522365282421101,-0.0013174940436269517,0.07250359494120628,-0.05487229529582677,0.007011691215945068,-0.052647178887334486,0.10184468843924735,-0.05971057101770352,-0.024542363183765677,-0.02439995997259077,0.08338374215548498,-0.008996203725747803,-0.02595463713896446,-0.03784806725516521,-0.17661559116736425,-0.03831413585508273,0.09620955611536328,-0.08050657341106561,-0.021022180705705336,0.029588453109406276,0.08833865562993981,-0.09296768229286588,-0.016628850725859956,0.13487704029459852,0.02504299162764251,-0.023929401999345037,0.0825484035236878,0.03244443390629536,-0.010169143047294478,-0.06524155352236563,0.018872366037153615,-0.020735161021430134,0.014666193506792735,0.004286485765912028,-0.04256139307363519,-0.04065330508795124,0.005521636210975587,-0.0521059329556233,-0.022151037331043948,0.05869487837980461,0.0961873623739541
altofl/altofl002_conc-A3_writ-D4.wav,-0.08306157505969068,-0.09933636680304972,0.051975848339857536,0.0805934312896893,0.07411442471505111,0.05811225593139203,-0.057202941545011245,-0.15623615201246888,0.056194297100407437,0.11182946076532553,-0.231094468055204,0.11358431202365203,0.01352082229862449,-0.14586987502620835,0.2169391713474736,0.19720506691955506,-0.03065276001505835,0.11363988334719159,0.2808039125477883,0.09532317643602223,-0.25131259847118476,0.10212496597139384,-0.1077463073874371,0.014049708317563511,0.026505125286734234,-0.13064341413650443,-0.12686234431831603,-0.017948965572266454,0.05379447045957719,0.032287276709580315,-0.008430076625102582,-0.0224781066630025,-0.1986246785718803,0.006063528048971548,-0.01027164848975113,0.005851695913848952,0.18773652583546288,-0.06358042944058066,0.0062022921408087656,0.14280479925859993,0.05030972755845323,-0.1159404724462491,-0.13991070414421833,-0.09720735199284347,-0.09208105768243705,0.11536784048408788,-0.0694818323340994,-0.028408846720525852,-0.003741132978885172,-0.14736053906294144,0.13414700507809416,-0.10040688360786357,-0.076355485989003,0.04309909281285531,0.02432370320177645,-0.0035133825627700205,-0.013716508077259559,-0.14822529865723852,-0.0843685047266276,0.03376356236748706,-0.0014305400723103046,0.08289117102396373,-0.08689187830503836,0.058869816469917145,0.02351389794590037,-0.0035753075325881314,-0.046939444572070534,-0.01136912086719738,-0.03812717369094368,0.025791354620587112,-0.015560674918821599,0.03302499611215137,-0.09297552713329826,-0.05264541013397014,0.007506012041198093,-0.008676599523468978,-0.03633606603761442,-0.02213493159104403,-0.004906685057915576,-0.016919404150317386,-0.005926583889803924,-0.04466637143844068,0.027685011528919074,0.03121635841441591,0.08644467391185501,-0.020967002105729264,0.11773883484836054,-0.09240208381706584,-0.008651374533227887,0.010565350207505222,0.005198804346479256,0.06384038811925725,0.07707321576116213,-0.09052683576496806,-0.016127897219984658,0.05992876812657316,0.02680729829832361,0.12242393828200117,-0.0140867999487879,0.0758061768896067,0.11054298913904083,0.05300689581895933,-0.039054618429573154,0.11021574126210147,0.04468509654113235,0.026668850355115598,0.00848410537903963,0.05269501936311678,-0.022023188991622287,-0.06829270918983801,-0.08829100979702541,-0.03135736052377512,-0.07955614618345792,-0.012510230407711022,0.08184926049698552,0.015595799282087937,-0.024190610407429255,-0.02876533527743203,-0.060396256612641835,0.022225614118053086,0.015844776052301654,0.02920942453018463,-0.016128663297075626,-0.01764267277102116,0.07268336194532489,0.013134775786484074,-0.047046256227361256,0.06589054859226112,0.04751998437381896,-0.08363134798811042,-0.016298971382797466,0.01903361141885488,-0.04080168543245047,-0.061348485625430785,0.018713421445811975,-0.046220348711974876,0.07640788954619393,0.058824724909508005,-0.11135191173686178,-0.02952886532521983,0.04128319689955359,-0.07823010983638064,-0.02196587118763091,0.08211217013482924,0.09872556002716511
altofl/altofl003_conc-Ais3_writ-Dis4.wav,-0.08325737061218443,0.030848123252781093,0.004223917398321964,0.13357531932633565,0.08454976468167298,0.001460991791097183,0.02787977768475005,-0.0110434577296212,0.11617509274625586,0.07425738510786094,0.03342231901596286,-0.04006470337492658,-0.008042438948521231,0.06288743929178606,-0.16951644618277276,-0.07504267520387756,0.02272698831166195,0.07721098481636712,0.03659176732454292,-0.09459300073052189,-0.021285421025781084,-0.1610559634691255,-0.027784401103297947,0.11243487308905147,0.02148798790265727,0.033076443301496915,-0.17125696362751264,0.16184016049030653,0.034490117328466116,-0.006879300060947446,0.06106662894205543,0.0748824562373688,0.04122416008558151,0.07057072905018148,-0.20486553582340036,0.1809634670269813,-0.20889496108729028,-0.09464228835843898,0.08743564336891062,0.012552850491576013,0.003973349542634015,-0.006601682238151963,0.036522440650448226,0.09559516892080952,0.07748559665760109,-0.039732238974583854,0.04433115332208631,-0.18068003779006653,0.03017339761390775,-0.0818168041307879,-0.07594465929318389,-0.03840839352947026,0.12406303881337452,0.07065580361775103,0.0791847835099514,0.06440816402680871,0.012177384213137344,0.02451291402085919,0.03447155404208065,-0.02316136469692519,0.00013441138144419662,-0.12475865803184917,0.030426217584388827,0.11192820478989339,-0.043731567692553014,-0.16191102100822535,-0.12804459311688365,0.0820276003689256,-0.07569822776877788,-0.1897103638588964,0.0958669443027502,0.0653220575668613,0.007347148141288944,-0.16468931906774753,0.10546465714747949,0.0023642006043078506,-0.08774651603149418,-0.07018505216502272,0.025067144518359223,0.007618098188268925,-0.05135139595526545,0.023820339609032955,-0.13333609116064982,-0.17238007332523164,-0.023921431828851085,0.08525605769232791,0.02902718216615146,0.009782153241356433,0.02309474478406904,-0.03362277314474059,0.04937967528892653,-0.06016187054173426,0.007351670300784941,-0.02709130039002503,-0.031353958299747665,-0.09209607037761468,0.10931085812976417,-0.06529714658713157,0.04806757025187834,0.12582627985621578,0.020825340782332745,0.023356971672224225,-0.031469534066419745,0.11655627490032154,0.05925051832562983,0.12471410767763581,0.05763168776071619,-0.010392469005651762,-0.026245068935708847,-0.08791974577167821,0.005747949050096429,0.00993211320842901,-0.07455823265199969,-0.05016677456013362,0.0039005958808111633,0.14645974693650432,-0.008080195711244104,0.007093802161227251,0.011915555446054561,0.03233035250661691,0.04703758465345821,-0.040287817202026316,-0.03079865891192797,-0.1941716810000417,0.1390983342629408,0.08086055000061028,0.022552737012476124,-0.04386320212537778,0.06602235526911075,-0.0952363309740488,-0.12047261483473612,-0.12301935562580062,-0.10702102667963481,-0.0028861005749866763,0.044679222791992816,0.002594864798718165,-0.010725830106142052,0.04050898149039873,-0.009085733851796323,0.08757092808029132,0.09798536701421658,-0.04571772590185114,-0.00645805734784959,0.06837939477753215,0.09821201722910945
altofl/altofl004_conc-H3_writ-E4.wav,-0.07526460983505687,0.006822445591187193,-0.06768597679293387,-0.21697004867364902,0.08406882713606267,-0.08763476495187257,-0.08328232812576224,0.006043599561349805,0.15788238465125892,0.02881957826799894,-0.03501345062133842,-0.087088808302703,-0.22059800835755042,0.08993581122295316,-0.007282077799377755,-0.009959634329649102,-0.079266135156308,0.12140356301919215,0.06960496403431263,-0.13298655638403725,-0.18144035810660844,0.016665593322565536,-0.1810774392488907,0.12732135176861825,0.0713661649612746,0.06410345256520812,0.018489104991864215,0.002392937515972758,-0.1891563101929565,0.2355114360799567,-0.1387455447567561,0.005611800797984175,0.10693837291152875,0.046088112349283894,0.0676810664242026,-0.06753697683943409,0.134799351852548,0.009994748753653464,-0.08898704182538635,0.03735337115632299,-0.13790499485348426,0.14025463706317443,0.09428113829235474,0.026910357198072523,-0.07107754474091903,-0.021735389230297678,0.006668027157639075,-0.01247354384398806,0.0166675294580688,0.09737028922096684,-0.010995150426853798,-0.0026322702194944442,-0.06069138730837205,-0.02082758522415332,-0.034989215332342366,-0.1635800048789339,0.04421092332449325,0.10667258948620623,-0.08972171407549187,-0.0003052905106897992,-0.08993692583226735,0.09209433911080318,-0.07099905688155084,-0.11053185819558034,0.021875549564052105,0.05619977386505827,-0.052358635121649,0.02252146965264092,-0.08172533010875072,-0.10112498550008761,-0.06497066529916362,0.021004703337752048,0.057604479277995904,0.23465728007261435,0.054544078608150984,-0.042062377881149624,-0.047545656620746,0.060684477232080695,0.054015455797896995,0.017576750869644813,-0.05010999794968091,0.08035888677027594,-0.1207019240962357,-0.10844676073259152,-0.0909196169019355,0.023774051920114874,-0.0533654941450073,-0.03740652561352949,-0.048414959426591006,-0.03127787860119908,0.09700511037531788,-0.1004058246504937,0.12429780432555505,-0.16754474187725127,0.05488295390874025,-0.007272621198630216,-0.012848060517254484,-0.17085607212475498,0.015747811857770216,0.010929286463003864,-0.13991194458112904,0.07985875265431688,0.007142375138200513,0.048526272866477704,0.02378880040385583,0.03587075423089971,0.08417813239370749,-0.06895947432208314,0.024119757188897237,-0.0432083711400878,0.10612019770823268,-0.00788129116615335,-0.08567529956468777,-0.003543275327966071,0.0634765477394417,-0.02309859128697705,-0.024967230894206913,-0.019561057275830303,-0.11498966050836884,-0.0535379118992186,0.08905661342206442,-0.072740498962554,-0.005350309881381412,0.017352340437784292,0.00985722099725381,-0.0575737850615012,0.01159369213642026,0.02884385094628312,-0.02148344307290394,0.07869401111081843,0.06800851406351001,0.03766107773583025,0.05596761798017668,-0.028316918897193413,-0.0023593539838807362,-0.004864180148282416,0.01022002940878768,-0.004387350348087107,-0.009971712822948233,0.0007302863872047138,0.024605741338960516,-0.03654798559344241,-0.0159069095084824,0.04986952257587784,0.09755599981331317
altofl/altofl005_conc-C4_writ-F4.wav,-0.07874619045876946,0.09185512117632987,0.04803768021583826,0.05637960880933769,-0.06501138812556473,-0.02685305501576066,0.15551703941838013,0.05214327764535515,-0.006828139881581175,0.060345206586111866,-0.019930379173834514,0.010447557976836365,0.22769723778438922,-0.0030794328597692567,-0.05644538113992063,0.21814201963355997,0.3088378344734501,-0.07765026862527627,-0.02161043882875809,0.07930081041530848,0.09497306257600165,0.26243794541730736,-0.020104282982976805,0.07016471817801165,-0.04467286117998762,0.08925406492364923,0.026190939191191046,0.1196901570566859,0.007208615098572842,0.0009978095103513852,0.10739625997716526,-0.0828197674915354,-0.029104352423677392,0.06538957851646435,-0.07770537030364338,-0.16045585247258248,0.16870083094268357,0.15878391892468752,-0.020769919446429717,-0.004328926985985124,-0.1827899617350369,-0.18191854120393575,-0.004911190095780503,-0.03198998294159404,0.06257631684196234,-0.1094734439642292,0.0805891142192216,-0.03650177474578307,-0.07869972894494812,-0.060418431359655446,-0.042887367459242,-0.01610724896729432,0.14783281513028948,0.024677869933662694,0.03101745263629078,-0.03418022166819756,-0.025628315167421117,-0.007549214496868434,0.022888675051622818,-0.026756268328671715,0.036063588389683335,-0.08699556068031972,0.12526058971573825,-0.029254626519770885,-0.02297010605584971,-0.07953602805504667,0.02344462224940596,0.010257783127978856,0.04713997574491325,0.07551625954033855,-0.025453387505994865,-0.0010045131544995506,0.14248402823992173,0.016913347789455295,-0.13069798791439874,0.0675131651802022,0.020819373313353734,-0.007847033172552767,0.07128447317649939,-0.013434813292706365,0.02421580963679143,-0.0812682696407658,-0.04830656833305204,-0.002097719699703529,-0.17643018022257306,-0.10888885261301534,0.002445381466195683,0.03145061997542116,-0.01532577593637676,-0.07819005917320394,0.07897308943785164,-0.059161887532534235,0.025854465649280907,-0.26673451754779964,0.04294109843829361,0.09750842327206033,-0.08868901036096016,-0.045079568665280116,0.018402666949451557,-0.009069493508327343,-0.06952667060285296,0.007587546734981225,-0.023487329918306012,0.08771131550674922,0.006909364451490138,-0.07501732151667512,0.06102991348953905,-0.05979651233753085,0.03393482573079781,-0.0330843254656528,0.11411343612459222,-0.041277552542373294,0.038631581222228345,-0.01858811657499946,0.01440576012802559,-0.07747680399461364,-0.017416932515055827,-0.010127915219318974,-0.1058369242022072,-0.06818492653600931,0.055798563294915574,-0.04212917058043504,-0.03187478267511039,0.0489021543205854,0.04001885371471567,-0.05229506869982696,0.011639100673508262,0.04651898641207192,0.02192423832333868,-0.06025900688659969,-0.0452152174642349,-0.08682954742175626,-0.04737640013215533,0.04924852511951719,0.011000815294922259,0.03276092831207055,-0.016571114143911707,0.03455842201730441,0.011581116608771409,0.09271854146903347,0.08318186194391558,-0.03440297106315306,-0.008196146151662653,0.05537787141914357,0.09856622269792567
altofl/altofl006_conc-Cis4_writ-Fis4.wav,-0.08013249908903493,-0.1605595837758377,0.022458216093947346,0.08876243168231504,-0.015676304211125185,0.05467575051854507,-0.1571368812109556,-0.10783904116521323,-0.1720492755932644,-0.028076499267060826,0.009704673398111967,0.05268405155490348,-0.20113028647052855,0.039409226627966094,-0.07599643488916882,-0.17798064294467375,-0.27079379780289364,0.10700433719693717,-0.12493514475084427,0.023046121253556887,0.14492470027556065,-0.09999248249991248,0.08132968200772486,0.04489443699381946,0.08531034580713104,-0.2403760275734336,-0.056744116010099314,-0.03817070961219084,-0.06836488907431067,-0.03335643778962849,-0.033129876716419655,0.15603502122256885,-0.09432514397170029,0.05319654494703868,-0.07553994507695719,0.04336407617857074,0.0025308879928699684,-0.04617404245239564,0.0728604017808632,0.17316660484003724,0.08891216435699137,0.03353521622599119,0.02884873137399792,-0.10483600818510162,-0.07966810587836574,-0.007713929954296685,-0.05877587986991664,0.013612896500058386,-0.002584441905280708,0.024193538948481294,-0.059391652394063674,-0.00483777836795439,0.14292247187921622,0.07022711073196694,0.080459167782838,-0.0016212909343226133,-0.05222683748644563,0.09119193815974089,0.040010096580878424,-0.08823421712253107,0.014885748386908516,-0.009381248990987412,0.007728618678090153,-0.12316931082374591,0.03410346769592714,0.07389086725005745,0.18885969741875056,-0.04972156155719264,0.17249336706444432,0.14254607457764124,-0.025828220923002406,-0.04082749367396058,-0.012594715206926666,0.12675835544072558,-0.13913328493102267,0.09860260096106631,0.10669457285476103,-0.019182710623020013,0.07912810499686705,0.06594127841348572,0.11005558260517066,-0.07405905314097935,-0.04435011261470867,0.07676652526018804,-0.11711961947912819,-0.08858716784801857,0.013952390352000368,-0.011181257070392532,-0.045389554654558746,0.013015283695441929,0.0749882580504478,0.030285758315483174,0.023546671933398943,-0.14589792277677757,0.010217557100247375,0.10026672507012795,-0.06292671376070189,0.0849523745957462,0.020951956443086908,-0.030221416401049306,-0.008670282011246228,-0.007186635777099451,-0.04727919712041301,0.02770160465510996,-0.07078533100901868,-0.07349056852589858,0.05195942088755937,-0.0705690819034707,-0.011425281227309028,-0.052230518192830304,0.12253184850089346,-0.03247232908533565,0.05430817246799535,-0.012437863232152688,-0.014725003996271975,0.0015020965818421973,-0.013639782140374155,-0.047014019146099775,-0.024576428844708988,-0.031087305649729946,0.04955568638273934,-0.041345870397948646,-0.07188194477060388,-0.03858726774158736,0.03755026520104639,0.000978823662901522,0.006239873049238603,0.024892670263716464,0.05183815070955817,-0.07083003571967379,-0.07946270834271303,-0.13535745053555345,-0.07727665493894517,0.039418883911514345,0.010201503944394102,0.02435270298604533,-0.012084562226096654,0.055874739835551204,0.006090183422454169,0.10661736579872237,0.10217841202001014,-0.039473228808916065,-0.005680753500279116,0.05830533049164395,0.09776959858588909
altofl/altofl007_conc-D4_writ-G4.wav,-0.07988612456293881,-0.01860769050842687,-0.047527494021080044,-0.044386541780717104,-0.08002626376004238,-0.014314356667347573,0.02681722422018457,0.006850696464389013,-0.048317852839967715,-0.07297798145022252,0.007937683692525972,-0.04565700614995336,0.047516839689341256,0.09557453175560693,0.16941629102231107,0.03481042124218219,0.015676605017144078,-0.09429977412897257,0.05371628429931896,-0.03179956264934848,-0.022070806339407553,-0.045165570184088774,0.11007778040945439,-0.06753279380219335,-0.11430150463026933,0.09744870925759141,0.1887308114317665,-0.1221193767671854,-0.09589958113047024,-0.012636803967278211,-0.08739586295642286,0.0064564419738143315,0.08425457805922076,-0.2377653260111299,0.13442045258474283,-0.08726490460516091,-0.039757220535480656,0.12792681738967224,0.0540953929262237,0.007732361055825775,-0.053379050031122525,0.05070070181164495,0.03951573417442654,-0.04386050503098834,0.04055728689787331,-0.21879428255334785,0.04323316222376243,0.08284151537407963,0.04994575232495008,0.021409222913159796,0.17748605499331682,0.045060596973023746,-0.19998784351464152,0.12629338892680717,-0.030020758021989488,0.024615769225635853,0.12296537047730488,0.022271324229873084,-0.054513141994619985,-0.06918469550936669,-0.1940110435113529,-0.04567920455999687,0.07032585744599792,-0.016238765720018943,0.10822957873295155,0.09338086630186418,-0.0696306946320546,0.018814186981406633,0.05458120733750521,-0.04917905092553272,-0.011435587198296255,-0.0045637128871400395,-0.11730378027226349,-0.1032374369092969,0.013958339239686125,-0.043970904506513,0.0791652966706841,-0.029515269214231567,-0.11899532731983722,0.1457937410216906,-0.027149435046248737,-0.05413404235559853,-0.09498517207840218,-0.1521738462976333,-0.015224776436630063,-0.13207456500142,-0.030845573607254366,-0.05754105949921415,-0.19255401667057873,0.07320786878204644,0.17326905491031303,0.0794496994873702,0.05160298374835406,-0.02474007135770778,-0.03636917493475992,0.0128489957385972,0.06183731835599063,0.12687550540630765,0.029554579214503426,0.05654084821133551,0.1447125021993797,-0.07131142954903236,0.0008388644755562072,-0.010927856417421986,-0.058982020969943254,0.026838114512190328,-0.01981376438826622,0.030216331858902358,-0.04868971945561375,-0.04616691586278367,-0.035068891426363706,0.05133965218342357,-0.03620502175511291,0.0019638404267300763,-0.01550541730814993,0.039083932470146965,-0.009027471843309823,0.005026739808889083,0.03350988114852912,0.009630003332856484,0.024115088750142996,-0.002401014185737016,-0.04702845002222702,-0.10644420661798157,0.07607895711277829,0.04553489899554363,-0.02148451645305234,-0.005070367873513178,0.059132590325287046,-0.13683221962953593,-0.08668751913577472,-0.13768828840319178,-0.185732838721307,-0.027531003465222116,0.08071804505648683,0.014279194011078921,-0.08041339422941184,0.015917623049511158,0.06419925340190116,0.10554581163134175,0.10787008745331916,-0.030011795442233234,0.005501568035606091,0.04745341572944103,0.09258408311125499
altofl/altofl008_conc-Dis4_writ-Gis4.wav,-0.0700480335145273,0.009697364493991195,-0.02036455011801513,-0.05679228989265135,0.019417302931949668,-0.07841865341977541,-0.06052368260994227,-0.10239055776250214,-0.016325919770430446,0.0016637156177323176,0.10009034080226376,0.04081906306530398,-0.03537595838132204,-0.07098650322466646,0.15274760066236617,-0.2104171545019669,0.0728197562624599,-0.1370838630191284,-0.07383047624296965,-0.07903052726110804,-0.04963510685941168,0.15502089621092385,-0.08894011418809154,0.08516576286473898,0.026685033417364397,-0.10514219988381111,-0.1596081153774524,0.053726480914886285,-0.1792094849151065,0.009223244929227454,-0.0903887683349349,-0.26066203320892894,0.05509497301070526,0.05114558950907247,-0.11054165995089253,0.1373277088186236,-0.12850917086700436,0.07462312602916808,-0.10204580479534564,-0.06988225717023913,-0.007157864754467037,-0.19176951564355071,-0.06490251002636625,0.026469594367354986,0.058266199336735686,0.11814646672078188,-0.07761194852634277,0.12981558792155323,-0.04845061926039941,0.021899613052918303,0.20813080567778453,0.016402818272267347,0.06279669829166502,0.09417600273804247,0.08150739856602797,0.16893905438486548,-0.20650093202732836,-0.08271015172051929,-0.06519480746796258,-0.0685759372575398,0.049801993608651285,-0.09903784079071036,0.09334364595977618,0.062483544453700406,-0.13077606364138522,-0.09022511827443805,0.08769402922560646,0.0019524258006156578,0.031305548544582715,0.024543304650931547,-0.0625984375780933,0.02048009074481402,0.05290749821498778,0.1228458755147416,-0.007533038464385404,-0.06594169049235271,0.010964267140714891,0.014394926745956452,-0.04400573798122562,-0.007037180427928049,0.04055153210305237,0.01744774725126338,-0.15897435987709846,0.03181976412005654,0.1165231745463297,-0.1517902725784624,-0.053491685196533675,-0.04046886467543222,-0.06463032661008473,0.012834876352388974,0.08752165609017608,0.06549724599602065,0.07362658668028549,0.08890511968742462,0.07681330197209245,-0.061833820658154834,0.11054892062441324,-0.015778459289738193,0.05820692731040168,-0.06871915968505608,0.023708725213953903,0.008024624591966244,0.013698762738470325,-0.0008844859619019582,-0.049172249493217544,0.05063337685302348,0.020010335573505497,-0.009386720686606655,0.019757573030067428,-0.006606907216399276,-0.007335231006373826,0.09109337375380974,-0.14761288808668194,0.03191478338046685,-0.011177032953064617,-0.031941196866400554,-0.018854419224643,-0.06310634372319801,0.06752119976554505,0.016289892348366905,-0.03903943781206221,0.0043822918245163545,-0.015078454107975757,0.056562501375170327,-0.07476790025085198,-0.03691366248025632,-0.0028176294234240756,-0.0371491959649832,-0.0530763572971405,0.05888778915054216,0.06985501132007842,0.027138772036992123,-0.04885821596115499,-0.06907242914241714,0.05777189222508784,0.019572738291016887,-0.12054018609248861,-0.07493503345541186,0.13733152685842198,0.027733777884756654,0.028991741560198302,0.005068479548654067,0.010840502846830212,0.007722950870578172,0.08529030924101276
altofl/altofl009_conc-E4_writ-A4.wav,-0.07302855667966426,0.08152960832160913,-0.05169373202845316,0.05535932503745959,0.021258723569833826,0.16239037999457126,-0.15164837809427226,0.4481473481683167,0.11861052678061312,0.18204290757534541,-0.18584332841986342,-0.1229835263416161,-0.0523369297149325,-0.16998247299687758,-0.0522211449525159,-8.948342956342e-05,-0.19946942543879356,0.02357942494449361,0.03502254075650234,0.07810218587293738,0.05605852003184247,-0.006366750497412768,-0.07576295073623954,0.033306779020934055,-0.051290652716643285,-0.07639534703986786,0.06231744773013653,0.08093644410113301,-0.1004662443697375,-0.17632875451191266,-0.013904252180579807,0.019812952627929564,-0.027161718773609,0.04999014824353658,0.06474826718375203,-0.016212591229967016,0.005870582513854899,-0.05616943882623854,-0.01137502680569942,0.03425281293532932,0.03426954637328109,-0.0014427316560826926,-0.0804322367505616,-0.02479486961165968,0.014212291851037603,0.041218545094354436,0.14268245882182218,0.06493789134538223,-0.0843887102204123,-0.15198538585692606,-0.10285526947493229,0.03535234620306867,-0.069544306839083,-0.05037101405050437,-0.07472353139728058,0.1744649895070467,0.022582616832308937,-0.020060892688572796,0.08640446360737165,-0.03551459567003949,-0.08210820436794948,-0.06600638163001174,0.06259654787809474,0.03804166518284405,0.06535681903520055,0.12135606108758518,-0.1786726024692341,-0.005090157271794252,-0.06161105303604827,0.04187164779387913,-0.04983418754338213,0.06977249163159199,0.07124358116290445,-0.03755287871118067,0.014992103735989188,-0.012650283422376514,-0.09160781125875885,-0.0775588769954278,-0.06654801601608731,-0.14935687808401393,0.11750238914879152,-0.04198357062834439,-0.008412911845039008,-0.05004399561746767,0.06316425152972054,-0.16033351774314636,-0.0006911380680974626,-0.06986092421496608,0.012671037539417312,0.01086640887051113,0.06661995811599218,-0.01295044250423347,-0.026590732367777162,0.10789453323701248,0.034568133840187795,-0.009729919913836774,-0.016776612559386245,-0.012473001954085074,-0.030813326355127516,-0.10651739483406025,-0.06412246188658498,0.046196943431133335,0.020185507954067865,-0.10400672972630001,0.012838175475523133,-0.0249902681591147,-0.022325452657945825,-0.037293721583039424,0.06254202542725706,0.09354256322670534,0.0936636508844093,-0.014110275364601892,0.00667850663380077,0.03962544737901731,0.0017105732622382623,-0.03847824556270124,0.028863154039316122,0.03336184318441985,-0.028842290066087295,-0.030841290166746114,0.017798875619613328,-0.07082202086106755,0.08071968149166683,0.05423565901786727,-0.02536856606520609,-0.0619537940054844,0.03371157800173103,0.011531047662230369,-0.03152260339636085,0.004423365474456848,0.04110480464340132,-0.04426135051141854,-0.08447020287622481,-0.03803987367941405,0.06980151074442092,0.027100328139424153,-0.10174000899981553,-0.0382177646995874,0.09998824750088296,0.06948511134458289,0.06088542956547146,-0.010700593401655039,0.0001729609738434088,0.027726824175347182,0.09208794023748765
altofl/altofl010_conc-F4_writ-B4.wav,-0.07299264460403629,-0.006032102132495439,0.15937101259649977,-0.06456385573896856,-0.10304552633036271,-0.062097049283953994,0.14752201100775256,-0.28855341246133775,-0.15881843872856452,-0.1568483725876247,0.06779624253482802,-0.029058939461688024,-0.125817559942844,0.020065158163526414,-0.11624554596744793,-0.027420186200486505,0.1550693290358425,0.21710649675721796,0.014299700657101906,-0.02880784726591256,0.033340215427977556,-0.014697629812089625,0.2704148298589453,-0.04940136687279188,0.1981023752905007,-0.01748044212465114,-0.12783154723180634,0.03952378918367896,0.0795694803511005,0.07121249474277996,-0.03868142095995984,0.08783897251621924,-0.007871588524986487,-0.0806519894878827,-0.07052607043002536,-0.03664117067599152,0.09262338501725872,0.01620010041977661,-0.0514582707563751,0.03589023000000228,-0.031632671589255625,-0.061115294404804565,-0.12342380032507412,-0.028185835947854156,-0.010654597653535887,0.09305428621218689,-0.008603025633508316,-0.042355635742564374,0.005380763510841727,-0.11551910257731723,-0.11203171397786257,-0.026907501483781855,-0.04948526581301167,-0.17980289881048334,-0.028810009976271013,0.06641566526997851,0.020281346703392586,-0.10267803912018389,-0.007414523597375728,0.11250269774588835,-0.09742966810521697,0.1085971298544345,-0.06072841524380583,0.1349830551572975,0.082863060747301,0.018666053543619027,-0.19487603757119315,-0.010881111086160009,-0.14912253696151334,-0.06437233724634173,-0.050831948725777135,-0.07492914248677515,0.035964498326911856,0.03390805141015173,0.0749381263833874,-0.0945732282856098,-0.03873031849385901,-0.030722938498487565,-0.10935235758385888,-0.032930868500665206,-0.03475539737713664,-0.04041996843904246,0.07677480810871011,-0.1049461793424094,0.070582822253734,-0.1203759835754907,-0.06496024671817954,0.036569970574048836,-0.07338839221115025,-0.025551452223882123,0.07242889449689147,0.005118483955578701,-0.07398271831807524,0.06105702309283676,0.02570766163031391,-0.023914766225483386,-0.013106904005913763,-0.005313356105394056,0.047644160761738705,-0.1352556961184329,-0.004760119857816026,-0.00440003434191779,0.026107360612819895,-0.09874677750767058,-0.05093358338402629,-0.04809418846300538,-0.01771298429280598,-0.0284382223038118,0.05831864004284308,0.1047805468676128,0.11905976195798901,-0.02748940215077305,0.058800578796505784,0.023819119041816203,0.028280907250009948,-0.002218172274389394,0.04623890044317634,-0.015491205471935368,-0.040929248313025565,-0.0024762130657338746,-0.010773669006415833,-0.0740676939857502,0.09186705654516483,0.08218750161404459,-0.02242570274673488,-0.08736981242716844,0.05313709355952377,0.016030499674691796,-0.03545408586463468,-0.012098516104534187,0.024871026165133394,-0.05131729029735467,-0.0810849339223341,-0.017324077543976968,0.060292313656659505,0.03741738454960335,-0.10117093256913799,-0.04131254383783282,0.10128225187014318,0.07134536076000948,0.05227419861821801,-0.004125399280902842,0.0003251235127200097,0.025270942829467225,0.09168908321886628
altofl/altofl011_conc-Fis4_writ-H4.wav,-0.07704789130480041,0.029015345687938024,0.016399833403883235,0.13478953086496795,0.11169789120502234,-0.020937631357784064,0.10217655068689627,0.06395027973449643,0.2159219960975653,0.04163048334553161,0.07916782279595438,0.008541367822825255,0.1393214366563427,-0.12822516831584913,-0.07220777437393186,-0.1034208021800582,-0.020371221271821865,0.00604635772509323,0.04211602636016641,-0.019041211866185837,-0.2323303604156768,-0.028068986621875836,-0.23108891195453865,0.027971122758796214,0.0497954870611092,0.05597630064797523,-0.1414673595871836,-0.13036213773967933,0.12042998150378383,0.022919244989247925,-0.06089476022246099,-0.06813383007868647,0.03327932848807237,0.07480552625009998,0.16913867118577885,0.05170620273659708,-0.06958659548749478,-0.010974426403399639,0.06400767729615751,-0.27455080703269347,-0.05267247855950037,0.08753570817792711,-0.03855378123796921,0.12816161401587067,0.060045582230430335,0.10299367326016992,-0.018671472485434402,-0.01735903903620782,-0.0015954292259862807,0.05077305017593185,-0.028431019484366615,-0.07090287884992288,0.05614608508314769,-0.061242208188187944,-0.0502180573487162,-0.13243074521283157,-0.06042015049779316,0.1235045191761998,0.043750424430822256,0.12337472167456748,0.06363319565117356,0.1371055516386075,-0.025541344488187116,-0.043040426811836334,-0.024382141265906293,-0.00010791680914717591,0.0809288574970068,-0.1107591293184502,0.05585225386425133,0.10503788267660016,0.059422373028949975,-0.08161186787348076,-0.04498659909824568,0.12425818970659833,-0.029405875941282224,-0.0781509474984842,0.11315854869273168,0.1453244931640545,-0.0595897585632112,0.011937361781526594,-0.022832025182305885,-0.05008372998100977,0.1921528920924635,-0.03984724103238273,0.02652524204793153,-0.05481534328340028,-0.06151376228316258,0.07422140614765316,-0.10899224057707158,0.012278176024635108,0.02763436178257371,0.03760126088372644,-0.10026540551842207,-0.018923936361190434,-0.04608657144623085,0.092183771335848,-0.10006656679351893,0.12078391157430739,0.002618082111170608,-0.060106131754985345,0.1190728768274809,-0.10822536539849639,0.04536740239936684,-0.057853762537374724,-0.09216479896213178,-0.08284293849983738,-0.043043644800361,0.020101287956850015,-0.022019483805656728,0.02855958467648924,0.044672002065085745,-0.009828204216685808,0.14331311044434247,-0.02926081471985629,-0.004783610606619134,0.09689845286393903,0.042172881290097275,0.010707598652629394,-0.015114218647163396,0.016530085383855163,-0.009423124303103776,-0.05849555515238693,0.03405472332053769,-0.03695482625063387,0.04118404038678436,-0.011481940962167763,0.047666782575345824,-0.007616289206153155,0.016004678587544546,-0.08377890692936052,-0.0614335641842445,-0.11144214946948816,-0.12467082358043462,0.0007435905955657594,0.05963638031969885,0.032888173332325375,-0.0738103226392455,0.0012109841238855635,0.06571651568125861,0.09841636201673591,0.08491013887569707,-0.021247171698058183,-0.0008297742746870798,0.042028017830020824,0.0943227344179146
altofl/altofl012_conc-G4_writ-C5.wav,-0.06856590134829663,0.02427854564439417,-0.09130939484727407,0.062426754596580224,-0.09573110892012594,0.1684441563006809,-0.17470383560640293,0.12213079120278547,-0.004505389729860447,0.0629796319096795,0.10213717980931308,0.017544042335958895,-0.10022144153314799,0.21600259673604602,-0.03174134993538057,0.1699971878260252,-0.07971427129455715,0.10083417730903693,-0.09107952365845239,0.021916406978134247,0.04741513513922752,0.15921685319719722,0.029745923557476024,0.04198586753498594,-0.08517959145148271,0.018154924125217003,-0.044555712668205405,0.12647858182582966,0.15792528255731642,0.024637100772327655,0.29553361566587494,0.004914661475307051,-0.08115496453824851,0.074695380548852,0.04222553246967739,-0.17435087912352373,0.04135804604267068,0.03904268018747282,0.00012196987771036574,0.0766766990009118,0.06961128747680122,0.08871560962741037,0.07199013770296647,0.09176626873540117,-0.03236094465951764,-0.12779100869976182,-0.08473748785823373,-0.14921995400797017,0.09055724835294766,0.08541733773201224,-0.015110980300360496,-0.05726495752332603,-0.028038345050672223,0.08797702392859448,0.06699989338424618,-0.20790686013668513,0.05518285370843986,-0.011822340722609296,-0.009105100522800565,0.023359678900110446,0.08782801105627265,-0.009793748038492204,-0.04019939853531687,0.10737849080287629,-0.10222749867466416,-0.1418168229879044,-0.005452610383893587,-0.0384937150671801,-0.08034172183486143,-0.0646286815556173,0.033055213888632355,0.01953893054352558,-0.07208455873148809,0.08562483340896279,-0.004128330821040093,-0.14585382756158788,0.040477820296079985,0.0339671965958393,0.005951984349482221,0.05691734613709651,-0.0018915721605049125,0.08655940029879675,0.023043189746776715,0.08475382296094006,0.23627277835059785,-0.061109202770757536,-0.04912199659744369,0.025481493735411656,-0.09287062589399578,-0.004573668298215795,0.06538078290077268,0.06365934435101536,0.016827147728064165,0.030386877845099577,0.009405091152099358,0.027299643189441523,0.0064643309491450055,0.06811784448517678,0.021218699746506704,-0.013210685582444794,0.15326034319511048,-0.0033522200321690065,0.08414472397549502,-0.013658558096575873,-0.08622655259712034,-0.043207345561902075,-0.002379767588974298,-0.04380410166478921,-0.01634650810560423,-0.01180641148133807,0.02693191238298956,-0.017331350417566282,-0.165403355660791,0.042534857127857,0.03964978478523729,0.014595778556790208,-0.01345912983559585,-0.16135399092071262,0.06383414994170375,0.12303024618666145,-0.0926277945717814,0.038417104562876135,0.0061477370041692235,0.043750804898058104,-0.05108492444109647,-0.013877002847651712,0.00910635263202233,-0.00841746371174288,-0.029671677713127745,0.056734890931112975,0.05412499875795164,0.010548652567933619,0.0018156255172836438,-0.014929316028498571,0.015185227036298897,0.029496036818773195,-0.1089135136498803,-0.07396332240055095,0.14761873824225213,0.03407100701770532,0.00338908021554318,0.029510427432082622,0.009270350780935646,-0.006055686398477561,0.08234049982761564
altofl/altofl013_conc-Gis4_writ-Cis5.wav,-0.07037534229191003,0.013876903438526343,0.019684191499635968,-0.0764621686932497,0.10733964800855965,-0.14485793360798907,0.10456111646819002,0.030584217144661273,0.03743952511270687,0.05605966619769287,0.00014596367213241986,0.0058189668047060675,0.03820781769793467,-0.2741606381973003,0.11133529118384392,-0.21242079744023867,0.2171611700566351,-0.23629471902793292,0.13352016814631024,0.04496014355995963,0.15988565365969246,0.04307611181769461,-0.037459830342182455,-0.010618399398208751,0.1721309059905684,0.019972222918601786,-0.02099374808432919,-0.08452170707982587,-0.024059050599637963,0.03830549753398383,-0.06702799268834167,0.2321249323057659,0.023513836988607702,0.016915698117073205,-0.012881580623649183,-0.11861183226735701,0.02036539611574794,-0.04402322368016014,0.08963898788092634,0.05307641303802642,0.07589713570280833,-0.004118075142748093,0.09118048016776592,-0.040207285081947916,0.02113459473403337,-0.1307669116975594,0.014106187895737596,-0.1437099145564388,0.18596791735207513,-0.0851768390086043,-0.10130490970453719,0.11225175123677011,-0.09847723570231014,0.02245311225766184,0.05319559093165755,0.025122499926699793,0.021950564928299054,0.025845242123373965,0.06704644681877929,-0.058608470619503646,0.04321048876200487,-0.015755011079562474,-0.15365473612291786,0.011070610320911799,-0.03655803604693039,0.07384082781869351,0.026507023280587877,-0.04075110490486411,-0.03083388474304001,-0.078559149574123,0.09963051994639123,0.06191087285665096,-0.0883820016129907,0.047698662638708436,-0.010625987773959698,0.0066865206922584325,0.031621705253325354,-0.019824175181263587,0.025862107279841003,-0.006444444894241938,0.18055318759381422,-0.022279313455340607,0.0775048355695438,0.08104860311422432,0.038228409319579944,-0.04986574056063715,0.08660815725855947,0.03052816437483604,0.005448128029540197,0.007700973544856188,-0.01900695942752799,0.0029303782207523678,-0.05654953830936183,0.06870420970312766,-0.09835623795710535,-0.0019283942229925428,-0.01213464867083952,0.0015204306237503358,-0.10357089001372728,0.0824995372381701,0.009716194687373489,0.008802427599734423,0.027468350148646004,-0.06502150088832293,-0.04646887452944854,0.030509240179266896,0.03003082148347725,-0.08764754068092087,-0.05807909576120725,-0.042800722557310565,0.04828785957188156,-0.03216447813878888,-0.18477107370516802,0.01400126203134959,0.13320637765989576,0.013074627420834997,-0.05558906960124174,-0.22586242045102367,-0.04736267308220412,0.07328118884538368,0.013732014855684212,-0.0612263611903012,-0.10491595216727784,-0.05473392242112546,-0.016461798348728927,-0.015087803403091612,0.03899592139259704,0.028605982023076557,0.009677585057232256,0.12666390878017988,0.03732538750305564,-0.034130264817013284,0.11665970420981094,0.05980609202880789,-0.08769681928204034,0.043402255327233366,-0.03555201061124188,-0.02135676356884497,0.08175675550791218,0.03788870028835303,-0.00962831734473201,0.021828000899990155,-0.004299480896269313,0.009576974221741247,0.08800253228323847
altofl/altofl014_conc-A4_writ-D5.wav,-0.0690618430056408,0.032224542158078795,0.06777860574340086,-0.006873667619355959,-0.075768009314037,0.12373958120459652,-0.02925639778970702,-0.10811905579199715,0.054917924397938814,-0.0007204378300220832,-0.038890840777174474,-0.01809079555973916,-0.09757862457211666,-0.040996155843027696,-0.09877672622902949,-0.0018622032349874737,-0.053137560503100575,0.11582014084368995,-0.061722812067103276,0.030120847628107485,-0.001984693346393042,0.14784664673066275,-0.03947333372603685,-0.016232061536567956,0.027935093291619126,-0.006102757935939467,-0.0010105286973455252,0.026343951981876085,0.11697588129111128,0.07489010829242342,0.15201042472190435,-0.06657045852751234,0.01852699472417653,-0.016075115068642537,-0.049420691089753103,0.12334593672003262,-0.02774541066303267,0.058816314434741196,-0.06004231434089291,-0.08032194782989786,-0.208912320441027,0.002878512671597569,-0.08064599008674292,-0.0007722740357046162,-0.06712167539044761,0.035198367834001446,0.008648812864054039,0.13080076452782147,0.02785651968459968,0.012761125915686138,0.015028334199012519,0.1105035457090431,-0.0642414436758572,-0.01601200569495427,0.04566678222247452,0.0760403266550041,-0.0946029207213371,0.17967776353840084,-0.07135427953535559,-0.017034162157620755,-0.1640520280976719,-0.06427858132277126,0.1388110819671697,-0.0786504053097185,0.1206636920719532,0.12491269920524635,0.07997430311830367,-0.019530290667905625,0.043665813684872844,0.09389160554884218,-0.01700556625487505,-0.02312536046459773,0.03190980834821945,-0.1481091094973108,-0.04718377647531419,-0.029984428287594938,-0.016581381341913577,-0.06553663924938212,-0.12876382572758532,0.045285650340586535,-0.10483110586514732,0.07265167107371329,0.1210740903749454,0.07559405561472071,0.14884425611159355,0.005602612765929501,-0.08555923082296268,0.120578543512311,-0.011595641177408484,0.05897858712162084,-0.022585898170036374,-0.08259304912774715,-0.09941442600016218,0.08073275401863496,-0.29082824687928677,0.027969967501774797,-0.05806386821053102,0.06473813306542626,-0.10972070517280909,0.3124534943803916,-0.08836433531125261,-0.04085779832620639,-0.003738211739707488,-0.0027716666462890144,0.19673625933871944,0.10415376782755906,-0.001959820431796322,-0.09071671188613326,-0.08176554487801216,-0.03864419329202333,0.04665820904557235,0.012871702780453211,-0.14369549497141718,-0.013680486166717992,0.04371165793572307,-0.13443302853905456,-0.06420881899315628,-0.02012673764048754,-0.09978610235058848,-0.02057118011755661,0.06979130447317432,-0.04194998139738993,-0.06670533711846734,-0.06177895178547088,0.050262834151197006,0.011781103068544515,0.008262488127478929,0.0012468544881424348,0.00862248847242932,0.03363374848579201,-0.030790247287897712,0.0006852615037757108,0.10378992482479396,0.08080317009673466,-0.06012629477394383,0.03306999309135683,-0.01732615801060524,-0.0428173748506869,0.07890683860261845,0.012845519685488645,-0.04114202516755668,0.04108819755802669,-0.0021353272399383936,-0.003909752726926299,0.08446211975955234
altofl/altofl015_conc-Ais4_writ-Dis5.wav,-0.07231022499311923,-0.003892130776464553,0.06752588916273809,0.06458040500392984,-0.11251549516847753,0.037365220193436396,-0.04160563586853107,-0.18855017632690196,0.11847348261068275,-0.1250630935252176,-0.3432931085032667,0.036747856262554,0.03254078797769479,0.12465161112025014,0.06685117585634244,-0.03821170039027584,-0.16774364842969666,0.06582180751055548,-0.1571251533303008,-0.038319057324939704,-0.05498251387086587,-0.009386337560541688,0.04217660092477915,0.022846958340972057,0.005400271993986495,0.032002096467371344,0.07575046834157123,-0.020033702948743043,-0.18728036945893625,-0.21507036133925386,-0.03776792866825667,-0.048514254919722104,0.15574185829553513,-0.020595991246304485,0.054592870358881135,-0.010262490388812953,0.026676718874692657,0.2329875282683277,0.09099849900725249,-0.029914743742679085,0.04558079174518993,-0.12294533320231922,0.07040620292424626,0.03870977140401478,0.07444152375594613,-0.016446062584527764,0.09201937990389857,-0.03982194555000702,-0.044250542633796304,-0.028796628328543024,-0.02511092818446111,-0.07514759297568835,0.02850275824230189,-0.06461173955834025,-0.06992436772773772,0.04484584412687711,0.04841362647997184,-0.1287335725218956,0.08450936326848808,0.0945145133197954,0.1299922147773966,0.07857248466626066,-0.0739428661581839,0.03989092121443255,-0.13657120688451996,-0.07340580666037926,-0.031459871769521155,-0.0620294925466598,-0.052599539530630283,0.044468179723372206,0.09480003804655915,0.06421445499490569,-0.019609007025681878,-0.051273507756252445,0.029484956964478053,-0.022862023391653257,0.08972232701013258,0.13729840512154742,0.11421264251195194,-0.10389240229956359,-0.0842181560399982,0.06964491882381496,0.06288135750970524,-0.08534153951457404,-0.02686655605751021,0.09544895522033159,-0.005113322066341158,-0.10018646642103642,0.09264668819838554,0.06375395828680651,-0.029164422404555915,-0.09083905264869657,-0.08610946898195716,0.006941685978421326,-0.10177989181814766,0.008334632653625586,-0.00041515208829577543,-0.023333965507612103,-0.04046371286113535,0.05116015751448983,-0.08467616662257424,-0.041757260005807734,-0.08486662234728565,-0.040769797087083046,-0.06003079994234166,-0.03330237508070335,-0.01248343162061339,-0.021277471146498708,-0.05113348026097054,-0.04914794862628289,-0.14499435529106858,-0.005192505710737965,-0.03256570602495742,-0.030491780747217576,0.04479224232834334,-0.007072508836656489,-0.05630075655436872,-0.1281964774767987,0.019273194312647596,-0.07065947330426772,0.04181175019541243,-0.011598121977948572,-0.1808068374097242,0.059156654652952625,-0.04257088590144833,-0.056605164673632295,-0.004110004996418594,0.060088269146811334,0.02485534925360307,0.04376596032060473,0.08072030106022544,-0.08818327899925786,0.047476525285805,0.1138861271080894,-0.06620331546749064,0.0667783819903634,-0.08423081493322866,-0.010851318376727363,0.10883725073504844,0.08061059574795029,0.018599240762684443,0.018491221432463355,0.00020486364909112499,0.013784112754951222,0.0882426070121859
altofl/altofl016_conc-H4_writ-E5.wav,-0.07082422063293199,0.06593968703185263,0.036708028209561094,0.025053528575933112,0.07052544123268076,-0.012818312007423898,0.005809135328377717,0.0019232460397461525,-0.14909694076645588,-0.047696722587618104,0.008414233133208403,-0.02913891771884737,0.0830324993682695,-0.1865312199490436,-0.06218892462735478,0.022051276905472098,-0.12782253581353592,-0.14166362254381887,-0.01369643919576382,0.034427386366764526,-0.015291065237473056,0.032713054905623505,0.018242930601214714,0.08207844388606282,0.015767556772760292,0.019256436048603685,-0.11550096145410835,0.11564807885921821,-0.032012178440224186,0.27070715758026787,0.03991902955618073,-0.15283703706221505,0.06472728447328764,-0.06212826220452272,-0.01105033761118717,-0.06595546761903309,-0.08364616848290128,-0.09180195632115942,-0.07239229732925405,0.10767648291947043,0.21506421229507836,0.0540154760633241,-0.09983536581720191,0.08404454099877115,-0.14612189161816014,0.05662593798716425,-0.0038329226782177414,-0.02860568891431143,0.06521357560819799,-0.052886359556866824,0.004598473422592071,-0.029679755255964772,-0.14466912936091939,0.1288112668093779,0.016172089748843998,0.03342536022314621,0.14000349870932938,0.13525220003133015,0.061347593004428366,-0.06365765174528483,-0.1913377249623015,-0.07822534967245304,0.05311346660832033,0.03080677466156309,-0.05306218955298328,0.03898296238512437,-0.08065730218330072,-0.06128293321375419,-0.039208839531806594,-0.11734468046396015,-0.009968626515823026,-0.007263973446573646,0.16117253603192688,0.028475995268741616,-0.014832206056844072,0.014055397559407198,-0.0210771292730976,0.049905617800934624,-0.007679096086192442,0.08115415118922525,-0.12667532838489803,-0.08633692751557241,0.03553279380179948,0.016289304691539518,-0.0010065234751612667,0.12323915682297809,-0.08701912918017374,-0.02749615194064183,0.07887765385642434,0.0008645819935033244,-0.11112806550787585,-0.013583514942793577,-0.03201070515507161,-0.1257605308164009,0.08845297703298852,0.09707276529819121,-0.14167267807207823,0.04441336716679592,0.08756970985132546,-0.09356648634625783,-0.10008155332545098,-0.03319319720051392,-0.08489247147977969,0.005184961550815249,-0.018061369571321498,-0.12720099621382838,-0.05843639100725627,0.08454683422852066,-0.012374526919486081,0.001184321042465089,-0.2815826353755498,-0.018565171319635143,0.09605919290160558,-0.060168864272082366,-0.027137376892446906,-0.01293393039637053,-0.03002769932088628,-0.008527952454737326,0.043351203226308435,-0.05194657380664285,-0.015194382277096507,0.12297452191838515,-0.14540026725830435,0.02726485359310621,0.02348000268174244,0.03746100777624895,-0.038782300648684036,0.035102652022840124,0.06250265653158624,-0.002997439373907402,0.03138780895955518,-0.042077572430823496,0.06561916295817753,0.10023706484638435,-0.05323522667369877,0.047190519954813076,-0.079801821371197,-0.03618407331438702,0.144996013245079,0.08196945829610065,-0.002980654366964244,0.04879101814024544,0.007781299978994349,-0.006578128102071697,0.08184210587395724
altofl/altofl017_conc-C5_writ-F5.wav,-0.07359189047020576,-0.03200660376812677,-0.08977959245208839,-0.08109261427869624,-0.0007621986633760377,-0.02517387582716258,-0.0630521398762377,0.0952914096723784,0.19446961303932353,-0.004792335765199863,0.00814747749343148,-0.042067903987282294,-0.19415091798274503,0.0717046753756584,0.02991250532048257,0.04048994205831566,0.20678325444539586,0.05191137589946888,0.01903281786790663,0.0017317850500814577,-0.03472412486095814,0.029215613299028654,-0.041076949467516916,-0.018599190107108466,0.012922586741045152,0.1251823696883667,0.21908268202131975,-0.14707719429743543,0.2717413634301953,0.023615867182069,0.0060584339792061175,0.2117190048092568,-0.07641656724402879,-0.09040467551522702,-0.0685137671043267,0.145898332145329,0.10944813120968003,-0.23809478995717825,0.11515024856295446,0.05986156235606232,-0.07111005772287463,-0.12278448352398323,0.17562497113195433,-0.05435153275290848,-0.02286903568402039,0.1397732194707462,0.011631074845270605,-0.046505822429809746,0.03627261478024087,0.06395299133818358,0.08723372912465743,-0.0007133049855116494,0.08446134620849369,0.0565001390153487,0.08445610508917559,0.07606033542827419,-0.12940076408814247,-0.02550773557788758,-0.08391901541025393,-0.05431344236619941,-0.0411519427459133,0.01885751889978875,0.06295930957980456,-0.013468831070720878,-0.0612744891959163,-0.033294284538413904,0.08874634179394245,-0.004758819572562592,0.06724954678147362,0.016658225473339384,-0.03310507656624305,0.0342742572649949,-0.021147642624888267,-0.014274092188990267,0.053220540617627383,0.035622407288885785,-0.14257354771814815,-0.061286922252169036,-0.09596092710033244,-0.04301397869827677,-0.04093098466461606,-0.006774729100443629,-0.023819950433284345,0.04684447117051773,0.013722481270278608,0.06950211490267791,-0.017985451393087593,-0.028902533564623467,0.047322606219747834,-0.0075254303174509965,-0.08305427230300227,-0.045492786879109626,-0.021330533419659316,-0.008604431252300655,0.025728730855818192,-0.052081958523362566,-0.0008547291428255208,-0.0017001390788244225,0.09199802214107866,-0.049027746534100185,-0.033182012829771255,-0.08654515446784564,-0.0939363495379292,-0.051223195068669986,-0.128615235151378,-0.09919467461255697,-0.023770424818034243,0.05347233351403547,-0.02557851826671434,-0.0215978406013028,-0.17667698475957688,0.03868695215129052,0.13025888049996662,-0.007832350358613072,-0.06565384447803865,-0.01807151770618,0.0040741763938731135,0.02081581532465994,0.0765806323707657,-0.14373702671681615,0.043589699228681,0.03317021234642259,-0.11299920310311863,0.10871291614907383,-0.1042750023834041,-0.0545041876391983,-0.03160228449842853,0.03610980759749047,0.006024600535270535,-0.0014275758461052357,0.10484943955781541,-0.08657335755288617,-0.04744004812806894,0.0642497584241462,0.008581471080333143,0.05378412282532309,-0.12854513245473898,-0.021967704452697603,0.13054162976872027,0.09319460806797886,0.05374473089648886,0.005407961303492726,0.00697345683092968,0.01701496603068434,0.08701844237567437
altofl/altofl018_conc-Cis5_writ-Fis5.wav,-0.07045654098417538,-0.012937202327218587,-0.0481916449000874,-0.021876025692202428,0.16811215580260952,0.01664645577387771,0.10729283447231473,0.09503268045885713,-0.093224173220448,0.1002888237642264,0.31170062177443536,0.015480656494349265,-0.03605751420148516,0.046221492943673996,-0.03830561482251377,0.13248206436670332,0.006867623873453469,0.11844050199378414,0.11360864980589208,-0.008899033827293183,-0.10376157211396632,-0.11731096946509972,0.03300679599362403,-0.16836688598666563,-0.06550533878594247,-0.042005036961450304,-0.17838010946398453,0.05767595425608874,-0.20141962149624607,-0.059262552259681106,-0.03087118190300871,-0.032308457445500295,-0.07788754193000363,0.22285059195364373,-0.004681319241547598,0.024239752537342424,0.0999859265143446,-0.018602861805636906,-0.04124063127578745,-0.08355746657135159,-0.041508764847269494,0.060042084707593736,0.010131708006017346,-0.10850430601829247,0.07307697578380398,-0.0009388674081574691,-0.098421801093935,0.10464893572229486,-0.059099503911319226,0.08022720808398157,-0.06311570565076907,0.14231244575926594,-0.13560440398119455,-0.1610229186183124,-0.12097248521322947,0.0821212973848815,0.0006172370604368206,-0.13346451124790581,0.06770148037139234,0.01732051187748404,-0.014407645744159106,-0.03022062914172556,0.018079425547687655,0.08081356258111261,0.15411526734470013,-0.046485213249795876,0.03671883423299522,0.057643485694609566,0.10312513736977275,-0.0585808377933534,0.042582278875204854,-0.010037281332958512,-0.20834291033748178,-0.11641992128701131,-0.03196252360415784,0.004234779868344094,0.08849362863766182,-0.023510999830316598,0.11770627653758002,0.005614698853139893,0.04610043556820711,0.03811763082636492,-0.04000502561045016,-0.004669651914443393,-0.1527410517802016,0.12381994527180525,0.036897282495864686,0.07491698250525858,0.010836551166143162,0.03255976482314639,-0.09926913264619769,-0.03535977065468496,0.02313048018243837,-0.08414414330907015,-0.06416969231859006,0.028265387520243063,-0.014529119322010791,-0.014851714329271681,-0.042271989473481514,0.12599671893205847,0.0246612172126144,-0.029811584982303345,-0.02870151791201176,0.01471692896239548,-0.0686078043467169,-0.016285220112262893,0.01636904616183565,0.008058291206859067,0.026920576311333426,-0.021017898231762762,-0.11847897502513546,-0.022421625776606013,-0.04046690789753637,0.03937166257713493,0.006044772620898239,-0.11467037846144312,-0.028193600083302073,-0.04829278346802521,0.05347555995142597,-0.06671434314341283,-0.018969854283639308,0.0974331592341428,-0.08944291713444845,0.1275632478056298,-0.10456105521211399,-0.008820122623590375,-0.048174435457327046,0.021546720704371254,-0.0020901678388902762,0.007513387107974348,0.06704442753846644,-0.04037021700032927,-0.011953815312794706,0.059038821646978414,0.006321207182860759,0.050010208385054565,-0.12950497811269449,-0.05521327957882974,0.15396672181878188,0.06395145742549929,0.023187893038289206,0.02355434663536073,0.010873284750223984,0.00043432506185358475,0.08339285794310757
altofl/altofl019_conc-D5_writ-G5.wav,-0.06693889247559398,-0.02706925047103119,0.022307668284515955,-0.004198003119207327,-0.06616747745309291,0.021483542851770274,-0.05807353348989392,-0.023913238611104358,0.0520064977197555,0.038401814220220244,-0.09608409355295633,-0.08107210880601158,-0.20484275860067463,0.06026084554046147,0.0780977803567006,-0.1544266599728945,0.05527211055009864,-0.15262944412405297,0.032064327914292264,0.014728775904204535,-0.0012154611095660066,-0.012450821759201813,-0.2041065088322654,0.03032097668424904,-0.0647442004995039,-0.019305795782436377,-0.028718273558243024,-0.024268377798589234,0.24793887561442288,-0.011244233989999823,0.14041618678607687,-0.04363660748462429,0.1565055960020406,-0.1099285354070525,-0.13282580217416434,0.0597479450067778,-0.08934695792967601,-0.01423695709769134,-0.1067755490173043,0.04618463036806997,-0.014797502726973347,-0.0056686067377337,-0.11956784602918084,0.026984745475749864,-0.005343290782556059,-0.12498285794113946,0.17441475611276644,0.011250367624546558,0.05768391875554818,-0.051312374352589514,-0.02844376716072492,0.09268115650653694,0.08942543990087001,-0.1962780884537867,-0.06006557275643151,0.009478359738551836,-0.004630629560848837,-0.09047618450378661,-0.0850873065529308,0.11450308746560091,0.07473365770473561,0.03658298495913664,-0.09050494367652832,-0.05477141707127042,0.136307855597319,0.11978528917872085,0.017298144292111538,-0.03213356118867406,-0.17734713138757727,-0.009470103072830898,0.02146021320421248,-0.09726402449512975,-0.028168449317159217,-0.06495184819255441,-0.0618501414453116,0.049572528282807296,0.19445286997158234,0.07234016825718423,0.16619617298241193,0.15748683980872283,0.0648681532709364,-0.06882695891378406,-0.027474817090065072,-0.0521628742343553,-0.09878317058228384,0.07295704819083514,0.10662392050661136,-0.020628266784343836,-0.05141336503711075,-0.07272844820438484,0.019185234747318848,0.06396174221897737,0.037792785988955156,-0.07140363300310981,0.06124291057002966,0.004421155229739199,0.0955272402979565,0.006906381150115284,-0.015321464737675025,-0.02059099615357224,0.052807374897687165,0.0768506357816517,0.03645211934071481,0.0552774897710159,0.03531124939154252,-0.060604173240114356,0.0014831270125541564,0.020405148687664788,0.14664351329818592,0.0570860300296971,-0.01775217648614464,-0.07648784443667714,0.021952064098361222,0.08615869351494865,-0.026488684588171208,-0.1706461621173563,-0.0011962190048746312,0.08458311121174275,0.023824748945263485,0.0003464519613683697,-0.0662160738727891,0.18267091168264868,0.04573937992197666,0.06529981415433629,-0.009141610024276839,0.1302836746564722,-0.08840074528064025,0.007226368586488285,0.059587737122550964,-0.040154350657772044,-0.07433825294591356,0.03755382215678555,0.04480628132981028,-0.0007380697974653502,-0.010009591627017377,-0.006700078952176826,-0.03791195186022213,-0.05197242650319215,0.15939638207043166,0.04803351999792357,-0.020433091314751236,0.07433170633042278,0.02174017745998348,-0.03836341218345025,0.07123230878238633
altofl/altofl020_conc-Dis5_writ-Gis5.wav,-0.0644003262907394,-0.02837622760258998,0.013683839974133666,0.014014651578973206,0.12939292806041588,-0.12277603540802119,0.14086217831903217,0.19920887884549104,-0.04974021692804261,-0.1544062169238643,-0.19592785187969985,0.2809647320370314,0.015176594369951609,0.08781034394602705,-0.2518380905707323,0.01373565582891079,0.05568624721594564,0.007920514684501119,0.028634792482569872,-0.00011203160851800537,-0.16307933464650637,-0.08841223909042457,0.17039851088915992,-0.04855307189406828,-0.09496747359893751,0.020169691111744024,0.052407634967498534,-0.05561844972880577,-0.08938245964722075,0.06394898486683034,-0.04387836728734235,0.046951731877616046,-0.028383377477361766,0.04003840928338632,0.08433551913661315,0.04715016131377993,0.13885567599518855,0.031943351954363805,-0.024853585018861903,0.009669272499882739,0.13389247870504292,-0.15034647641270443,0.0817646695654884,0.12276173346325855,-0.1516183388198043,0.1502062748135035,0.11079148063841857,-0.055957776210497814,0.08562488201967777,-0.06153474530098963,-0.034091568372166786,0.0593522860775383,-0.005339818350702193,0.05739576004666974,0.07524864254900651,-0.01917073001213026,-0.07755376826516695,0.062111975692338894,0.03224680974974931,-0.011145059461729862,0.015400575728383738,-0.10158928132434279,-0.01562476491901989,-0.03159686116561938,-0.08453067723913196,0.04408213742629473,0.09303930858315004,-0.003863452080251316,0.07423876681658484,-0.12130144169281448,0.009487078444081016,0.064314564888068,0.05354688360345733,0.040237783610542414,-0.05396573599054319,0.00703581433202663,0.04196229635956451,0.11520168218060685,0.08901937116720117,0.006623858872987165,-0.009386729801406452,-0.04042309220423847,0.018349025234361348,0.03835406497151821,0.11639257616306084,-0.05162853401108398,-0.06299487463466402,-0.05092080721965598,-0.12988260896390696,0.06368517293339547,0.053691037114525594,0.019829420190885787,-0.04416216207755064,0.018892199322596347,-0.096503264510569,-0.05815193486425989,0.17857350250978965,0.026962017627182006,0.027693427775553493,0.09910078832955944,0.02581586582450332,0.030599324179252547,-0.0039374301155386815,0.03531071990956407,0.026059785811625352,0.0654133140388272,0.043344555778413466,-0.08244194797044754,0.11827681873248908,0.06287641063271579,0.04848718569633705,-0.06740943161141616,-0.050860740671749755,0.07935175180112194,-0.017241034120745267,-0.08286331290221183,-0.011398136486054061,0.10976836253549446,-0.0068280001892649725,-0.054249312766643715,0.033062244987845456,0.09745067465800443,0.14452598219867194,0.0917421317648616,-0.0395256523064388,0.09894555797955625,-0.08104319534250977,-0.02921591919597235,0.008510326706330697,-0.05999308311603315,-0.14194188516442358,0.06993218631519264,0.0029951615173013455,-0.058432908964094366,0.004407505097035654,-0.04175350512221252,0.04130029743547625,-0.02455967185512552,0.11217245417542077,0.02507156795712554,-0.04894350186706397,0.09946893572412607,0.023273486806749188,-0.06635965603175062,0.060233955824606604
altofl/altofl021_conc-E5_writ-A5.wav,-0.0639246376076065,-0.019258591697680474,-0.003535914930973851,-0.0018242415075761242,-0.09929517063184755,0.06503574386713987,-0.1028849217261449,-0.2023564910267368,-0.041246820083218796,0.014646805193960135,0.0037098104093280793,-0.1548227856413329,-0.09287217835138001,-0.15707747055605986,-0.03993899867682929,-0.1777890475651721,0.11846523372355552,-0.09322995169627199,0.002655591602321483,0.11216917125609438,-0.13405002571616126,-0.11391081920946414,0.002863459516982112,-0.007449751217907669,-0.06793408456176762,0.1367345560849698,0.02567764984514541,0.030662823811801767,0.021834070998588907,-0.03130107914263798,0.047978218909694434,-0.02094673414293674,-0.007481067946507491,0.027895357544880546,-0.01532080763233501,-0.09493059883104552,0.10188361308617269,-0.11906257615709952,-0.010553691472490509,-0.08816161475048626,-0.12688743355513854,0.17913877510260312,0.04675793547583661,-0.056494708533365065,0.013357709078665703,-0.16595230818865306,-0.1624877794839546,0.03685299366375353,-0.0996007500762695,-0.09243922700299895,0.0552984502031606,-0.18321921726322776,-0.09440742637679474,0.15965005454575276,-0.05034806581715298,0.04639709633171436,0.07813552475281736,0.06338904809156082,0.2407504081429284,-0.11286693352846212,0.06352912090543787,0.06269289848659058,-0.010568748195975627,0.06474707167824649,-0.04739668202389488,-0.08355997630825202,0.007990752212332253,-0.032466863309080954,0.16604839074371724,0.03493511694179584,-0.009844220850209903,-0.05619607142416071,0.0826339886153939,0.047424444085867414,0.06435016696322496,0.013973407681623327,-0.04105067918215147,-0.11114373539370331,0.1328771798342892,-0.19094907846528475,0.0015270772246906601,0.10518078168982728,0.1012490482920511,-0.07779198792518889,0.13491947644688107,0.026148238910788088,0.0563735313103366,-0.06290463471211669,0.08357863092738266,0.008434329649396713,0.11024078577767868,0.05433893080072576,-0.05074740911222555,-0.04573535020157698,-0.007713283329448831,0.06289287549326594,0.10863272442092911,-0.02334256518257516,-0.02622156146241413,0.06802111909740771,-0.05380220575413584,-0.04462984923639067,-0.014720318835942416,0.057743802989730454,0.021787971963413613,-0.0021940865003722623,0.033139827090868754,-0.07645831866788078,0.05283908039846933,-0.02293348111094519,0.010912020724240822,-0.057483266255347845,0.003951525881615624,0.01719114412263384,-0.051077511006582456,-0.017416643548816294,-0.024415606736154838,0.051350288603130956,0.019563068814801916,-0.06598023865758125,0.0605734563826426,0.09202071865793052,0.0989119406141624,0.1588588007584401,-0.07623227128361425,0.02106019846256385,-0.06579617391872968,-0.0458402139677712,-0.06715196816990242,-0.06038156788296508,-0.16289340259940868,0.056121749674861644,-0.07269120009351573,-0.05390231173248184,0.02470548647314189,-0.02028644217690424,0.06752925941073168,0.005461498100716361,0.06343914022779824,0.04005529218219953,-0.05421869662121169,0.11380072179516262,0.02230725249896398,-0.08812340512343676,0.048044940259646986
altofl/altofl022_conc-F5_writ-B5.wav,-0.06508298457084846,-0.02186799245741406,-0.02744115668004366,-0.007360348172217708,0.09486152474038846,-0.056695050299188365,0.08493090119427338,0.14057942577614468,0.03114205437256651,0.0800841056174476,0.036963430961091844,0.12668438782550326,0.13498444319220643,0.10391326404105843,0.1498940565819391,0.08616855052860947,-0.053455430509090206,0.21873833278567317,-0.009829237675418984,-0.1494277528731665,0.1875003406101487,0.1082119529192187,-0.009991239080543744,0.06295726997093327,0.22244933686249954,-0.06299336005533163,0.033972817033385526,-0.047214370549883866,-0.06461147519434372,0.019570915740280193,-0.0707062863084748,-0.005972908839142993,-0.024963533207548964,-0.07054428000450168,-0.08003449246648905,0.030858699221360794,-0.05720216766054048,-0.05100508894411636,0.0802193698939397,-0.02153164555506847,0.03966852688362023,0.07287131658627506,-0.0007810098786749028,0.02855635156231838,0.16320360708606269,-0.07132461294602296,-0.05646681980324531,-0.059603188984753,0.029694775156912524,0.11550144203355052,0.11680352799695333,-0.049652289607337086,-0.016892164019850858,-0.041398399905257566,0.034226272883612185,-0.017440664826260638,-0.014898811064014389,-0.027865428398013956,0.03554124974716414,0.000558226620998574,0.01744175430408677,0.020830328937161635,0.0010612149623976733,0.004750971421719513,0.0018853344936128266,0.07378058069791628,0.062470048539674555,0.03644407347889547,-0.0790443433888897,-0.02979847672074991,-0.08186107303816167,-0.20639970791892376,0.0660036602884466,-0.06426999922766363,0.1789794649093024,0.02392942004328471,0.10575328999514921,-0.057688519341164535,0.01580040738595074,0.029000646888105334,0.03240569066505622,-0.06267270162194838,0.09705919461700901,0.023463616463695408,0.03979775936940993,0.0060540154777995875,0.0791279366543366,-0.15209920833701848,0.014271510739312192,-0.06928362396605847,0.11645299673077629,0.022749442126897668,-0.18056803791683934,0.04790654602427246,0.03152294157191976,0.018092217452994067,-0.05078545621054906,0.07471810850408743,-0.02831294601278234,-0.05026715843193996,-0.20788743647069893,0.019387097260790756,0.022333539507283992,0.058877954538849836,0.28747212327906846,-0.06958803033075861,-0.02128559251314637,0.023763182503680078,-0.022347574322730934,-0.14134701172148822,-0.010132338938696528,0.0023565753784774643,-0.042469963417763074,-0.06757732219823989,-0.0418491824011805,0.0807076094651043,-0.06613403047804337,-0.0034670821524179635,-0.04193765529477744,-0.020184698892262536,0.08123106269551571,0.12840474728415296,0.037038225959860255,0.1791905709233521,-0.06818943007412138,-0.03699217302860984,-0.09541316220661843,-0.08914512731288594,-0.08709613516187305,-0.07316533129841717,-0.14479588561837667,0.049150273351019555,-0.07713739114449368,-0.02539781147365033,-0.03426764541988371,0.012943807028674934,0.03247214387120441,0.008707064809117664,0.08874347325481868,0.03987777959065981,-0.062896886131793,0.10410111781244764,0.021321402002070198,-0.07193149245977769,0.055272896695253274
altofl/altofl023_conc-Fis5_writ-H5.wav,-0.06355180093586532,-0.0024354434928579053,-0.04915373752103804,-0.03292499237321081,-0.08909356520346573,0.041450410837297585,-0.05546794897685642,-0.14235554327978917,-0.08033121873653558,0.15835765703322557,0.01512405065811702,-0.20552665526896086,-0.002976927429114566,-0.019956581860182426,-0.005145663644681178,0.13171352940557843,0.020691276679121587,-0.015530181256741387,-0.08311159368089019,0.08037305484134386,0.05650514551769757,-0.033232534603176773,-0.02977628301377331,0.06000329615235887,-0.159214009719065,0.04681414031540987,-0.08090358597514981,-0.10384524440718174,-0.11338020777562648,-0.04535378672728428,0.030009297694411484,0.07004116896829243,-0.04037899690958221,0.1629997450234274,0.061561725813865896,0.02981297317588441,-0.01978164039901629,-0.04818718321629552,-0.0081334715656486,-0.05956293631805192,0.025383348462638913,-0.089944348105679,0.16522000967990927,-0.10539673958766657,-0.11556548236456929,0.067353409481048,0.07935848909734737,0.007016499200853954,0.022909315050654175,-0.08549837411065409,-0.042804095917892665,0.13160377782466098,-0.0402195023953955,0.0029039897847734017,0.04818457299659701,0.10724058314949948,-0.05127524473386515,0.02549477490700347,-0.11377861852729518,-0.15850265911091518,0.16667858095039811,-0.01050276983208362,-0.1839764436770284,0.028651774476280138,-0.11649272541203279,0.05929781242805823,-0.013075308395754728,0.09539466176054448,-0.12306843374824851,-0.0361519681228127,-0.06992384479232265,-0.01083295159388046,0.011187295969631916,-0.016029041901808056,0.06510653485951536,0.0164238729962499,-0.0031390145179112094,0.2970646913660012,-0.19567600297834786,0.05005813358023853,-0.06464196219631686,-0.12722521723508123,0.10046018863598313,-0.10700608160939361,-0.1465432775029012,0.05868503516822138,-0.12123248791466744,0.0803752310327451,-0.09238081556856854,0.07291815403667168,-0.06577650896928511,0.03784748045326953,0.03774043781256463,-0.008712547766611026,0.06136989740779557,-0.03128357819759906,0.0007103487410595535,0.07346706530555412,0.028087876077492205,0.04859218872365364,-0.03455898775395606,0.00475168698389419,0.007921814841371416,0.007686671284982613,0.11064724223716363,-0.027428009279480754,-0.08397063311764302,0.05822540341550593,-0.13391022580819978,-0.11225240039322373,0.07454564812093162,0.01653295261548226,0.11558299279152522,-0.0678084272476655,0.010834273448231149,-0.02744886861188428,-0.025128423787303,-0.09586158933666815,-0.05286198591144654,0.09446931967217939,0.019297537717700597,0.04476035489902264,0.01883854095779558,0.021764560548285995,-0.01927082409300616,-0.0541451835595852,-0.01592318730703053,-0.04086597995570984,-0.13962738658277282,0.049413108844146875,-0.15178737359292274,0.03129779382248153,-0.10582132958002312,-0.1275242063001478,0.023181575298763926,0.03755710722340317,0.05374177126383037,-0.007899797218662546,-0.004388071781098681,0.047953331401780486,-0.07341973084461288,0.11143455057454378,-0.0029924370560303597,-0.08884082511934847,0.04370165610454683
altofl/altofl024_conc-G5_writ-C6.wav,-0.06435377230996352,-0.012072976906264313,-0.009298576897406489,0.0012588192066691492,-0.025875259898994536,0.003827143579208371,-0.03766252761474127,-0.03512357082200893,0.017252370197817758,-0.042451718573793824,0.006591962928814352,-0.01317966643380078,0.005777836777846998,-0.11305943071462138,0.019885863501877602,-0.047534288262015535,0.0586529029721725,0.10109372235770245,-0.0073227028052139705,0.025264477459482054,-0.02593445598104343,-0.12781392644198825,-0.06704603870441177,-0.055378838829793595,-0.02295869046805759,0.043819659045881504,0.04657666729748856,0.18240363912836904,-0.1370548336375337,0.06106988792327555,0.01891219176531899,0.09145891805734542,-0.015350521108985958,-0.10194114884508043,0.07497229203395134,-0.08393654987685444,-0.036873986847821796,-0.07235976894092115,0.02600200857115107,-0.07279174101888686,-0.0008339046256841676,-0.2025569247726939,0.021093154905454818,-0.11118818162841566,-0.038073673446133535,0.09896364695252491,0.01460656144130049,0.134917740881396,-0.0276929954077837,0.05021360314137201,-0.07155791050652635,0.09250288150890745,0.11859567655990953,0.06611316180397626,-0.059259283027813255,-0.014939844724623787,0.17814952315436375,0.11662071254068995,-0.08876899292354554,0.13947665611279722,-0.03633697916682773,-0.02345111768311994,-0.005132124818929329,-0.12620761837753433,0.011325605146845337,-0.1462848256374188,0.025473656287076457,0.04760489242174604,-0.1080285419375629,-0.023714667857066676,0.17717943517939921,-0.03255105190643971,0.004716669322138579,-0.10264756729183133,-0.049288057808692165,-0.01645984000007014,-0.010930125376565653,-0.03897745824373633,0.04742309422877027,0.07419771682693105,0.012849807040417681,0.020033964090531493,0.061154103988610375,0.13452366921611103,0.12469955854309561,0.05042790413428233,0.10125639311505043,-0.21127536251052656,-0.12897093845182278,-0.07637882688465282,0.029879715742163804,-0.1097177208334761,-0.06570635343405228,0.04620785716395874,0.01154155158773964,0.015232546806800681,-0.17113579739964413,-0.03954020008041671,-0.029926631915174005,-0.07010959234191755,0.018709760534476122,-0.05732556712337478,-0.04909276787555797,0.10701006594483961,-0.08181505056680184,-0.023580370036260616,0.0665151884322639,0.0718916839272635,0.07706202574265958,-0.11541783495008903,0.11091286886165513,0.06411156656338121,-0.12039467236287496,-0.15205656143086477,-0.19129466276075668,-0.10134710475763123,0.027565364910355637,0.037787923564034924,-0.10043556955213333,0.09402516626151293,-0.23179407498866947,-0.03506102193135889,-0.1391301677349298,0.04661782536866731,-0.10175356063307513,0.05782486075790902,0.0412788416407217,-0.03025904595530698,-0.002252935004450062,0.0023436757111108203,-0.007892442859188022,-0.01172373296646438,-0.09148644657269792,-0.17920465519923054,0.04140579572465889,0.06858905741102098,-0.03054629955562791,-0.02050936076893783,-0.10049937130241877,0.047896785281703,-0.052521143803464086,0.07437263916820512,-0.033131286001004664,-0.11252413476243982,0.009636391484008796
altofl/altofl025_conc-Gis5_writ-Cis6.wav,-0.06638617963782721,0.021415867244315608,0.04585721091038364,-0.046596892957788114,0.02033392523898263,0.0027332245090863254,0.03286704083017599,-0.020658181313224902,-0.003288189390969775,-0.07817431802973826,-0.018154009417326505,-0.0021187224242992415,-0.02808465663215909,0.06644115044120752,0.04608180086738476,0.04329297530358947,0.0006893843819039992,0.03401215095372039,-0.027425501953319078,0.08962181508760256,-0.04446917415948204,0.05847128084574671,0.039247659685391845,0.144741796438481,-0.1075196508443452,-0.01617337042031843,0.03847443333574,-0.0286621182785115,-0.08326125155055884,-0.08014998594730388,0.03331073795739632,0.02151971283570728,0.13121774069812617,0.03497762294017168,-0.06752108452567163,0.04785818233222393,0.10267542958543487,-0.05413551856757294,-0.04343727961483425,-0.058504076137319526,0.21800066597831735,0.04998641998525534,-0.128115647799952,0.11670434151635822,0.200989771777711,-0.04632857493241601,0.044082013376799,-0.15435674295730661,-0.06901615903295548,0.048878557954788404,0.1153419554281383,-0.12742022505405948,-0.02834911227531534,-0.04638855227923927,0.04265373892603434,-0.006495708150418906,-0.07662809661299178,0.01793692919331651,-0.014902957809049303,-0.09014765819264059,-0.02614661851416658,-0.0195652684079992,0.044464727500184,-0.03853390151945469,0.17884964331068004,0.03728355810321364,0.0066117485658065515,-0.011091711621913983,-0.005156556465578957,-0.02001134199147735,0.036448089037959014,-0.17895323777221106,0.037025821825724906,0.14740334845979625,0.05135024601891499,0.15067989842402463,-0.18898800486543754,0.008432430846587612,-0.06214904753990681,-0.07414689928118284,0.11006468261965656,-0.0842667233450686,-0.13661130246512124,-0.07742609062532411,0.09071991309168403,0.03386717591753511,0.04564942942744142,0.20005571503453895,-0.07812385588972454,0.02565710255594748,-0.18429194017369938,0.0389889975871946,6.73366741350094e-05,-0.006218867193716601,0.012539421687928709,-0.009115825659982528,-0.010433544412892928,0.05271217073380147,-0.15473852658276813,0.16084605251892725,0.02222861665443638,-0.0010985762658897898,0.07411350588519235,-0.05044155030892709,-0.14684534132958252,-0.06827922467339896,0.0366283647534754,0.0238932208875556,0.03437720986255365,-0.04894874940224367,-0.06590423000349033,-0.06851742464102814,-0.04414100127786736,-0.05093193112921976,-0.14264915507702167,0.014195618861000646,0.0031067327557798563,0.04124379989648212,-0.1696792339070154,0.070656446065157,-0.08997037839314784,-0.13567224952533338,-0.01681621272158007,0.02926441534894568,-0.15014676327857301,0.06337754142829263,0.0971868485185056,0.11999110801758717,0.10496911675111217,0.009218694083342851,-0.06488422518116109,-0.07596870390186344,0.05269422749069979,-0.13784510176512613,-0.04972813373947885,0.09536138297065118,-0.021211654498825616,-0.018786281624828424,-0.13175330849931235,0.10562543446714898,-0.08143932734881933,0.08441572308448256,-0.08824470521589377,-0.09210970062241632,0.013462492621041723
altofl/altofl026_conc-A5_writ-D6.wav,-0.06415108041311329,0.027412343559879374,-0.03411002096649842,0.05324781822355126,0.06143858947529412,0.016026283250501865,0.003788431211289158,0.06161120300356833,-0.01376608052577608,0.03975853410299787,0.003994368238682003,-0.059422876108271724,0.015694039026574638,0.04392648424873787,-0.055801405086685914,0.020186171954627755,-0.14772278677286085,-0.2726914461246174,0.04754614060695574,-0.10017467456917821,-0.1106435069799556,0.148685769682853,0.053476888407976556,-0.021911093562749694,0.17693289970798484,-0.060872357414760415,0.04614692484675845,0.09141888733430723,0.08214531425272385,-0.003737604637698396,-0.06913990133373135,-0.07787508407221792,-0.06827659006172156,-0.12711072898358575,-0.029749355309091598,-0.01795542904822825,-0.028939665008490354,0.12275509787523592,0.12939810170753033,0.017477126339596548,-0.13501153672630917,0.018604329228668212,0.07756981196109561,-0.061097039089872934,0.015903604507983664,0.13488909247046527,-0.148706919172432,-0.009015532216144623,-0.09474044211040157,0.07793694809148281,-0.15937341777376451,-0.07012435346484816,0.0958447632868611,-0.06653298302586502,0.08034964028886937,0.0183137926543019,0.09875757393927106,0.02968948117289124,0.0005014769782518518,-0.02841524015857653,0.038110378256021274,0.050684373468089315,-0.09739372775064237,0.04997821517044343,-0.003432321570779266,-0.07357805602467148,-0.13129728466673182,0.16524483392564282,0.01521811753280387,-0.024996969160677146,-0.10673549504815752,-0.04249780852059376,-0.06658667978165261,0.07323113397808201,-0.021964422211653678,0.004637644898479329,-0.033932642514965146,-0.10417304014247987,0.008104985121853873,0.18640536485252382,-0.06495250010885079,-0.018564023719339018,-0.035759879894578045,0.10874865501579505,-0.031602599491300815,-0.045689535016805095,-0.048162180263263604,-0.05087470881112878,0.005415428463552387,0.03893842722586599,0.04632825382804997,0.1033565726747813,-0.08929008824661717,0.007348475077603309,-0.050111640991823886,-0.06480149924218485,0.21745542767327086,-0.016243772078703263,-0.15223460023018479,0.1026080946178701,-0.06858625112899797,0.07407041322390721,-0.10222309897597828,-0.08511103918652199,-0.07776791725882,0.036098998113124614,-0.038252596298704665,0.019162988333824106,-0.05621555750481413,0.04415439841165453,-0.03597892056429208,-0.12711770855841686,0.1719598743967924,-0.021560170244339157,0.057962032917879255,-0.1404875692139652,0.0015219963296752986,0.0146397619108274,-0.09142002800296342,0.03650673049540279,-0.02150987938943036,0.07560961854170985,-0.034334890330790534,-0.11410013544888892,-0.14164062149308293,0.06845602679821011,0.010695939396602738,0.184965652087264,-0.04225449863807481,0.06488068463787482,-0.041218194075814174,-0.08179044335790264,-0.07878154373657995,-0.12069566558780269,-0.03363407577444592,0.10119305115002887,0.013220209858449595,-0.0076544975251686105,-0.08082102087259994,0.06558461570078193,-0.0877712236311035,0.10010475521068156,-0.03645312703475575,-0.09480636625873108,0.03019252024048553
altofl/altofl027_conc-Ais5_writ-Dis6.wav,-0.06700715896260133,-0.008061843962271716,-0.0030705390122714813,0.050822906364349524,-0.020334116517620748,-0.01154321982387561,-0.04580192799570647,0.0708909789783227,0.033787308662932065,0.03663439052234061,-0.004541982220359614,0.02073388737253014,0.02554574030322292,-0.07535157095104938,-0.006083204764416199,-0.02842269088798242,-0.018541496981421317,0.004863269882064132,0.02292969379851654,-0.27418200188440733,0.10491363349881457,-0.021425586042040656,0.032237377817083815,-0.19987860048781653,0.0041252802888685144,0.0766600413725585,-0.12288662468557399,-0.2159930169905652,0.2005224302623816,0.1159510099517971,-0.04832511407340897,-0.05958705548908443,-0.10169144328551939,0.08745426212546904,0.012517870056443038,-0.048100583042034024,-0.004052713990619985,0.11572003083044224,-0.025941502204754458,0.1698660667566281,-0.05467222800975501,0.04760756153430929,0.02842665517480894,-0.05262588257241732,-0.1251594584716192,-0.10763334395664273,-0.11090579923541087,0.021046270001038196,-0.04601423232843489,-0.06856521206259744,-0.033618116206905024,0.02233443674220717,-0.1309799141909682,-0.04599034743081447,0.0021106946902292867,0.062017075363593854,-0.08616715652696046,0.02518662032422665,-0.04223049299128705,-0.10327045553361756,0.05350874709173109,-0.035957476254202474,0.09313128469653369,-0.009894447415816361,-0.06372480025216135,-0.068281588270352,0.040712939640676536,0.04691699237159436,-0.06731853088730282,0.177005060594466,-0.01663592149282858,0.017989362050507725,0.05412014361724636,-0.050995756559378366,-0.05796021122120987,-0.10674693911562358,0.05600261804371335,0.10207561332786946,0.13242188815758688,-0.1297404410562381,-0.13723345468721393,-0.03257524650838061,-0.06577446152426858,-0.18847022921163578,-0.04809705596732557,0.02098675661932317,-0.01041896000177897,-0.030437077291185055,-0.0716330532546276,0.03611952069664504,-0.03867443443083305,-0.07824354603591598,-0.05882960107379855,0.07643952429400273,0.00999833839946136,-0.031780085996415575,0.06450311403573779,0.05295192332875098,0.012261840743579742,-0.0739824328430366,-0.022590766611383675,0.052596091365097686,0.012926597647560323,0.05781163086844149,0.054815397664804776,-0.0715017402785254,-0.005477584160686447,0.0010760041262034142,0.16420923185683553,-0.0030437957484492073,-0.06038101326680364,-0.04414347690575954,-0.15071216345013,-0.022274576469985707,-0.16283464071640408,0.09446976278983499,-0.06239836115220487,0.07834474777812284,0.03189111708450978,0.06982370395076645,-0.026022268829817813,-0.20318810026630685,-0.002007483617750539,0.05479940000827854,-0.04609936141339461,0.029290538080714093,0.04044144571837989,0.10225340527802274,0.14719539646358093,-0.00463800344441262,0.06005047656192099,-0.13045441440920055,0.05931003053065517,-0.10489855061003343,-0.10176218815488686,0.08894019072750209,-0.054255674433014864,0.03504586968289892,-0.16033535999375084,0.07450686667677696,-0.0911135731774603,0.06345256421544235,-0.10292220548305406,-0.09334663504504635,0.0033633723341328155
altofl/altofl028_conc-H5_writ-E6.wav,-0.08745195952487812,-0.009812313204978284,-0.02798723818676708,-0.000726871517147354,-0.0005728912835657319,0.011508969303411084,0.00598644238034159,0.0035454512673575556,-0.010962305237264896,0.010845573747204936,0.022500159159416985,7.674055146817196e-05,-0.006363584760233333,-0.00800871206162521,-0.016716447302632054,0.0332626970858621,-0.009047130844003978,-0.012458193434172206,0.014919555058395477,-0.021540685650238214,-0.09403391023063684,0.016732193584528647,0.014558637134076593,0.048330504936174676,0.05116151404527089,0.03405783981438122,0.06273525772940805,0.004219242686902571,0.038844175488291235,0.023833741143914813,0.02488260286371937,0.13796124563702894,0.04727543866768395,0.12240850302194468,-0.09623595221374084,-0.0162123008311914,-0.0347268455002523,0.09069752717787713,0.06814221933145863,-0.027860463313009592,0.09462630717108975,0.001120818601312995,-0.06980320039706685,-0.06118906848601725,-0.10840223579188463,-0.0734771412794747,0.04869093152724877,0.030142443315840067,-0.09092742589383337,0.023621258825991705,0.14931651191742468,0.11271599766570116,0.09908630509480494,-0.04768578667746624,-0.12555661950302927,-0.04316848265365707,-0.030332134220862353,-0.029025975642967085,0.06362554572579679,-0.016464505559358827,-0.03621376269828738,-0.055423592816180735,-0.13187335379861528,0.025165191741021366,0.040693214205323375,0.03589988074066534,-0.0716264235560989,0.010795574799108577,0.2307479211568844,-0.03324005118367225,0.20871715954233486,-0.043931532631642595,0.11190597771703349,-0.012814121346067667,0.0645760826940771,-0.06855905984058826,0.011245891984759485,0.08773021765393584,-0.04453094435882976,-0.053908114687801614,-0.05082858637954224,0.16799837089540517,-0.02334218131543893,0.07074884678926142,0.040147851907750824,-0.06505420772914405,0.16644051229845438,0.09176962662609986,-0.26512595461514643,-0.13196776280532052,-0.004151300798690152,0.115497715054553,0.04648126575657608,0.007460572563595211,-0.0044471279506127954,-0.02985359097769976,0.0003288069161548404,-0.002938932952537745,-0.0016139598604708455,-0.17575052618093595,-0.13203707696918263,0.027571342059614715,-0.2101870868556272,0.0801190215140406,0.1846995688786367,0.01923659306897138,-0.110899373274957,-0.09888926153822265,-0.08939251358306585,0.05393867235142824,-0.11208931716620242,0.07054628904251428,0.04975532500730333,-0.14686603903435513,0.05826181258123644,-0.08857541767546742,-0.0929116347692128,-0.02524857279004105,0.12567122320559865,0.0667589246040987,-0.0009454809014713128,-0.09224808229291795,0.0933920383831652,-0.0034779124252329353,-0.059274016548301875,0.12267213452482549,0.11425897159839178,0.20796377823177573,-0.03808787454775641,0.033827510542512845,0.041010683758232074,-0.06837977499680079,-0.019375689475491904,0.08820791532427012,0.06715430333402865,-0.11937131308648931,0.06984251822071783,0.004003313717431114,0.06836315567729691,-0.01289501650549891,0.044455649461831774,0.028770820945196986,-0.20748099161984476,-0.02205566877232894,-0.08366731189784357
altofl/altofl029_conc-C6_writ-F6.wav,-0.07626243487732602,0.0016510481977922917,0.02795720522195254,-0.007744053920965621,0.019649940071280243,-0.023516738787752844,0.007212358368477291,-0.01236156087034266,-0.03488364496458866,0.05004547715891225,0.03006858307694506,-0.008334885828762118,0.04549570548664301,0.11356787407744094,0.019010887801899818,-0.019853061987350276,0.017972171938792896,0.03777447366248445,0.010209572439784986,0.05712459085773271,0.056799036090411634,0.0016342133213827215,-0.04904907037739106,0.02616807308542391,0.1510396536125616,-0.09168828296420133,0.029651237828250313,-0.021725191601978226,-0.06993518310251987,-0.03574567182092209,0.06017938588144203,-0.25612756351120664,-0.017610462319015825,-0.15765668706196667,0.12331098669054216,0.10231339328782321,0.019404483666709514,-0.12830698425591122,-0.08315842744001777,-0.09078383100737929,0.02339045308127999,-0.0023296629204744394,0.16605565320680973,-0.034118563793009385,-0.09409345257982868,-0.08359275229487169,0.054856831542870785,-0.010422598005480649,0.02447331116992172,-0.12316342102232317,-0.04038289269615346,-0.045756066129279585,0.01601355034153923,-0.03872700250702297,0.032591646053259954,-0.0003608607999735433,0.033485206113679014,0.08925072301096962,-0.03645128054285619,-0.0931643529191246,0.040341743146931806,0.02491763364831857,0.037751032202839235,0.09908069429497085,0.028527519737646525,0.023227171983099315,-0.04013764216071655,0.006937623416631247,0.05815184594626787,-0.029110129737558003,0.01850149777701208,-0.06260308087509917,-0.0630362560278894,-0.00718825270271501,-0.08392916307610572,0.00015083911093016506,-0.09340216843627162,0.10583433410361823,-0.029088968405839705,0.01769238051232093,0.03021364994538793,0.10798799541941793,0.031124953733293964,0.03847501207736395,0.09224807576862419,-0.039447347679801674,0.2643219783721342,0.10806573340359404,-0.011756180719638423,0.20528805882006337,0.023438252943540253,-0.07884830128827972,-0.07718538980575348,-0.12699290373945205,-0.1274650769438521,-0.1516816282753825,0.017183174040636774,-0.1434393743217845,0.08011450540251801,-0.10040238816638436,0.10091292842970484,0.08730545409724982,-0.12379628843192093,-0.026108516414071012,0.029590207337267083,-0.1848852757350695,0.08640763070836159,0.15952712004511918,0.0356901223515228,-0.021468314990602297,0.03690965189432377,-0.11884693315941275,-0.05898186519550894,-0.06693504553293157,-0.005419503856391807,-0.12072710777010089,0.08995390472351864,-0.03916199320205571,0.12121190940221194,-0.013761717185213431,0.1330123929204629,0.03653775621181417,0.10491711448094682,-0.08081406505726854,0.02430402163225753,-0.1434591435364513,0.05515658329471517,-0.14399934932044517,0.05146060790019503,-0.08509257824066904,0.10135650012838388,-0.10444168859895603,0.06641521787381666,-0.029425029780453645,-0.059084080669835254,-0.11741562379156648,-0.07628119171423373,0.08437639341389253,-0.02733132113483681,0.047349161244541076,-0.0667698303338494,0.012931979768443121,-0.20263278675754837,-0.057233777226055715,-0.04736357149370789
altofl/altofl030_conc-Cis6_writ-Fis6.wav,-0.08382264357752368,0.0021130220014300054,0.015021737403884582,-0.0033909697985974423,-0.019812186800295027,-0.001696097607359651,0.0067028933122499565,-0.011585043055718128,0.049871649346940675,-0.04325087722638632,-0.07452349269348213,-0.011818011286422705,-0.016674641552706964,0.008596817196702642,0.004753239509986487,8.738837653361406e-05,0.0018593120920674094,-0.02964829158237075,-0.06315817881797067,-0.03838132592536122,0.13909832121460244,0.10617096409195118,-0.050923856352595484,-0.0492933553676547,-0.29475313182336427,-0.12675144066418254,-0.14107777908640826,0.15708524928463105,0.019346769053112736,0.08230699155979969,-0.22309208090745825,0.14927512352036962,-0.1582590432719016,-0.23153651992643373,-0.05491542398248536,0.03457676230984579,0.09768565065876135,0.026837842183144403,-0.0484420277573931,-0.12146004630495354,-0.04503733613942394,0.10325133248026874,0.05726697211911822,0.13909875356653406,0.032874050828118284,0.04282012230253876,-0.043815271626440534,-0.015223905928694603,0.0006387744378186858,-0.011516092344513902,0.04995902826434474,0.010988867326059661,-0.018825931923751236,0.051924264064357566,-0.15029271523693416,0.04403590366278615,-0.09455098444268142,0.06961139330586345,0.10064767076404585,0.07383659499831238,-0.05583107684123245,-0.13897681156290825,-0.13804743221425142,0.04173189170321543,-0.10943097511823803,-0.028481801374957927,-0.02288517662371476,-0.015270907734180158,-0.07588568728314643,0.09983426238716153,-0.16711750915937534,-0.05110877601220374,-0.05519748033312924,0.00671738911260842,0.10972779908535787,0.030881922298138006,0.008925174221324281,-0.026702255723698623,0.06595678996628575,0.06142675482604659,0.01354864700865847,-0.07020413572615157,-0.0009403059504309863,-0.001935245086107984,-0.03240699525505201,0.02175295627162431,0.05099730490449185,0.014927415994083156,-0.020530264423672815,0.08447191412034855,-0.03830694442446632,-0.13578419130352246,-0.03851607800994889,0.06014825787127121,0.0001880479554994298,0.028198638560548165,-0.09996374409839201,-0.05615012772393952,-0.009227354623741649,0.06007636367560153,0.09089229833486984,0.0636501290746852,0.07239928685071319,0.13547366493051324,-0.15606305462554582,0.029362762559234232,-0.13616972573163869,-0.15427986885476092,0.012640041475133219,-0.09953320414389931,-0.011431249631244382,0.04260977367935046,0.06250618163200193,-0.11115898915009868,0.04830028669184614,-0.059776986895557334,0.04128995743221074,-0.015963077519517914,-0.0074892389743154535,0.06877188237559474,0.08441137657418762,0.029399514222405214,0.14240372032941703,0.028341517341884552,-0.0004939243006373967,0.11822445689647315,-0.022444974845854962,-0.00778564272031198,-0.03520573417724274,-0.024824837675919097,0.14132890225399064,-0.07183502303178482,-0.02526174886934342,0.10443324360400297,0.008205678731408764,-0.1431075504918604,-0.010835493218416418,0.09272406575003396,0.047735507918299225,0.012312309641770191,-0.010564560874673716,0.018749295075260707,-0.223120239715448,-0.032891381027279495,-0.07377560245430347
altofl/altofl031_conc-D6_writ-G6.wav,-0.09071426065843338,0.002456126554686936,0.01440016745235602,-0.0026673535253392833,0.004305133800222576,-0.0111637399572439,0.010821380232445063,0.002297310177930976,0.010792568529793663,-0.014067050611821478,-0.018148486193949955,0.02195049419416746,-0.002619384621153749,-0.01758164983388607,-0.00034693805661956643,-0.030738986308921544,0.01774563938153806,0.026235984480480687,-0.017094535071399845,0.02131136264117265,0.05333695388538157,-0.024272988217197804,-0.016513695632501248,-0.041153154187761415,-0.05706494188949042,-0.01302314010588008,-0.05211346197834208,0.0017017753117765273,-0.03786161422025231,-0.032931816209474635,-0.03116868847429559,-0.07591851482251771,0.009427138108063685,-0.030218439938166017,0.06797113101085481,-0.035096525832868465,0.0010719703618081939,-0.05822223089016351,0.0005989433489229923,0.07383670826339657,-0.14001307557256032,0.02200563870790354,-0.009877891435588343,-0.04437069092936001,0.05934787120695507,0.16359914649318738,-0.03251700236029997,-0.15447764301523093,0.008055908216182711,0.11880513143143082,-0.05766541996076198,-0.08118273619883865,-0.06808628531513652,-0.001001496743676042,0.2677717146082848,0.13055089959603694,0.17447768383636317,-0.057569633051667624,-0.007005188554669271,-0.07452479056782532,0.11715775382688373,0.2616262257697075,0.26259938176527886,0.02018530602883435,0.037911387344137015,0.17567709943422385,0.010881407753205258,0.08877881105549536,-0.08239776948954716,-0.004713103359824701,0.15198661248414264,0.0990851380627164,0.23253947961008178,-0.0794599354219071,-0.032462005187976636,-0.024817279752983958,0.0518980342097816,0.08148388204107797,-0.060662400466470354,0.06944484053130862,0.13432238834145607,0.15160224162138214,-0.010907575596866143,0.06425889429780592,-0.05833382481526048,0.08691177088798445,0.005108020849645027,-0.006270389623124595,-0.053205981236403105,-0.003266108235273832,0.00038632717185271056,0.09547349191623658,0.07576346851595751,-0.021148874187503955,-0.07669502711562746,0.048429842072453086,0.05421805917468466,-0.05799700499549411,0.058158368993323176,0.025433381721163516,0.01747199129408976,-0.0842781191007882,0.14055889304220331,0.0782619887114353,-0.03192061073591995,-0.06479688422158483,-0.09057356885712288,-0.04896684837707414,-0.07150369765993773,0.012319916266381658,0.012734062047361813,0.037521516497651626,-0.03619559208226557,0.01505881288064393,0.0020072962672812583,0.1000515011216571,0.0036176849882237627,-0.0019158266525464672,-0.11477648302444012,-0.030833673885747398,-0.08510444306473955,-0.022192002174967605,0.08754094148311284,0.07028129765563752,-0.023250438682257936,0.19206005316043986,-0.1238849094337849,0.058387345951539354,-0.01360273206455726,0.10572797318716956,0.08212059501729331,-0.11212848058977805,-0.060762390672048944,0.1183652054212309,0.11582350288794227,-0.13131058478514906,0.03210557883796261,0.10501308814326867,0.08427506175658235,-0.03566932641301665,-0.016890601040888183,0.03428655973313398,-0.21222907184069958,-0.005144051508593617,-0.08849757226214247
altofl/altofl032_conc-Dis6_writ-Gis6.wav,-0.08471326697578666,-0.0008227183857755721,0.0026785973198730773,-0.0002215658051857028,0.002478592619839697,0.005556171252454825,-0.015907769094842816,-0.00048285081375572594,-0.054115330546036886,0.04966562421126782,0.05651450325250838,0.02314310957678281,0.004339985786080285,0.023720729384733595,0.012820019723595793,-0.02273969422267999,0.033919933127881205,0.04607117436325308,0.04888939857426354,0.05094746921874668,-0.10380476049594392,-0.11918488443392493,0.026772163109975284,0.016509655753367845,0.2121067739120085,0.14910812038901405,0.09493626102776583,-0.18560700576180078,0.003272723980452606,-0.05583187486246378,0.22065599071126424,-0.17959095601045466,0.18952312226737078,0.20490544739199568,0.05772787759709953,-0.05921966030169684,-0.07473122134385728,-0.0079583844261026,0.06375458630843242,0.19376625371345385,-0.008693102954341315,-0.08418828817765865,-0.07313880839401832,-0.08087166069655297,0.05493361662534689,0.0726966200297101,-0.018150403841577754,0.016250460039968904,0.052519957245254933,0.04907683976597319,-0.07520943702479256,-0.03643337543597058,-0.042352812364053305,0.04461680447277125,0.047405209568002905,-0.007534487636988302,0.0025151937375553473,0.015102526365130597,-0.08232120875167068,0.1185370162540109,-0.0362959226682605,-0.21221170469942274,-0.11681806971976998,-0.1430673104746299,-0.022475976427666966,-0.04861735566967784,-0.08582612530476513,-0.08625044148494665,0.042185340393948376,0.014580707061262587,-0.17779384954822067,-0.11848298978989444,-0.048662333562866325,-0.022194300823111267,-0.011530885839684722,0.030994768544998365,-0.05547737042142056,0.022043126874076183,-0.0033553152472547837,-0.03666261413208605,0.00017235561806142052,-0.1074455671913831,-0.09474144338382796,0.02603259995849872,-0.033519491416944054,-0.01065217841090141,0.012698596667467844,-0.03437452190207801,0.17053617505634652,0.09946844619846361,0.0814447412732876,-0.0826965027135894,-0.060409736835532385,0.08233796191813521,0.10357796060411024,0.05392748480521413,-0.01620380041268916,0.0029152250641926863,-0.08225956882506918,0.06421921273095652,0.062016975246070895,0.017453113238205017,0.03166883187086861,0.012743299276679425,-0.12557417012007216,0.06523700845396435,-0.13540798194730783,-0.1673281611472205,0.04164676376422474,-0.06273732983797972,0.017559182417111508,0.07029126005298701,0.03560850165285469,-0.1293868022351652,0.03250566150773909,-0.030199906369727893,-0.018956266431622952,-0.011034032093633591,-0.08626701872093957,0.08954304645612421,0.047104865408545415,0.011317594061061309,0.08443392737945343,0.07488565630426539,0.04133040224705305,0.14485687070700873,-0.047869066031736886,-0.09892750485662882,-0.05920312950148763,-0.02384118478991885,0.13086484918434527,-0.004959855174311368,-0.06973613966603666,0.0748952235134744,-0.02594628712249432,-0.12202459375133935,-0.0287676842270737,0.11921122959606116,0.06542905138309126,-0.0011889386031474255,0.00031042689717166767,0.008511000385509565,-0.21349733376460875,-0.03178239999391682,-0.07862344155398096
altofl/altofl033_conc-E6_writ-A6.wav,-0.09383773821783502,0.002179348001849152,0.0062204598828904025,0.002091114851511384,0.00017630961422384305,0.0013031922641780285,-0.004981509071991218,0.0024489811362274636,-0.004059927925354687,0.0029874612159060624,-0.011337776123261775,0.009598599261649,0.009981658063839017,0.01585633662793992,0.0031660313267621474,-0.0011050495298233912,-0.012757697359793587,-0.0018165093986810049,-0.003568843073378726,0.005321167564913583,0.012581689717285564,0.018461705036519532,0.005969235508621908,0.010338840251396477,0.003388622716787101,-0.010268736153618195,-0.0022604383782587113,-0.013763362091323526,-0.0008050179650485774,0.025244452754586807,-0.01676279132463428,0.0073683087610528376,-0.027147484570888926,-0.014178285246172768,-0.018924741365842275,0.037084263664286576,-0.0067365030286605215,0.06906700648745721,-0.035265403107924066,0.02169874238207385,0.024800312467181687,0.013891846319210852,0.10433116223504554,0.10300187047120513,0.040427540674597924,0.026578029037488432,0.01935391289313721,0.18165966137050762,0.13874964455782712,-0.23323955325971382,0.049536015159927754,0.003721595379999776,0.08951711602008765,-0.11869552497166784,-0.1517430176012162,-0.14220921634613282,-0.01987039817357497,0.09329454938969176,0.00033433346551936527,-0.18113478673053152,-0.09614546859262033,-0.008474165054001379,-0.032157718851190495,0.11524967920441528,0.036941009480687306,-0.1622510247538981,0.1049477212291742,0.010356388823351652,-0.13486468277424682,-0.01591611753606594,0.0569586952015468,-0.09944534146375889,-0.18733876908424055,0.01518686514930459,-0.13784929508818336,0.07648572112779088,-0.05057054149055336,-0.03186993067496349,-0.1106385612663381,-0.019479725763537084,0.044684262231097026,0.07808284756377168,0.014848551084910677,-0.0009806231336129852,0.011415071692302478,-0.03770393059684476,-0.07931523908137698,-0.09242103020104184,0.15176273313501185,-0.004631447701481807,-0.05420632192595931,-0.121395316524569,0.003347816411885583,-0.13768542977699622,0.1437472202447161,0.10655340422687101,0.18584236618784328,0.06851699147026123,-0.0420865643347721,-0.014103675963836985,-0.0477448288373341,-0.20787581938280245,-0.025957642233142748,-0.162211646640841,0.10288773077995397,0.02133990387390529,0.10477103770697191,0.17497949717669462,-0.11368187296363888,0.11914169055568796,0.1004592781338566,-0.056332824275937055,-0.0897687115576866,0.0362785265157477,-0.03393005602504516,0.1324506895796484,-0.10147768132713834,0.05012915158934071,-0.0798875579143801,0.0034023661692157217,-0.07697507404632262,-0.08394225423342379,-0.020162251416074438,0.12012054532423463,0.000489301627407776,0.1864375754887725,-0.10845170676134555,0.07646318634071214,-0.0446328420795614,0.11094342779319454,0.0025694924797592857,-0.01487358567929706,-0.09715544577450715,0.10504476385102474,0.06479912147801759,-0.059726466741899284,0.04766826556576641,0.08829111119631478,0.10824047344428588,-0.06421737095013484,0.03489423509904218,0.022993969055820438,-0.19052523885859096,0.001484513503192877,-0.10047870296243418
altofl/altofl034_conc-F6_writ-B6.wav,-0.07695768099686096,-0.002799340695345629,-0.01991287457272945,0.005369301894036762,-0.01602670385541198,0.02302134452725208,-0.013560243970999674,0.0061570757227860425,0.034249924812649185,-0.04616197982291023,-0.04538522222014878,0.01231255985449801,-0.040713970857870777,-0.08250421913921843,-0.01630734076186799,0.02096320278212887,-0.014616144966018547,-0.036102076463190025,-0.013460578980165418,-0.009998985926456195,-0.062276153966364475,0.011320943937551883,0.03435411180709158,0.0366419508375817,-0.1254327012329824,0.0835230435110628,-0.04343417161325415,0.058344703016409136,0.06665706435730137,0.056057310683716347,-0.05623146245069206,0.2599368758136626,0.011122352529039842,0.09527068403443645,-0.14492953886470586,-0.033423319375932285,-0.026480583185664743,0.11500349947766836,0.03513577320498547,0.022611517782322885,-0.016745166386075656,-0.05502656220580118,-0.15226184093783923,0.07485207387635108,0.10690366896195752,0.01880818761003967,-0.12073074732534164,0.0872174150988014,0.09386855353656665,0.17375396667087875,-0.12555571505323074,-0.14172235004267897,-0.09455839547192682,0.0832227027509956,-0.12831878776691796,-0.008335844805150663,-0.0177472306713439,-0.09777548943160021,0.012417182845692036,0.10987224456995384,0.045385516360441164,-0.1352795576635582,-0.01481271130745554,-0.03023944133412263,-0.009331210736080047,0.12321765557981856,0.03615341215255723,0.03494397843230247,0.019048173812416996,-0.02462702149113058,-0.06692026663765573,0.021670794477387227,0.11390692802887009,0.001519765804868893,-0.059478714606433225,-0.045136103363988926,-0.010557847032637194,0.059944963830237896,-0.11148173945125962,0.011658303008520093,0.09060757783384986,0.13863944188962005,0.008244962599427526,0.043706102449131964,-0.11721670105882759,0.05314448150505917,0.05004920978917352,0.014410136076915256,0.007676513984759477,0.1259084417792478,0.05015320295853311,0.10992333252815795,0.03668502900474338,-0.0871508734500014,-0.07884132811125956,-0.025403701957266336,0.16503987560987446,0.009389662030839116,-0.025083347414720444,-0.0906754498465525,-0.02417974345903942,-0.06760096794579729,-0.08408660053488402,-0.09709414049494519,0.08144123489799286,-0.08433564478878407,0.05560588535874221,0.15684757495501295,-0.05639145087029405,0.10305738379438076,0.011393809387343426,-0.02191208418975621,-0.06538489228203644,-0.03775350378460267,-0.010739480356743283,-0.0039050239177994073,-0.048982078492146044,0.06813121602904051,-0.11360812235453907,0.05340794128353089,-0.04325881917964152,0.03608676205246502,-0.07916671027491647,-0.08637818443632152,-0.002215193527646847,-0.23491418563599242,-0.06676959293573784,-0.29346960934751676,0.018104225537976866,-0.15275840786303574,0.06548839818228437,0.09766031073123153,-0.014866267181442265,-0.05909824473089689,-0.16250083201346913,-0.024474184448204664,-0.1372139395014234,0.12924285757199158,-0.008134549429860631,0.06116553960087955,-0.02392025426208793,-0.0164059275458481,-0.1576002208976527,-0.06837538058811438,-0.05462553917413917
altofl/altofl035_conc-Fis6_writ-H6.wav,-0.08144106327136702,-0.0004793263257520976,-0.00669110279499103,-0.005462198080846552,0.00790021889652147,-0.004902145184335661,0.004256313482260959,0.001848416786838069,-0.006469082893601005,-0.0063911364979705385,0.014047648088873346,-0.004650919209080347,-0.0006796462956800836,0.00782797035780531,0.00042280760964762045,0.0023083856449474666,-0.006660579976908488,0.013881976170901342,0.0031694123934949588,0.0639099054400323,-0.011404136080293155,-0.01115776479533554,0.02386918954722507,0.0454717581066587,0.07007164720763426,0.005854334708136469,0.06361116638029143,-0.029822381606742946,-0.022327621899076847,-0.01866674286084956,0.04540793054757223,-0.077960426127836,-0.05806956006833321,-0.03143225549211277,-0.023636776748445845,0.002315859093580279,0.025086644067611685,-0.05630919444709515,-0.03591444355815606,-0.013836284201807977,0.053509192374116187,0.10261292810178285,0.06556061678456557,0.02271341827527902,0.00528659678003366,-0.07938939922768712,0.05960444101069756,-0.049452144374222406,-0.018912067333272192,-0.2433870611414951,0.15453282534150378,0.05434944390201172,0.04458982374941252,-0.19757940752828043,0.024180498825613253,0.009531562909353912,-0.06448372353610628,0.12858597731229493,0.11920795511090582,0.02208182740948953,-0.0017428542985718012,0.20135904878314922,0.027679510472362362,0.02463268577882196,0.06666813767463477,-0.126741319904288,0.01866632984904862,0.08901565173442808,0.05993507788661803,-0.028353275684399548,0.05869990814777144,0.262007902965562,-0.02299625341247032,0.054738992754502044,-0.028972849478040602,-0.01858451013966093,0.050317028168733874,-0.06782947163350594,0.05563255116735642,0.048411982728701085,-0.08674603957526954,-0.050033299032388644,0.01729407173974366,0.06745062352384885,-0.09124544320084867,-0.05522440598973817,-0.12582272788952872,0.017585591339086777,-0.0568922746370725,-0.12623184394428574,0.010111021307152052,-0.013892449066035262,0.09868925429215605,0.14848778113236738,-0.03853738271425333,0.022675293458204626,0.06265714637728617,0.11834430309521807,0.05654501324778323,0.02538145711907849,-0.1379601200506648,0.14572698730626638,0.026955309816306068,0.07339213097285799,-0.06755847125256242,-0.04316614176255357,-0.04064599988754476,-0.11844473472392386,0.009844350171975533,-0.010154291372999946,-0.12269403163750087,0.17223383465877126,0.05306016624709063,0.05486430303062062,-0.05745719246836297,-0.019071719498698503,-0.0028815260114667673,0.03377099927709528,-0.2509682867902494,0.13475287711968725,-0.11091049847577522,0.008542233887162791,-0.10929722453871575,-0.10681403421304117,-0.048848694914359364,-0.11566149946814663,-0.020799706463399237,-0.2234627436349996,-0.030784931061436743,-0.14829845252124751,0.09813772954207749,0.21664551640726237,-0.09243804288602452,0.018556430411937594,-0.14831946716023978,-0.0030792480928809023,-0.09369126810699015,0.13200748597236645,0.027585941560834246,0.05913663446265212,0.027682630673701983,-0.014246052996266568,-0.1533311828459716,-0.058364828811446355,-0.06902855754064577
altofl/altofl036_conc-G6_writ-C6.wav,-0.11154816627572607,0.0007710638447689377,0.0004634564095728254,-0.0018329214654444388,0.0025441478804448616,-0.0036140315176057753,0.0044893333628256305,0.00014698420776445252,-0.0014655909903026586,-0.008728680572667472,0.00041118585698487684,-0.0031471827071732576,-0.0028309774634535222,-0.006055017018654246,-0.0021266152381055415,-0.0008800587224824588,-0.0075799186946335865,-0.0042896965838597235,0.0031815176854017024,0.001371046283122554,0.003881635891457059,-0.008457095838620633,0.0054443322720414975,0.00017545087798043896,-0.00856137483292816,-0.004188364668626033,0.003704957503732259,0.003568552264918116,-0.015388886503144523,-0.027613653696011996,0.0027503363564245907,-0.01025826398039848,0.006536195167017321,-0.00492416199731136,0.01729164417838882,-0.0054073719539003764,0.013776729686367034,-0.03951090674507373,0.007389019211861983,-0.010341950992730851,-0.0008555648200063029,-0.007191973303714436,-0.03139306426846889,-0.02014122124413069,3.467000321464436e-05,-0.011453799968941747,0.006028334329038008,-0.056303480711379195,-0.010715963469722908,0.030646891453052234,-0.019207645435720073,-0.005835046209811227,-0.024138760550370973,0.029104125110994264,0.04130242909187865,0.021550636012958042,0.011020731086274167,-0.033743195607362095,-0.04288433568574046,-0.02015015893993391,0.058075672888236604,0.07804114933100867,0.08841308957568574,-0.005062659673842371,0.014853425348354342,0.021076690443984292,0.017548787395410395,-0.031173307722474924,-0.027758351047720925,0.019435627761389573,-0.025946709352816774,0.09084341211969345,0.04013429213387837,0.02635897483105379,0.08052754533946536,-0.018973955814976184,0.02402924589766224,-0.058902872958739985,0.07719066831159568,0.021105172534011146,0.024270745453361022,-0.12627019971168463,-0.003369966080109567,-0.00033130767472818595,-0.015680755249416235,0.062298945529427684,-0.08331591673134374,0.0876630278097745,-0.075784423768211,-0.08207332810599424,-0.0005831612535959797,-0.11949018485616533,0.03251577637231395,0.07438136789153411,-0.06490500503761888,0.2472647107701093,0.1291640563808165,-0.029689249206727032,0.029267100979611597,-0.1124201699513202,0.07884415128049922,-0.018773837924854382,-0.006276987406187429,-0.1549150915626616,0.025598024665493553,0.14803300760310933,0.16652694473808502,0.06089260596679867,-0.13128635277663395,-0.04119831671573687,0.01636053050072541,-0.13153140501113225,-0.08271102415191378,-0.2508329146632216,0.122050640178893,-0.11050902791452802,0.22371763734131928,0.2682819806509819,0.17055510221139714,0.27561242452793516,0.24786980815500081,0.06933424847166307,-0.16810724707666286,0.19324894281441737,0.02675952502462775,0.03193001703216287,0.18742726366786,0.03795309855678228,-0.026385459953527167,-0.06116366247542872,0.022303808386132527,0.07848371330622578,-2.8672089989267976e-05,-0.029372860399507723,-0.06039246290577,0.20116418872077138,0.0940228880883027,0.04910403379910871,0.09296715055769267,-0.08864923919928552,0.16213509716855976,0.07312497541445444,-0.08080541801692014,0.04668010789962045,-0.13008611232413556
bassfl/bassfl000_C3.wav,-0.08545211925437729,0.011830028424220498,0.004570352813574743,-0.013969665094566748,-0.09222269628490617,0.03430349477244232,0.10437933882426606,-0.03416526817972308,0.029050941174308238,0.017154597514499423,0.04532171069393638,0.010228678780067859,-0.08558687475978259,-0.01884400305438958,-0.07465196277210148,0.00955861743459506,0.016470760021791188,0.09873751237713971,0.11179492657362664,-0.04722514415079638,-0.17616162900675378,0.0668448268782314,-0.09965578439036107,0.1028202123254833,-0.038784357044337546,-0.001190893598095502,-0.11139988633317209,0.01769173686264275,0.10876186513577463,-0.20227114429781934,-0.0500454116465681,-0.07167593081913975,-0.11908105790143361,-0.14281844629255275,0.18467913129271424,-0.02973639595278109,-0.09533349979844352,0.06892275916114224,0.11752232467266187,0.11381633719409458,0.22666891304589737,0.027057808912230613,0.017766348002748143,-0.03389143656605838,-0.010352106180717153,-0.12114583545999172,-0.10237683883333558,0.02739338430190471,0.18346473294965476,0.018600030819981808,0.10633531000989539,0.08727903696191608,0.0027347483062644465,0.09105890991203555,0.02222231990202094,0.09288799992336608,-0.010197132342326876,0.004299402940152146,0.021889215875769353,-0.009002870504962304,0.006842507649392114,-0.03472343831922459,0.013802818173906928,0.003119133187566965,-0.04785955988077423,-0.05267118989548806,0.07926620521731143,-0.028742476217780658,0.02593035266609081,-0.11702646350230264,0.047257945540891994,-0.025594361618366923,0.16565987725327871,-0.014920463652934118,-0.034591838658869736,0.10485136141398713,-0.0058787079532008485,-0.0414648091121321,0.010963693790260413,0.07368729615633648,0.020166445030255845,-0.007916237742443627,-0.022527816948189838,-0.08735994047477177,-0.1462864052226971,-0.005472667239046689,-0.014777252845230238,0.0679381533645574,-0.008833801906079838,0.0054465442852286985,0.03093903499323298,-0.09949882987334985,-0.07907355546651368,0.04977583785711359,-0.07853946042541388,-0.08940741249628797,-0.05350391053033249,-0.1968758165577631,-0.06232801697436728,0.019281650652804752,-0.17039741372566045,-0.09139517400740885,0.10380895268675713,-0.2008909625517448,-0.018271407216068593,0.00021163666181777535,-0.04746052128055199,-0.059098823250181065,-0.008556133301526578,0.1384209366763895,0.10121237897126455,0.0634044080316447,0.035026477513824955,0.038688620190137114,-0.114970653068843,-0.14204439447241016,0.0044952401278660625,-0.09889900360103987,0.06484942427164787,0.09819036273323699,-0.11029002115099992,0.08685318337196003,0.005132578691726721,0.14515655881808068,0.028508334990831212,-0.09414854835520761,-0.05566047085611789,0.12391477369743827,0.012252321731867742,-0.12258693883648825,0.009499576756942879,0.025550331168957757,-0.04493906788877248,0.028770291743213314,-0.01703941394256832,-0.012841173755602921,0.06097162056557745,0.0402971484539507,-0.14338306824245783,-0.1332579430606252,-0.05845436058291718,-0.07414125727651064,-0.03315305726066464,0.08491692520904352,0.09076311543313914
bassfl/bassfl001_Cis3.wav,-0.0872978921621458,0.015558123207735516,-0.01326438974586782,0.23828370948692035,-0.15350907987366222,-0.018630782670308106,0.14917340274212065,-0.05378698259725331,0.1281322671008677,-0.009885872504114785,0.15560049452075975,0.03899974537435729,-0.0965598419885245,0.008129718424170158,-0.1190381448723606,0.014514348081383454,-0.04758521321994467,-0.05044778115299993,-0.06491519238910391,-0.07218105910665021,0.09121567524955754,0.0344240970419923,-0.1496312805139004,0.10807788761261379,0.02169216788755344,0.07724817713011282,0.24257678291448423,-0.018900296536887636,-0.2094454656340737,0.08640823993453249,-0.1387978763434397,0.06267464305260627,0.1390337209111749,0.030296515438241994,-0.16420910183080653,0.04210889727519241,0.07775189476747597,-0.07491555450467424,-0.25807800630080757,0.18666500798703708,-0.08033954917110828,0.04255339966710915,-0.0036559180315473075,-0.04116815818798862,-0.07865894394239821,0.08163133406441639,0.07152670434777349,0.036773713242058664,-0.13539613927321567,0.03841227406591853,-0.09604937620250577,-0.028111263317573198,-0.1365579749433477,-0.08140345132140242,0.028076259807155664,-0.13209999594526306,0.022422618818444956,0.06372342557393232,0.045698379239870676,0.005087237355633309,0.09278388854538061,-0.03293730134077152,-0.013358858014184738,0.15187569777849108,-0.07233609196532406,-0.03958776775570699,0.02022967974434836,-0.026441649201523962,0.012069856414061466,0.062354320146065415,0.01811144302965708,0.046355142025479426,-0.028966392608675527,-0.06712697604821163,-0.04014628822251456,-0.008657219597496518,0.0006330907721241869,-0.04366122870767091,-0.005599739477748731,-0.03734842630717862,0.07904808165661246,-0.11305666834825404,0.023705649992615655,-0.0006950391693170757,0.04089997696613032,-0.09213402671294295,0.03261984939011782,0.05448095516271609,-0.012304227909267954,-0.024703527803288026,-0.006179485405445773,0.03446519502396735,-0.11735146764316165,0.086806870335453,-0.010429637105051522,-0.06892440746791964,-0.018127834109284417,0.01712089588584081,0.02238024732493269,0.01168467270045262,0.10546654917248202,-0.11276577468034327,0.044565767510575144,-0.05266613368739542,0.02411715727595666,-0.010510160081169456,-0.09919762638139482,0.08774366515397897,-0.026296020585452138,0.03695730855635819,-0.14672593839730677,0.0368520173389934,-0.06303693331570492,0.03320551800708043,0.02102804486545628,-0.09300886069788002,-0.01779852701602269,-0.07384126829225104,0.030010516397152565,0.08245909010872723,-0.08276426870271578,0.12104449091540538,-0.007889055722621944,0.06976196414724714,0.027434968908606742,0.003713769582428611,-0.07631531244057502,0.07820281175315032,0.03850992748180217,-0.11015085080035592,-0.02814886059751477,0.03886368373681084,-0.03908077096201021,-0.03514539108256548,-0.002729376916811989,-0.051554569678741995,0.10127186632867165,0.0729090572692875,-0.15389407815991696,-0.06266829026161203,0.020948276350292835,-0.08676553449475528,-0.024311016814052636,0.09344426673245419,0.09716975128658473
bassfl/bassfl002_D3.wav,-0.08210339959849614,0.06073722670469496,-0.09795688883996594,-0.30458694557558075,-0.08732889094579714,0.09884850918284388,0.030515295291064896,0.13308613485844223,0.14568143662755695,-0.04523494911794679,-0.019744489777741615,-0.12141255875562344,0.1871613463120436,0.008450343875694898,0.10695076520679284,-0.11592633358343317,0.018559034065966318,-0.009432474323366918,-0.1344996504075188,0.030020653202102742,-0.13858673151036122,-0.21593257749822897,0.2945482701134736,0.09271967770006351,-0.00813909297988148,-0.18784728725898167,-0.20524416070359275,-0.06476210836581468,0.017091447460963173,0.20350228095821857,0.18083145535054532,0.042433431782035666,0.011840537266670753,-0.09886427329117703,0.008611482271075884,0.15960053655821987,-0.03218721686166866,0.017091525659645897,0.18647455168568436,0.031152868020721983,-0.12698269085330904,-0.0010911344188983124,0.07136313902535434,-0.020968760922651368,0.060745044266766204,-0.026410646947371934,0.1507493035124281,0.032146923397626204,-0.12028417691039717,0.09571992558022202,0.017378235940205943,0.05668494979614347,-0.10737666476340482,-0.09014287902971263,-0.012186523290421282,-0.06738238018846787,0.015098972190302812,-0.03282805448423491,0.02992608263778266,-0.01156679749578264,0.02509818809833754,-0.05092450957914475,0.042805616086954615,0.12830108490550143,-0.05153977325633581,-0.060566653123494775,-0.02081919713214651,-0.009727462444985777,0.001004877932528965,0.051662743978187764,-0.0308671178786398,0.01361490296513571,0.06551592098740538,0.06521023436331914,-0.11168757323937081,0.030351225788452736,-0.004572593525739625,0.009891148813988702,0.06614283044632226,-0.01948115365849095,0.05307898386981853,-0.08180567141780531,0.035099911369682914,0.09834836794984439,0.06305907003294683,0.04742145456193693,0.017122873029086334,0.03705882135782698,0.04385262381697074,-0.00016679648905203875,-0.0615905382631122,0.06881773142361326,-0.019937721286561357,0.010940528726911529,0.03344057316432297,0.011968080537220998,-0.026109844021136704,0.039588791087085566,0.06001761957934879,-0.016225027682604337,0.018273363306137005,-0.023616862955930674,-0.009428924526898794,0.03484009910465772,0.03427201783455166,-0.006745458208529606,-0.0085715244458653,0.009312081462965648,0.003472386585359366,0.007828240836590804,0.008735580750153966,-0.018278163491466513,-0.051200320157950285,0.014485265883302293,0.06045643599969716,-0.09528951527597088,-0.02588609966129472,-0.07150173667912466,-0.09146004851406135,0.0306867403608285,-0.0036158115294106334,0.03953753356174866,-0.007164801016682961,0.08289238568059218,0.06078018606548302,-0.0564767498103898,-0.06042750049367453,0.1251130875518459,0.030706443885908423,-0.08053202521704539,0.02442596361271027,0.04752175094456415,-0.020878141316193803,-0.049351660104426674,0.003062918216066513,-0.04100875495564998,0.07641626304305407,0.04954323228814417,-0.11808836345333708,-0.06045687677240899,0.01291452517707683,-0.07605380528554895,-0.02531685364165348,0.07918302290223835,0.09738645047103822
bassfl/bassfl003_Dis3.wav,-0.0835701575094167,0.07111080970021698,0.039679221874726334,0.08095667640673068,0.17015898799053822,0.029096062834193016,-0.0799205049665694,-0.08105123998329494,-0.13765627985315912,0.03272837380054474,-0.07785923426118158,0.09422316256111188,-0.03408141855219353,-0.10686580068664482,-0.05702064008620594,-0.053328848941283126,0.11857886867580253,0.03481042420268041,0.01414081472131858,-0.19397830525670073,0.15782207357704994,-0.04126839423285758,0.06609178316100933,0.36356189005994516,-0.15247711504100867,-0.14240401715048395,0.2707959486811852,0.07210252258406129,0.18503535731143242,0.009213696929941876,-0.039228890277498416,-0.09342814047135888,0.06161897258283972,0.15951974169571903,0.09185741541224537,-0.11218522423537795,0.00631331983650258,-0.04738945795892918,0.09941758320793943,-0.07609385966764842,-0.048575638575313884,-0.04706887119581237,0.2194038210040181,0.0024201900002079474,0.09026920350048118,0.021989901485520304,-0.030621063149425067,0.014234999747994494,0.018610224484839642,0.03922596250861836,-0.08559451431454299,0.15364642253619556,-0.10414997886697804,-0.09243588864111474,-0.1421753892284041,0.19537509883588236,-0.028965699333182927,-0.12395025847088624,0.017604042287693487,0.0548863196661539,-0.1080470314227171,0.08783904921614132,0.12005245619666406,-0.003218991365046421,0.06624523707469107,-0.09148337293878017,-0.01848838551765622,-0.08306859831207324,0.03309043325531645,-0.019946521907684464,-0.05396676419557096,-0.11846421114907973,-0.020622377302368572,0.14325244702308396,-0.025260576614088523,-0.04640177281461359,0.010174535496072834,0.07322266143605269,-0.0052708586418933005,0.06978460849914732,-0.09693059204600211,0.08104070177422673,0.04992591490746952,0.06159718563059327,0.04772950665020912,0.06472011857934508,-0.014873708713220336,-0.0229545200456003,-0.010549378120625078,0.03548833296441454,-0.03892733344659757,0.007693376304364624,0.061531109238003576,0.02590458560400979,0.032141240567002016,0.021482796256905943,-0.019819436145893307,0.001820140991774355,-0.05713207898429075,-0.02097158269330108,0.023626389221739603,0.07661542637903972,0.033188257121652305,-0.014182592574259054,0.01474852560237297,-0.001268074751925385,-0.011569446064667959,0.03395555224445113,0.004239033453345101,-0.010953845257813104,-0.07979280957931861,-0.014923564967479113,-0.0634846479663821,0.012057493368987947,0.035418229879978204,0.03337303527894247,-0.0046886633378713065,-0.00016471275390838452,0.030183971964285045,0.026170497353809698,-0.015935101135486275,0.047813178427856276,0.011372856907166426,-0.02875715238535664,-0.002854817912928519,0.05801291337020037,-0.03044213614822374,-0.015658870293433585,0.019855690794858973,-0.034810810926095725,-0.039690041537840656,0.019352071812700544,-0.012630145041154346,-0.04393594568024323,0.006015809937807201,-0.042732266085333495,0.08604413436335724,0.065466069504548,-0.11191118735624725,-0.010798413881403448,0.05743867807405519,-0.07829982657331959,-0.01956249732661287,0.08362850716630484,0.10033075134092578
bassfl/bassfl004_E3.wav,-0.07882055860098984,-0.015910477135930145,-0.056422926024560734,0.09901944713019084,-0.04011719909654665,0.16204563811882508,0.07760401982918408,0.00541553572637854,-0.10144800960488501,-0.22811050576839456,-0.09383831219897629,-0.06493085579352136,-0.05583112778423914,0.07084276111103291,0.02302597156199427,-0.012444622527294554,-0.03992487039438323,0.07853317322712494,0.02426832145802228,0.03214037363462456,-0.01724098742330582,0.0960225062892934,-0.195933823968836,-0.03282973732023661,0.10044281966893277,0.14493807553079172,-0.05353884705592462,-0.08802045073984306,-0.1468423378732533,0.10592974784045514,0.023359608077948398,0.07394077388162622,-0.1010181737193933,0.07475446460575147,0.11611523363676649,0.08280002478549611,0.13078173202725096,0.07315264138077611,0.09744632047857356,-0.11309032542791239,-0.1354899961240089,0.027098188895528508,-0.009286604688047232,-0.12140015702236177,0.05904548168881132,-0.14010012255180837,-0.02399378832305406,0.03289516838433119,0.120859858723563,0.07478535168341213,0.021352066536327742,0.1176315215511323,0.039396483324547704,-0.09674886037274413,0.04029254786941526,0.10490594371942315,-0.01550081846386395,-0.06730604076272702,-0.015048518227681832,-0.028705530078193355,-0.14620448208696396,-0.07608456259339655,0.039864314001264764,0.1447225330621943,-0.042104454876415724,-0.03782611599773347,-0.13011062488541247,-0.030806489944635175,-0.10315991682220384,-0.026875308643855456,-0.04565920835545907,0.0613740237752267,0.16387519298032255,0.15824011371786695,-0.14455540838288045,0.05689812738497401,-0.019610855125205075,0.008733303959591515,0.08523534414996314,-0.013092766611185894,0.12826913944255008,-0.10152695300059093,0.018167069895689197,0.09922872522946913,0.03729904170379932,-0.025075340262684886,0.07982325711847531,0.004143473029255589,0.08191640191474626,-0.02512042968375404,-0.06463190360657034,0.05758361662354967,-0.038554851748271106,0.037987648438809515,-0.00026145104262125657,-0.024810724396901553,0.06830878780886647,0.030954063840420754,0.01595966244743854,0.01856533749337888,0.02552502072931375,0.005627776338403459,-0.027786628550323513,0.06404411307361557,0.021769485125883895,0.038365791930732404,-0.002201769363339698,0.023098580399569378,-0.018165040312687897,0.007278355366389155,-0.01804706328397535,-0.006596775269101698,0.1511892153178936,-0.04698754136682601,-0.1666628781306143,0.1789493616509895,0.04578759378256253,0.06508018180204515,0.19366277462697087,0.08302845095147936,-0.09950534135867903,0.060228259157901184,0.0236796422339129,-0.12349524447236757,-0.04921424306574532,0.13212217642632418,0.04554280186114962,-0.1698941207012165,-0.026561854289125754,0.11689291983114303,-0.05897056849849877,0.020288161151092686,0.1156095432560165,0.04858521053918419,-0.04630398721652171,0.003341218874355911,0.041975692506784436,0.017207811176562997,-0.02358039618529969,0.024723790161694414,0.03261488937980638,-0.029513625431500705,-0.01149511248900077,0.05401364263546749,0.09695062450819078
bassfl/bassfl005_F3.wav,-0.0778666621679329,-0.3747989580889657,0.23972856363820777,0.16184211955554362,-0.055813030242925825,-0.2145116414138726,-0.040275932594261876,0.09095335986225825,0.1734744668374897,0.10879665577742205,0.27741330528662234,-0.06368825964277311,0.06198728983378742,-0.013151186392719203,-0.16549266530205842,-0.08450784912791709,-0.05947899596697161,-0.016954796657010038,-0.15397100422704715,0.026055630866195913,0.003555768227318134,0.06140049624528227,0.117164894926776,0.13046208893095287,-0.08809048044195153,0.20002845702548605,0.0488750436658546,0.08930877372559255,-0.006360208271615715,0.08076049225598202,-0.01560553945736878,-0.030446043207434968,0.04227248610129361,-0.09339609451613468,0.2325647998355592,0.06808740971547482,0.07698645835147001,0.09663211672863897,0.09465385086416603,-0.006369441520058635,0.043836676452613195,0.06290288785239523,-0.13451678709016862,-0.045013861492649354,0.010845618350743977,-0.06607284707101882,-0.031330357251845214,-0.005710123388019052,0.07502980113623396,-0.12652149936979537,0.05115001925202872,0.05915314868846045,0.0620859849699276,0.0010328217042267496,0.03253828208314469,0.1050954799875109,-0.04269068100470925,-0.1501815507551626,-0.03991564564311317,-0.003996967918936722,0.032828625793544945,-0.03295229895189237,-0.02941424864085996,-0.05016794323893746,0.062201554752304704,0.07868041224475013,-0.032069836751072764,0.057920739030008536,-0.06824006794541272,0.016450424736665248,-0.028694492210200394,0.0017247764963868456,-0.07538656661469945,-0.022054848034433232,0.043664316273806354,-0.0518394021198792,-0.008338638006984256,0.0009407800382737867,0.008211549442994903,0.014315653961412907,0.0426353330038317,0.025275626927708295,-0.04412385116223535,0.05115258669308566,0.10676378133897405,0.11687991415990913,0.02732857377782678,-0.07597911128310467,0.07519530397957626,0.051599025293327494,-0.046968870167693494,0.05735903160927211,0.04618583823429073,-0.0017649615734206606,-0.006418144344798579,0.04797722723799906,0.0462034197527152,0.11990488761812071,0.08635618399051768,0.003404491266534344,-0.017227885358707347,0.014253654401280298,-0.11027947000739034,0.108062997710472,-0.005526076250107181,-0.012610604334779216,0.048612265265797726,-0.030070407405284945,-0.002325423273523787,-0.030368088002220378,0.061140988232057686,-0.04098035804417062,0.0634344082113516,-0.018890483042131062,-0.0012231429213262063,-0.007158422452341108,-0.0017308819811755471,0.0024902616386733023,-0.05639183815782366,-0.038077955096668004,0.029016804242197887,-0.02674855136315655,-0.003079299875127772,0.06400703245411375,-0.034632140535945016,-0.051245312799533004,-0.008379465890707337,0.042214277402103366,-0.02355993500626128,0.065094405848822,0.08636456672785398,0.08037375682129215,0.06969808792884578,-0.03676737106672322,-0.014682186670161128,-0.02461870912132987,0.05070167672959425,0.01611075815613958,-0.07035410810720945,-0.04808039581270924,0.007191827338323046,-0.05898509573460731,-0.023032083766828658,0.06482319195442662,0.09802388969085656
bassfl/bassfl006_Fis3.wav,-0.08495057949018146,-0.08329930476212316,0.004369561846848204,-0.1021417568527428,0.266863476482549,-0.08985174684643532,-0.2032617141775747,-0.1020645083122533,-0.08430188389295411,0.011533458610029228,-0.1435164936568345,-0.029322195524457962,-0.056431917427533326,0.10458641384849954,0.1898748423820843,0.07648451409397677,-0.004581777160482341,-0.042011522291495726,0.1027485610575835,-0.020245548056052637,0.05187985261524288,-0.03224830072290194,0.03478045586535468,-0.24224123592693647,0.0055871357610275535,0.1534308341482806,0.05978717170633373,0.05557722475224725,-0.105133037616636,0.10171448005155076,0.07441761100077121,0.09389653140413458,0.059680169414805244,0.058832055381491374,0.09111041146027217,0.042888826699525255,-0.07824895396850846,0.05180079225824376,0.039916242407111203,-0.15571538399110374,-0.07975140023895978,0.22547264561512367,-0.14306499974936254,0.13599425531665504,-0.019866906281937186,-0.020608349252353053,-0.00704298981018818,-0.09073150582163861,0.03403391466753697,-0.1066993661905053,-0.18992665219539678,-0.008944305293742773,0.32181200215978495,0.04034645341138134,0.09424400957879903,0.09445741581507433,-0.08734637345325097,0.021768489201934374,0.05355807795229951,0.0005244576033130582,0.03149199947336605,-0.11077910182439088,0.16435732558973054,0.051982212642575715,0.009463742211366276,-0.05505531214185954,-0.003009124268558927,0.02471996750915384,0.05401538622284288,0.011416981121418965,-0.02009986589146212,-0.037720767935539884,0.015147625849702119,-0.08447216345938478,0.004659983516125583,-0.02506553038153067,-0.010290214218238808,0.014531983038102755,-0.08261760190269524,-0.018065245562528642,-0.017056673032237794,-0.03962162989484126,0.05351425625625782,-0.025799524989252587,-0.019468912493365513,-0.07657401466473997,-0.05907517331599281,0.03568810413541832,-0.045874182654486874,0.011936969764273256,0.005427373643633118,-0.008147366490276385,-0.037595963368819194,0.02044280052676814,0.034785464759381164,0.01627893162758504,-0.09750728239714329,0.005333025091315398,-0.002871692590745179,-0.07826180370166225,0.012508184165905031,-0.03374928560297667,0.04877147035959058,-0.09801095099476259,-0.022627885871319656,-0.08866497925936281,-0.06426895193179923,0.03324586759510653,0.012002629722474914,0.050506313176708666,-0.08624302859495402,-0.004019524816646339,-0.08900687088647202,0.05253686727774831,0.06916896137799376,-0.13387677685275468,-0.021445947879775606,-0.06566663460174436,-0.01323050314833936,0.028506020975848062,-0.044587813300628804,0.08629576817986298,0.008228282313851983,0.10397645708493336,-0.03770835791034454,-0.0028334124476448504,-0.0615552787246053,0.04823958625293075,0.006822805603979236,-0.03614315120674691,-6.468105923855848e-05,0.06372338888333537,0.011456469280929964,-0.03905878884720198,-0.012194951247520482,-0.049702481317887556,0.10290094017339012,0.06478030147255523,-0.13273921118802015,-0.03929003406509406,0.03660520297083552,-0.07874356827454276,-0.02059094232846,0.08547647187429064,0.09899910827536346
bassfl/bassfl007_G3.wav,-0.08006994452934336,0.3183727221176899,-0.04088175787603934,0.2564373358867754,-0.2653793988282635,-0.24444918254613796,0.06461998524916772,0.1511654498537559,-0.05897021981300987,-0.12052925089344549,0.009876958969985068,-0.13024201270837651,-0.15186833986675624,-0.11108148974001741,-0.058188387834098514,0.06710661361350374,0.07563084788462181,0.06529875809576291,-0.006256294530429238,0.037891128346184966,-0.06889902944922228,-0.01641376126256255,-0.05332887616826132,-0.20622007193133607,0.026771114790112835,-0.2821429208678128,0.04536932722253018,-0.21610337317293746,-0.12904469714499758,-0.06361261333158089,0.061688107790422664,0.0007722628957976922,0.059886108988742456,-0.0072231121296975585,-0.19492615219521445,-0.014292790306415967,-0.08484433168922964,0.03609900261961461,0.062152673638249736,-0.13582316551559923,-0.029376492820023702,0.04754021775636932,0.04026939954383124,0.11213463059038396,-0.011501259177770963,-0.051206096333866295,-0.1335493894694675,-0.09373743723993093,0.079887916150869,-0.03294564760303301,0.05911804890860704,-0.023276832736689592,0.07837731537425265,0.12053687520085461,0.005221049939393068,0.06082535431373759,0.03309219035046557,-0.0515455321414353,-0.10358230663415605,-0.03051882743688074,-0.05071288295627743,-0.024967317636985342,-0.00618030233318247,-0.05956451879762435,0.032295585100770095,-0.015042115985704901,-0.05287407555576598,0.05173714086191086,-0.010877093008370805,-0.05571368033427201,-0.0056142882777272946,0.018861904014204706,-0.08027860324092191,0.029055318531454724,0.021456493641432095,-0.06341093307422346,0.026021384967935324,0.06239844901903825,0.04014831591227986,0.03334255639901215,-0.05285890460116099,0.08875973630004975,-0.016171205539788715,0.04881347896853146,0.06171078535822641,0.13519723230123049,-0.013182156436040898,-0.06169141722239278,0.03968145006939005,0.0730880299108683,-0.05722755155263178,0.029538350677761734,0.05866010646270571,-0.0015407377982668974,0.0034758937685735805,0.10459568014392827,-0.07251283977236508,0.10556168841101067,-0.006598923802410811,-0.06581770701631309,-0.025945937528560663,0.06249046599718648,-0.01337205505280388,-0.0005960812161667078,0.021028289955711918,-0.06721129258822195,0.006062438419232728,-0.01806233996362243,0.008760978458613875,0.004961027255626388,0.04097820129058267,-0.04098810947018387,0.011022834111238273,0.018910362728926072,0.0344001550387985,-0.052655189445658085,-0.002262968574856486,0.023565270280372606,-0.06632232155092957,-0.028345227383203705,0.030974904014820302,-0.008159102183547595,0.02729725726904736,0.04811145668871579,-0.021873004710737932,-0.02630883019542621,-0.026341561278046363,0.04577595976358643,-0.0083170915435037,0.014678012132448686,0.04676545402465941,0.06520579711549972,0.027214598546971197,-0.05274589259813216,-0.00010558309150897293,-0.03622557875383121,0.06873951275452109,0.03837605173430195,-0.09382917015134425,-0.0385810356230583,0.027818598759715037,-0.07049125234559173,-0.022567860466319044,0.07349754503536653,0.09915919908658762
bassfl/bassfl008_Gis3.wav,-0.08383098465181893,-0.29517386782573307,0.12142987083201798,-0.13416930685338435,-0.1969880680653825,-0.07323765513270136,0.004951719900189548,0.11101403350888214,0.03275733866594507,0.04189550976190892,-0.07714562264651162,-0.05416668249908268,0.15235389419084072,0.002197746441983145,0.017120737580004698,0.06814213081399283,-0.16997605910424676,0.03687062862472263,0.08501110964728599,0.20453067035090355,-0.015373146939705274,0.03080582093912232,0.008815704469116446,-0.19988662335377363,0.04718731104755346,0.062750801589325,-0.05119028588313242,0.10666414972327698,0.11271090814420132,0.017989057754058877,-0.08647178324494784,-3.607211862950862e-05,0.053666872035666086,0.06858901052514083,-0.2075466634022318,-0.11346321044765605,-0.09259134375830683,-0.0752055864792689,-0.10140878683727599,-0.029790412746823175,-0.05182232981245834,-0.2501017090880509,0.10296304913520135,-0.05946962644019613,0.10797325797802196,-0.007048952964410847,0.08307078451641992,-0.049429369172429446,-0.047478543594877826,-0.03230447525317691,-0.0357766060680805,-0.00024527870500248156,-0.08279208433700495,-0.005841038459040007,0.09848149600432692,0.006389919058477633,-0.022427850842632255,0.08803096525579851,0.08621483920691045,-0.046305258016339834,-0.07964295963058377,0.0256150396963506,0.015560351092089749,0.07885241658402373,0.0009885568800242365,-0.01801417192702659,0.05420196582051746,-0.0908785399941047,0.1222056915319906,0.00114279973400494,-0.007205926924501848,-0.11347012718643744,-0.10834625295232247,0.22570174073504362,0.056122400960409435,-0.06943995740342628,0.0972381008264964,0.052848679211232485,0.028083580225872436,0.12657668909642877,-0.018467690441013915,0.12553830285775297,-0.1306903438631348,-0.07967741350402423,0.017618547344985372,0.17539097017323874,-0.04050390513829147,-0.024270799162444047,-0.025471021984211736,0.04878195611194903,0.005691638074486832,-0.04628797998974028,0.009347282953207366,0.08659847937436557,-0.03289422918125202,-0.028675012589311346,-0.07597464480281468,-0.05074554259559269,-0.04764813435180164,-0.046667620338463146,-0.0594073916191198,0.0030684040844730226,0.07869688887937139,-0.12494936225250504,0.030405171743873027,-0.013899428886539243,-0.03724018320958715,0.003066207465744125,-0.014283982304316215,0.031533397347413505,-0.006193566558552507,0.04878475838484582,-0.012403975368226988,0.032894432414054695,-0.04507400507225813,-0.0008990156167354504,0.01920084505522003,0.04984051813116069,0.0980228750528501,0.029004602135048612,-0.04676240323997598,0.03882081324986741,0.04210404103419481,-0.04895931008157044,-0.07753964473060912,0.08590394734101917,0.006942803087675212,-0.11172242263361971,-0.02645698270509402,0.04114831504220277,-0.061884102880351496,0.010341971729479659,0.028439566591811558,0.003710641381382888,-0.0117920908594618,-0.020827983195034944,0.07513040529787365,0.05989512884028958,-0.09267057337074705,0.01753190780488613,0.06906801040035258,-0.06916587684993457,-0.015478577163020977,0.08087041112808181,0.10114190617431564
bassfl/bassfl009_A3.wav,-0.07866108705535377,0.3710018357487461,-0.08574739045079638,0.032536227908240664,-0.14663435113953172,-0.06237695008604879,0.022471945260251938,-0.07345417976083247,-0.14142041375554684,0.04966334556024499,0.09897722466111138,0.255446314890815,0.14886780460515978,0.10578407426442726,0.04995186349085526,-0.28320725716321843,-0.19534679102871821,-0.08065125221170763,0.10286745615585965,0.0018114871589387546,-0.01753076345697154,0.028230295716934486,-0.07970184851775192,0.10689504857052902,-0.06149707941612313,0.14724117476960252,-0.14372515223767796,-0.06366091058694268,0.013925564886693555,-0.010038794118352248,0.0894606327277823,0.12746884984945558,-0.20150088512064956,-0.017530222855059195,0.03995049647830745,0.02119581723984977,0.17385101684117102,-0.10639118344462853,0.05966306030117789,0.015485139565112951,0.013316166419722653,-0.06366516449491513,-0.031975905063128404,-0.06928623819825899,0.05690310835711543,-0.017542801368607648,0.20054041331388325,0.00767702138501164,-0.027970934103100885,-0.0025176199779889386,-0.08867793087936404,-0.05698282642330134,0.0629825851399453,-0.06119932277887751,-0.01661198489808044,-0.020556799914408022,0.020892468159173283,0.028675072926720266,0.13096617911031447,-0.002705262779734971,0.01610467648183103,-0.008608835322136233,0.08343278831360743,-0.10789016860240427,0.032996212094764554,0.06696263268239108,-0.01418434480111068,-0.00011539081286775221,0.007334678721448391,0.062195419162595064,-0.023616679856105337,-0.08516433220422619,-0.0774545174230505,-0.13095704719605047,0.12041822907185222,-0.04694398347719248,-0.03498802896561065,-0.043070243345031664,-0.11998092996916368,0.0779927799282573,-0.12068361388101093,0.06387026270908619,-0.10084122771972506,-0.10218802616568484,0.027936833982521204,0.009312577804854387,-0.0736789144697553,-0.06273101825381487,-0.054152260498339606,0.056080501830108445,0.07439901210265085,-0.0151538829496619,0.06350753711685629,-0.024045922271286074,0.010119173654463853,0.011989948191775998,0.021512697178306714,0.01796183762299769,0.0371971420844403,-0.00815072081919225,-0.02636914092395625,0.004271584883899919,-0.04166041035865691,0.0003481032880124635,-0.03308777518125271,-0.029259701497418432,0.006670571350471152,-0.009424752491888198,-0.008579257205651277,-0.015674505745377015,-0.017431766764940078,0.0005913603931787768,-0.00041912783044979415,0.011238893509101205,-0.003094682461224546,-0.02348070955113648,0.0001260899124159217,0.013283270267430418,0.026074359106361685,-0.029232875198300992,-0.006440444805031809,0.0070979617206144985,0.01118034733215525,0.05552556997173509,-0.12391276610954745,0.00034489550953278707,0.003950193194174057,-0.051831276316134836,-0.060498664648558305,0.13107541707423187,0.06371277918397489,0.09341964505471133,0.11775188530883664,-0.005452434356125827,-0.03789917771408797,-0.01798483518152448,0.06038947414408107,0.015341633990806899,-0.06741602255271868,-0.03509282061789058,0.012198715631086134,-0.05232350957385121,-0.019353061485448277,0.06359164585919821,0.09855443440617648
bassfl/bassfl010_Ais3.wav,-0.07995281200266692,0.023427031987103886,-0.07469780366163294,-0.3959861367799772,0.166705550686307,0.4222139672860874,0.166177106924652,0.03083061527241665,0.0004476370763557211,-0.1924653684514924,0.04213397352781785,-0.10641546891406234,0.00937106673707527,-0.07540620269238785,-0.18863589101063008,-0.02424700171017903,0.08360074196727865,0.029495084623411424,-0.08336704060916375,-0.0524388523372543,0.08557068301125637,0.02219760757774973,-0.08744378782779282,0.07064163434905175,0.011940726506212189,-0.0917004377632093,0.08362691666929643,-0.03298821391270161,0.038231533927282374,-0.0743491754876749,-0.1007484749604347,-0.08505552832140399,0.02021172226626672,0.044965428440581434,-0.012752699319280879,-0.07634254123713591,-0.031301550383377376,0.09020461836659699,-0.1087222135280285,-0.016599442251795632,0.06154233701089774,-0.057619977012660493,-0.07427635354765838,-0.02837932646628305,-0.056161066148596075,-0.015646801473421786,-0.10277874504255721,-0.05385928193955481,0.0991133475868986,-0.07056598846814077,-0.036631010718019295,-0.0749994182863236,0.12176573800240406,0.02871966837654054,0.11939632645031163,-0.03476858415564071,-0.016220057950801493,0.04891805047186568,0.04715994679175623,0.015237658616388027,0.0682089000571291,-0.023864743583246868,-0.061049982887247646,-0.007421750158262352,-0.03199587708928888,0.0337812268161076,-0.007662622639982115,0.011866648400614833,0.006149371898927579,0.031689214593563164,0.07649651513452357,0.028951908330403384,-0.14063898129325736,-0.12360543867178864,0.0935418606308982,-0.062315007464704635,0.04252098372848713,-0.03763270203996706,-0.019650085474965356,0.02842747737420122,0.032956047471437204,-0.014626045508209319,-0.13182189343445008,-0.14523047535164538,0.03307341067051488,0.05427429430570342,0.06336050496667273,-0.13954839294995663,-0.007854444442569138,0.07560990676774443,0.043041582732412466,0.024655391479036427,0.024977810447502524,-0.024688111064520395,-0.08098327325516258,0.08999597306949668,-0.023993629028036936,0.20745851051130806,0.034574010734128274,0.0035159228712781125,0.05295764808259795,-0.02629681178881918,-0.08716114333008324,0.0384151461513974,0.007868259213908223,-0.056023525800031095,-0.016017282470118646,0.026864418688526154,-0.03067075519735827,-0.021153393862692788,-0.02688276819721385,-0.012875517922944078,0.08521607014525351,-0.0023670510028728775,-0.007662800762781976,-0.009550837017425191,0.01626932838774545,0.06749894130677812,-0.00526496833828404,-0.044013679607177496,0.007591839791729699,-0.01652379238127697,0.02369756309616795,0.033771655383385446,-0.08326140689686687,-0.007200371787974173,-0.0006034730414757397,-0.013483686569704582,-0.03717821401648945,0.06999063905757791,0.06450925453619616,0.08138284285072356,0.06293822412450326,-0.033236606264929934,-0.011103466960016654,-0.027812618308269692,0.05845508113985938,0.022958986189041818,-0.08695367472180658,-0.05104539003238223,0.012597767925055599,-0.06634584592302106,-0.023041782495217863,0.07202912763780525,0.09857923904771583
bassfl/bassfl011_H3.wav,-0.0770798535437344,-0.2505089451983859,0.16293347906522368,0.2799198864821893,-0.006479290166731367,0.07757393297264548,-0.01030839210074294,0.17491502750645757,-0.1883483169609936,-0.05045866634856434,-0.13472552787758812,-0.08920989142117905,0.09131409415923492,-0.10275728587662557,0.13175241615709232,0.09231782262641372,0.24724220677022313,-0.10440834596780083,-0.23364619247456297,-0.031071501103933294,-0.0217839697627479,-0.15898648918918024,-0.004815640746566582,0.03224466330137728,0.07387761667327311,-0.11459783226100832,-0.09418297826178323,-0.04738994912205977,0.05657236425960503,-0.12954858627113494,0.01841173435264795,0.016569494750442088,-0.05575293680744757,-0.043877524451644355,0.008142256921699224,0.0719802872875474,-0.020978789007895765,-0.10941533593875989,0.006753679583481678,0.04950353449781859,0.010717841253412658,0.10557805558989582,0.01700475771992271,0.026205472970166094,-0.02493937291703688,0.07842974949221171,0.009818130076218689,0.12497124764121442,0.003550058620087771,0.21455026198286514,0.005663042971391842,-0.059894709104244236,0.022732446337618832,-0.08310849741948086,-0.02033051581586664,-0.1329813536428861,-0.02412017893158205,0.12377455948336075,-0.0023973800802491625,0.07606501066452222,-0.06679667295593614,0.04376078580097464,0.016026191760667628,-0.007969601181424639,0.05056567016708616,-0.001884527436466105,-0.03971479456549042,0.04488064042011973,-0.015559332639140718,-0.06280827045437759,-0.00709954753813017,-0.000240168278673826,0.018259295458342026,-0.010459328472258342,0.09362177539851614,-0.04894149357745278,-0.03901272949305675,0.016157653199548143,-0.055461698252759664,-0.07451333545062275,-0.03168402081695741,-0.002940402910795857,-0.045756791898498045,-0.18465626106837638,-0.061878789850870794,-0.12565128874822745,-0.06560628237911999,0.00812749042146843,-0.11179615436676255,-0.026310824739468427,0.1539621074730072,-0.07032585401534899,0.019431265494412025,-0.11871613390149982,-0.023102816204401404,-0.028515852947173834,0.040739365840386024,-0.06405427050642629,0.033808901629704936,0.0975845675081038,-0.003322154166987751,-0.06397552313486116,-0.03829355011896275,0.025333128822866327,-0.046805527395222576,0.004068784460881894,0.011393111730412395,-0.013196214686209445,-0.030951046433285542,-0.04248963553065227,-0.058238126269630375,0.013914764052096767,-0.07259028700694885,-0.0006818347262458925,0.020562622996762328,-0.03764049208099894,-0.02253139341100969,-0.048565552885772426,0.039165862315847066,0.004292804256668027,-0.03429485429957173,0.029995482657720167,-0.02576667211884732,0.04589770900231302,-0.12483494702672392,0.015470651927428497,0.012528669037254872,-0.07164594258242092,-0.06616084741745962,0.15746072405281517,0.05876885516435952,0.0994939257021003,0.15920480304732335,0.028018401322060682,-0.06244944167696604,-0.004071934502172082,0.047947898249732626,-0.006199409129263268,-0.04368201099947474,-0.04200498932774807,-0.012053455815540232,-0.034348338237196956,-0.01767091362340637,0.05263753958569728,0.09646708161191907
bassfl/bassfl012_C4.wav,-0.07755522063491495,-0.01391041768283012,0.09259479390056988,-0.2176230289662746,-0.002520155107543085,-0.18831236254392716,-0.11502544970128559,-0.09296225622529,0.25139585453492863,0.2396452217321252,0.09552745538162945,0.13646751669329651,-0.0507384454036343,-0.06006882067352471,-0.1365207889637768,-0.02793111269212961,-0.0431180527440488,0.0710191559922691,0.012246828784854738,-0.025449905278144894,-0.07757239570089858,0.02139161660077582,0.16924351743052277,-0.10194658246961304,-0.06819064650763111,-0.1435749823042595,-0.040206766592832774,0.002800490025281252,-0.02705091423539248,-0.19251015670384322,0.08312699806590966,-0.06169723679003543,0.09058924730668685,-0.017327281883052534,-0.17997976955929862,-0.07984185999745806,0.03892985273311441,0.07263397902875678,-0.0023056411142016054,-0.05450112540449089,-0.012279914767502106,-0.023207451222258983,0.1709112257091889,0.08311936288014009,-0.03563721575555955,-0.05671864474857249,-0.0442254763173615,-0.02081622540927165,0.04142605142826129,0.06293545394620796,-0.014080475339760052,0.0208459584866533,-0.014896488419998025,0.0029925178232978952,-0.07341270234101244,-0.0031978241236941124,0.08820802766745417,0.07375386801102497,-0.037692205590929985,-0.003737976056191445,-0.059498567993518214,0.005853614796108755,0.009204046141246716,-0.063335592688589,-0.027090391876416965,0.03540810794632092,-0.04717425948376707,0.002958649971690111,-0.04175208468409885,0.014084202281678088,0.0006716872168031247,0.05283120745785494,0.15133210246707712,-0.11320643045703728,-0.0607399209379619,0.09716948070187728,-0.04234820623836875,-0.04161383581524507,-0.06875966213786086,-0.0686018615083657,-0.011563914600671708,-0.1539397183665524,0.12126219982508057,0.011226566881153761,-0.08563508283703486,-0.26825315984510634,0.05681775537149035,-0.029174510690798003,-0.04766358100660624,-0.05701502689302189,0.06070417252420951,0.018810790645492553,-0.03482215953521271,-0.0994284390360357,0.00843747845175087,0.0374322541377864,0.02580180449498765,0.05630758116913591,-0.06696575763352833,0.011580971993542112,0.10069180352320836,0.01097967638674962,-0.007246113776423594,0.018311892826713715,-0.0364969513230366,-0.036381743094441796,-0.03982020567563116,0.07294485522183039,-0.027684324626508737,-0.016469397049598183,-0.14446138816108725,-0.021247438982592,0.09299227967877426,-0.033736647762478804,-0.07632069217151455,0.13120407376953427,0.02663686850793011,0.06072578500102756,0.13696453146282297,0.032864806545395746,-0.06766027674895006,0.05376633455814775,0.016037310823835804,-0.05016790317829182,-0.10253025707852262,0.08943402639750983,0.023843409989070308,-0.12252977472997281,-0.04493286447151465,0.14577102318563903,0.024887311073385477,0.08938862875860819,0.1464106101999772,0.010718194514071125,-0.050899250458001366,-0.014786492842504688,0.05420247893253074,0.0012137017855074366,-0.04340064570623675,-0.03234041247137705,-0.0034796589432621507,-0.03453456413774613,-0.0167074143115696,0.05305543878763018,0.09582616891446888
bassfl/bassfl013_Cis4.wav,-0.07818142674211473,0.21117010334082065,-0.20202380861463534,0.25597574495354414,0.25132905954929463,-0.15397289184807483,-0.0660480823155605,-0.05595902198670544,0.08123296569760545,-0.009386807563314819,-0.07162362368660916,-0.1901401625075475,-0.2268586973976816,0.0754903004312551,0.050279847409464756,0.13858774874119065,0.11560498944115667,0.08827906324009926,-0.03644353921035544,0.1169474561833783,0.007224167653495641,-0.047777868407652586,0.1893505280113819,-0.001992598825677573,0.08699602543805049,-0.034205835090889335,-0.08879735431684006,0.12967085422837654,0.11047086697596692,0.1253655517519562,-0.1404790117613938,-0.07845443981411795,0.06276934119256573,-0.057026277731517236,0.17552767449860734,-0.0922646179030093,-0.12314319924890316,0.09070511879018518,-0.03434403107811372,0.028632309774067388,0.04351279204756329,-0.1044492288522828,-0.09002937994405566,-0.06789969525774386,0.09878778033789305,-0.03685995929567326,0.13020031346129135,0.036360772533834886,-0.07242437227271485,-0.03803249157814717,0.039681239600951525,0.008484935650045843,-0.18326838040155127,-0.04031743356877192,0.0394745027006557,-0.10217620582442857,-0.0036142792422824144,0.07021021634231082,0.09555025106113771,-0.05041128244973722,0.17260117002911796,-0.031472103677033084,-0.08624432558148754,0.025262943634859515,-0.08261478300320044,0.0643911073011496,0.16060885180249018,-0.02659563796158057,0.08675617876141692,0.1270201293916557,0.03398469489451358,-0.045856114790399985,0.008893969827148733,-0.12360672348180937,-0.0025535697970670776,0.10147026721252411,0.011122493360787022,-0.10222497840919645,-0.05370428106361249,0.0573424749467311,-0.006615971426571148,-0.032719345259006084,-0.041962415891612995,0.0239689875783125,0.009870145602091693,0.04625824481124708,0.012829493109345384,-0.006080138776885414,-0.004956624615918836,0.0008766230545761457,-0.013273921346772778,0.025711884685605854,0.01698310175676819,0.004011614072945743,-0.015248796457876128,-0.014864695692948803,0.037280686713727224,0.005353690242281904,0.004477064501406636,-0.008128271035981415,-0.021338724793840937,0.013868014155129756,-0.01210001674060492,-0.008955583781853115,-0.019120957142646194,0.016048691824272515,0.024963134927006546,-0.024577860536309396,-0.009399569523725662,-0.010627241721146721,0.04733098468283014,0.021116481535334877,0.05901381039997425,-0.005005238979624285,-0.06081318511319282,0.05102149977254761,0.02506860838567078,0.07171275667564918,0.05502742214435476,-0.025536668518430252,0.0007273064975008431,-0.035605947970124306,0.03051831058703992,-0.0383875158297216,-0.09895673958510884,0.03371307042600643,0.04402855508863445,-0.10822134222933882,-0.06156082878576054,0.13332289968199057,0.01909511153498006,0.03859537707993053,0.0904080818282618,0.012308217725825688,-0.023079832300993135,0.0011312085291375336,0.03413673736063774,0.01447331504049323,-0.04148537538552341,0.004302445581635979,0.037168786704564395,-0.049040230441849436,-0.01673895746514097,0.06237686980938188,0.09996938769442476
bassfl/bassfl014_D4.wav,-0.07874460215739745,-0.24292634394870666,0.040600325512771644,0.1549979396133688,0.32334706110481687,0.25425011034422057,0.045868935767282334,-0.18198519833187973,0.0681624408237503,-0.022098002770004267,0.13809709558038616,0.09934555311720891,0.014089129840625467,0.016647658620982008,-0.02001040624083403,-0.007477595624490746,-0.0056068606812606624,-0.10629115257684389,0.13361039020232235,-0.03917132990770296,0.011572633761874085,0.09584112129297884,-0.001036142672541403,-0.11012510663570313,-0.07083271087591558,-0.037929258873773214,0.05372688890161326,-0.2567377242901309,-0.08967819940485983,-0.0547488319613204,0.1821667569026136,0.04414999572702934,-0.03865292781087139,-0.13562312207269656,-0.13689253515091768,-0.056821537704346545,-0.07000824978830174,-0.04632556426942521,-0.03779935314432309,-0.07214018069446053,0.008106928104411645,-0.02408275686865344,0.0752222096036564,0.09116860636060785,0.057028434067724496,0.011473615806339155,0.1241889819639822,0.027955858223918786,-0.14105907680588048,0.09978781002738452,0.08533842423720206,-0.04688249173987567,-0.0965516733402155,0.03739120776033341,-0.12607870011589967,-0.06808456439028324,0.15394909391285272,0.002083005709317791,-0.026231920374657484,-0.05201769401096388,0.010561608361481158,-0.0396240580072232,-0.011153709308911242,-0.0015275086906304108,-0.11157979735101875,0.0084701285785978,-0.06314707416617985,-0.008064354530689224,-0.07305152924063682,-0.0030981108893489984,-0.0010691012542623016,0.06578986464235938,0.0819154964586934,-0.06979758821085763,-0.04303151325719588,0.048674910607114596,-0.028137242754697943,0.0020813414921687055,-0.06431393375821191,0.05933381937373158,-0.05600114247870505,0.05016196968191099,-0.02435784650138792,0.049612549225813596,0.023032108597819106,0.10924609148805711,-0.07432372531375427,0.015433423468470382,0.05463267005513024,0.06860626408068018,-0.10873954264102399,0.015088743629682115,0.07113469926990415,0.1134407464543841,0.05178215719833789,0.027792587584691286,-0.002346329231455266,-0.013847029535442715,0.05221906017804549,-0.1304698357978188,-0.13877062324142486,0.10841909717196833,-0.01349632977261387,-0.035900964825372514,-0.013780875453509,-0.01515896926654613,0.06721473651014154,-0.138126826138615,0.08086942905905091,0.0642577264193605,0.22180320821889554,-0.04367393215544703,-0.011569268613720504,0.0453546764711585,-0.01445244413892129,-0.07165928533447544,0.006661062837182192,-0.013171097248859915,-0.023577672363723424,-0.018057999382392595,0.01133567916817018,-0.042872830675994,0.03854908387424833,0.040066823172050535,-0.04076633701348845,-0.01683225699855886,0.024786181149426517,-0.03129346547026421,-0.024253646414664803,0.0369197212709105,-0.035987442910542275,-0.02897810041218362,0.026867498691464806,0.03785648004113303,-0.012473447943426802,0.016049867445150988,0.02212838923944717,0.03671440880932749,-0.024474369580523594,0.05453130097946418,0.06864669041841795,-0.04537448470381786,-0.01257252054707216,0.06146808378089738,0.10034964560318411
bassfl/bassfl015_Dis4.wav,-0.08991759740563289,0.01251079598953204,-0.0022725940590479898,-0.07905880293898436,-0.03762048957399699,-0.00799118156222923,-0.05239662110349104,0.09692014788613576,-0.0794789354193479,-0.035907770885473124,0.03853336948625275,0.04403329146670318,0.014636132259272093,-0.030694127176485585,0.010385450795204254,-0.02184977795344136,-0.027967063264062668,-0.025037013311792512,0.011209617573890947,0.0639798647620805,0.050710675112858226,0.014751568896778217,0.07998595429451023,0.0019493578915923404,-0.05146532412406909,-0.1485263475479259,-0.00039110956812760805,-0.052415255432638405,0.020183121439657014,0.042601092829194734,-0.013039817861749877,-0.10018715044892791,-0.040655559696642696,0.059420283553133585,0.058780922337836966,-0.14070376335629659,0.028347141877770005,0.09962783993287688,-0.07062370806472833,-0.15433787738096102,-0.07186422288820185,-0.06484525683992033,-0.08487106807599845,-0.06633354189458868,0.0017016302854073462,-0.04846338276849094,-0.025879134783313225,0.05979965398804156,0.10785034636776457,0.014240480529473402,0.014734802267257254,-0.07824880144476845,0.08204843062405588,-0.05214210661756079,0.032523825362422314,-0.08145381931587715,-0.04973353380845003,0.12148585713731364,-0.057423457478463336,0.010640362841818976,0.05707142913183815,0.051749573674387,-0.1903558660025167,-0.20602451329222443,0.04946231508376947,0.22145796721041755,0.026178275571520734,0.11924772420743132,-0.12822666319461926,0.04030269292102133,-0.0015991661395266255,0.07448188641526829,-0.017533543406425923,-0.06178386130985859,0.15973458782136743,-0.04653060863225262,-0.10734362116017604,-0.04838233073474049,-0.02261680712597678,-0.18268009019770193,-0.005232155746647792,0.13495691743507535,0.009696831986233362,0.10846021684990002,0.04203084852698698,0.027647295806968987,-0.11424452866987211,0.12976026775823707,0.11795635631869757,-0.11522605404546656,-0.11165278754888747,-0.05935883925787296,-0.07183067582859876,0.08955617509370964,0.09305946581215642,-0.15803898471288602,0.1460183379616414,-0.18920391958007432,0.0931010795440179,-0.019916789319697495,-0.02690740392357155,-0.02191272135235045,-0.05330142203119992,0.0745204645415377,-0.08418005491270693,0.04235515954552124,0.039152859057324144,0.011487793018575804,0.06831829394446993,0.005212828392633151,-0.10136126759464306,-0.009800793972675623,-0.020761071538378636,-0.028582046368329575,0.015391771980877642,0.04751276952058109,-0.013898785121867707,-0.1313433903047842,0.09879383593066142,0.04847062257980912,-0.10457029421506031,0.1322777355794475,-0.06641834317926948,0.052551941696272295,0.029199267135665792,0.06561311089823213,-0.022666065026257662,-0.02565167525821853,0.06749539548427419,-0.17172600803344693,-0.19289882145952025,-0.1334266138986268,-0.094767028101044,0.09305008239253167,-0.016934104455721584,0.013314416811839104,0.053051623658093267,0.10252184644977475,-0.06692420472051135,0.11269786898305319,0.11142555410529065,-0.05238751955619803,-0.004268674155213318,0.08393286500057712,0.09846455338013099
bassfl/bassfl016_E4.wav,-0.08255135846555545,0.24169578690727267,-0.10149933616936327,-0.061047692034775315,0.13374535603320212,0.021456734015707617,-0.028488758859771854,-0.0969287860914322,0.12758229432086246,0.20943557929959855,-0.0439366985083318,0.10533964237085193,0.09757131389947697,0.06420554557880878,0.0529700763485089,0.08483854731783116,0.1506394731539752,-0.14708181527672115,-0.18999940428506687,-0.0520359049983683,0.0976371670008907,-0.10336355642588099,0.07124578770920623,-0.04218814381548443,0.05436030742796798,0.13502803684055747,-0.034699828147254724,0.17223123949850058,-0.07534094191898984,-0.17319053690684713,0.008028862964071692,0.03473060626261114,-0.015288338075031447,-0.060947997177960324,-0.06489399359246191,0.1741995833345575,0.06447528673220525,0.020730512434284087,-0.009853849563199145,0.2170360212390425,0.02571527391563158,0.08782202099520624,-0.08679046650648566,-0.029449821250527752,-0.14629286282981774,0.05652159918497867,-0.11045984386547082,0.0490278916635487,-0.057907220872094246,-0.059474416519089746,0.10659714274585619,-0.08599691550913184,-0.008604081882890316,0.12989344723230253,-0.035219219783837935,-0.027239121871369783,-0.013919035171386221,-0.026072135990261945,-0.11838184977654242,0.019461231559996333,-0.13567491509460838,0.07640055406282698,-0.019937834281096203,-0.08581795723118951,0.15762758036849406,0.037175679265381054,-0.057960927090629014,0.005388491574388782,-0.03345168042043854,-0.03748292085231458,-0.0030737185640572554,0.03599665087412613,-0.11658635003593878,0.21457240726958118,-0.034402263702292254,-0.12286915311621965,0.09763004295996437,0.16606196145137886,0.10039058619239627,-0.006478064027312089,0.08612497480927264,0.08607260144229129,0.04640264174034478,0.031198482525383195,0.030827813414547843,0.09798604677736729,-0.02492478756667444,0.05615953533016109,0.05055874087832211,0.024140491607185385,-0.04467516064653128,-0.02380477970902438,-0.06582922689917584,0.12624609109650567,-0.05218039697935072,-0.006712713859566254,-0.03673760049348696,0.019201470761908604,0.010150551700223207,0.01914484475866842,-0.04462879164884911,-0.05501099837301494,0.00272013912669071,-0.02256312120791526,0.04533412386329999,-0.01814132728985471,-0.018304387766457847,-0.04758851249194378,0.0064074904961325795,0.05078746797792642,0.11675637117369707,-0.0010372932868519397,0.10530518117488441,0.008358538149014095,-0.11814244898964955,-0.029134893125013814,0.027945758903085045,0.051395222744740815,0.08090326099645763,0.018794259900025104,-0.055704879010458,0.015482952385401113,0.03480847245059015,-0.010602123529147332,-0.057217162796069046,0.05328058288276662,0.02608378006729939,-0.09698886054469905,-0.01880448494480549,0.011313130237279735,-0.09490229919462013,-0.04405128871372989,0.018095561042205104,0.06498488181941005,-0.017866689795334116,0.013025590739228954,0.04323608111647467,0.05861532786577503,-0.05316805436964975,0.062366902480818415,0.08354408561964015,-0.0556303777542275,-0.011589096687311593,0.07330677713397647,0.10126394828642847
bassfl/bassfl017_F4.wav,-0.07626683668737019,-0.0298974509707083,0.06738702391029544,-0.13004476854580754,-0.28005671857406195,0.005738667078140308,0.08114766624232131,0.05709188578153009,-0.17678191224987383,-0.01184683629456593,-0.053878986678726995,0.07341041234428891,-0.05327520503168679,-0.1249946406678301,0.25881877410286297,0.17186329613326082,0.010571314519058234,-0.036511580951441455,0.27751810471081784,-0.18645786975032996,-0.08940368781664212,0.044214955801218175,0.04293185930611148,0.07564605300990111,-0.10615824849562738,0.02310515295616164,0.07169276807462932,0.15613372409291837,-0.038353051215603604,0.02907135527784574,0.09527903550495155,-0.07496826727624506,0.1740539466577349,0.001659088155400142,-0.0034636539845867564,0.16164820835951793,-0.03300068985160172,0.0036293058015113584,-0.0226424571693911,0.07168750135809385,0.06196683250959399,0.19227854181566487,0.12439580421147307,0.1325713323228393,-0.10336468286190476,0.10277244565423464,-0.09330219189496455,-0.03247751452546531,-0.0650418374883256,0.009744276874756257,-0.12168188943518622,0.12368743178533831,-0.029390680737100175,-0.06485430660716142,-0.048438586003856025,-0.0308770618054599,-0.015836436913830063,0.03260315371467325,0.050688023973132865,0.05637744417830248,0.21413575773222568,0.013492813169361961,0.005041657657918731,-0.024485185313329164,-0.023018078964164784,0.0162031081982828,0.13689309934891578,0.011081441795264525,0.05377789473548993,0.05109060402690472,0.0386336044723276,-0.029483170342936023,-0.0020081400108516905,-0.11135210660078272,0.015738143373667923,0.033093639091167804,-0.014350988347880622,-0.08641452924778653,-0.009930822326181215,-0.007898916649396518,0.08118891496128323,-0.018196421007137337,-0.0320336737830505,0.027958363598133914,0.04271840539569012,0.06842639812029472,-0.009909115782798246,0.00941149167084705,0.05712308644272212,0.03467051093310185,-0.009450473312515726,0.027978234950450515,-0.041633363317269675,0.09339363697997019,-0.014695276321502084,-0.02384387036904023,0.02908055224057969,0.05670636088847133,0.12854183500068073,-0.039266920664518645,-0.047273720842091874,-0.041211895552278076,-0.10108083302235074,0.05693246667118569,-0.028321791511068423,0.00601307573015341,0.0660951151381711,-0.07893291160267621,-0.01221281219996044,-0.016818687361167567,0.20161485917236777,-0.03495409903940905,0.15496685947210084,-0.03891118723908114,-0.07294006903834307,0.112354351718818,0.0354846224424349,0.025096706790731213,0.017924616367268907,-0.009436938743917683,0.018386943232807932,-0.0826597259967474,0.012964530860527169,-0.06192147782558782,-0.009698712554063842,0.0012184346626551226,0.06933302003582958,-0.07579812247556117,-0.026499211434021598,0.07832724106839474,-0.009548700365298054,-0.04199694311349927,0.034377791121798486,0.036199051131463315,-0.0019142861648015269,0.02893380535825323,-0.025276083074266705,0.0013585147230601154,0.025651996943885425,0.06003692504430308,0.057181663515433176,-0.028919850774995846,-0.010428219886110035,0.0494221166378679,0.09828408748827687
bassfl/bassfl018_Fis4.wav,-0.07395307459099838,0.01692475843707652,-0.031930499605524965,-0.13741411562893202,-0.057274285064983416,-0.07294238882715982,0.05420517890235487,-0.033059479877754906,-0.057789839798014345,-0.011094022367080729,0.0176397896110023,-0.05994588524441742,0.16248635001035747,0.18231478252861605,-0.13137083075146,0.028834082472245254,-0.10559319898321208,0.007558608052314817,0.150212365057191,0.020785966713857556,-0.008177072236999608,-0.1636374446665371,-0.1455618263484912,-0.05951108727868336,-0.07591055569971178,-0.10769262344959563,0.18184592958897472,-0.07114335705738731,0.12592837981332083,0.0038896005061381522,-0.25596876809948577,0.00999000721734168,-0.03898572319380117,-0.07345239275072774,0.008768973099208417,-0.20358929917679386,-0.27502991174189795,-0.1590249814701776,-0.018683175761422782,0.13941608322651047,0.030834065028481183,0.07806521390453298,-0.16260259065822327,0.05129569343161065,0.07189215204368385,0.020899457514946977,0.10858600731509,0.09763687612196346,-0.08851932190832731,-0.06827056544397209,0.018458865488891564,-0.05561056115818482,0.011271764713962618,0.0643753397829009,-0.03471784836456347,0.0570481813513457,-0.07693937703283027,-0.15584920675861935,-0.09036834137474206,0.018430790516926816,0.09771459870087232,-0.04032962508986776,0.06375755781623127,0.06459990084512655,0.049207689334161385,-0.1618810575284823,-0.0029140204618035986,0.09622183812697468,-0.0104400829078827,-0.027200312501891595,-0.10644359341766915,-0.004017924882645819,0.055937300283000105,0.03040068157201252,-0.06927665826806984,-0.06629653386773997,-0.058095335248354404,0.09490669566916123,0.02584622240274554,-0.10730146581348357,-0.01236801999010052,0.00789976362973375,0.1735719871797029,0.13423511529445434,0.0645042787198838,-0.10219897041553613,-0.030173818512812388,0.10377073765350839,-0.009697411449700424,-0.033016059645056835,0.02110782295913423,0.03228329143027112,0.0031014057390870813,-0.0955195520367958,-0.0013070984644452804,0.021449105806921206,0.04011974705054451,-0.016679105461452678,0.03334223636210498,0.13664353427792447,0.012779687158813766,-0.05475396480933878,-0.05283571185932813,0.1476740925553607,0.00046865802345983504,0.017813868308079045,0.05112901532395194,-0.07231424903098596,-0.028288453216158443,-0.060833510873046115,0.10578038571401185,-0.053650392477143864,0.024143331186120068,-0.04993039658601045,-0.04480908130620825,-0.012530076052236307,-0.027071405035508672,-0.0779149972240295,-0.007484058799618665,0.03680573952060086,-0.032661722041984316,-0.004767459258856108,-0.05707818519402692,0.02610170968000928,-0.035021367418478444,-0.012423410476793743,0.04182371999691368,-0.04168711860180803,-0.035162542151642356,0.11822651190759786,0.008755446070924128,0.008371037744178043,0.13696350063967996,0.10021389670891107,-0.06431552600621268,0.045424831195112834,-0.011525032766185796,-0.014469147703258018,0.039197218513719094,0.041489659845454746,0.014455454606246504,-0.004501537064474548,-0.009297361150217533,0.03396050271055866,0.0954187992875942
bassfl/bassfl019_G4.wav,-0.06798329956095486,-0.06664514605201376,-0.1108433404844532,0.006753692689186183,-0.08667486329678777,0.0627254263221095,0.027928802535815915,-0.014865054753588847,0.0896939287202067,0.1146859882262623,-0.04054008447980105,0.060755099167521254,-0.011879618108361252,0.01647747309143897,0.050587211943292215,-0.15448927397558138,0.10882172533256057,0.15373904687112455,-0.00380248779331643,-0.05724046988779032,0.04899046387173602,0.08181530445772026,0.012571482724416412,-0.010025816916578206,-0.02049801635347656,-0.03915729364259577,0.14464380233541,-0.11260753018623655,-0.00912182985837014,-0.13321726103883214,0.11198943559961191,0.14081480920579514,-0.10494408847668263,-0.048695947688937785,0.15462744536270492,0.1421718255459081,-0.08589231629385649,0.17868658991494754,-0.10769721480974992,-0.14705925858426944,0.03720902717599342,-0.09105276768109946,-0.1471879502815904,-0.025229898020644487,0.015953493217694455,0.17085044573002228,-0.13197802054017874,0.0028436028534690114,-0.09067991395967245,-0.15880195822596024,-0.06888088639156995,0.010813662274440534,-0.21787179679692573,0.009436484639596468,0.07065059918208103,-0.012533793920575258,0.06986412350281335,0.11292719846254295,0.07247983407118114,-0.022872366575749252,-0.009426306147832374,-0.08339098518517687,0.028626316635268725,0.09088219903276953,0.057530638321917904,-0.01764774691181592,0.04113651361923232,0.1611282975314655,0.14659699756874683,-0.1549962371567162,-0.05651885992192624,-0.07561327339226123,-0.02942062106580911,0.03468599141472134,0.11282377397891119,-0.07483417449914724,0.0433701805035452,-0.023093616169691196,0.14839252606097794,-0.0395016128523357,-0.04964128252824217,0.017861920988685488,-0.04612430012307167,0.068461589832208,-0.050345708317823604,0.05350500784365192,-0.07288949857424598,0.05049140935991364,-0.007486314496032629,-0.12107151470181107,0.0414036171672747,0.06313970440779682,-0.017861813304446698,-0.14379461678277586,0.17731842128882008,-0.005601889748812004,-0.03658681307535318,-0.12359367306212413,0.030950176147778223,-0.11127157398106506,0.02833959722824518,-0.04273674966846502,0.06429396303513413,-0.009645548227610184,-0.07022118077026472,-0.08493041941329221,-0.00420399357192071,0.026178531618211542,-0.026345967883702498,-0.020438475628455993,0.0033759630253904285,-0.04374674133362294,0.043389266448140985,-0.040468161874065024,0.017495841657587243,0.028985584629639818,-0.021686516496315332,0.01865566696811633,-0.09132233631977779,0.08166302611271836,0.0075206592613678725,0.03527926886045413,-0.03674071107070523,-0.1564132327325416,0.1736076124751139,0.09065952258905659,-0.011826920559984563,0.030022077548364244,0.069585402774303,0.07244848552928793,0.002533405799533762,0.08440199577380947,0.17298223528260165,-0.008618633163336472,-0.06484360440747633,-0.020101246546830674,0.030382539063199127,-0.044516544475378124,0.06913718320111606,-0.00883258943495704,-0.056583281603123245,0.04937992484781398,-0.002945756591602014,-0.012060427206061526,0.08098569526459433
bassfl/bassfl020_Gis4.wav,-0.06641422148053425,0.22109967975393613,0.4458381467831391,-0.009436995106091191,0.013335215413323043,0.06068548524050061,-0.13201018659462324,-0.02846499303952254,0.26556060759986233,-0.20305050412497647,-0.020337072458010995,-0.12918684315387255,0.04166652849505209,0.1494583279918824,-0.04795244557197133,0.13546350434837048,-0.022022156386421382,-0.11017619197424908,0.07391627229240787,-0.009460495316414769,0.07527901326495734,-0.011432890676710826,0.05467285874678329,0.01608263360230116,0.035124355147467076,0.005107817551288395,-0.07082070865392866,-0.03147906542128978,-0.08355210571320318,0.08600096309615149,-0.04678412860112752,-0.11049457734351355,-0.12998817637421822,0.11539813520417949,-0.010371057752681604,-0.05875569441089231,0.07521333448826431,-0.1791235827627167,0.06472488005278401,0.022122132833136743,0.059099571552044115,0.0030526554528950735,0.06956692130998222,-0.08615737536830556,0.013591841614954952,-0.01485557266563824,-0.07158102930529021,0.08794822556509652,0.03802737365054887,0.10327575322751865,0.06430367086278137,0.035198643516299026,0.06447604819157811,0.010062404346295111,-0.09129839959250258,0.05642551964673893,-0.0021464450385610956,-0.041241966756614123,0.005170628158268881,0.004448509148973601,0.02370293787634983,0.02122329645190516,0.012142188896851648,-0.024998368812895654,-0.008491733137009926,-0.009806513388364413,0.08276376418289279,0.020249599462424602,0.10894293618336634,-0.04228112969566977,0.018926832732618887,-0.018092806358349638,-0.06617517164559822,-0.11241679531962742,0.0870274350222974,-0.009114618658757297,0.03986580549866959,-0.017103250288747575,-0.018610751984534366,-0.08109287925264139,0.08719848879425743,0.020558783036762906,-0.04370549018533586,-0.008389460964849816,-0.01955585173742474,-0.026793205747561742,-0.024091074896177008,-0.016149060282398674,-0.026945777326963627,-0.0006732983748243271,0.05946751324444709,0.061296986729537976,-0.012050492884744038,0.12092783097073712,0.1180953332165817,-0.03898032554296374,-0.006185943860083282,-0.03581360855119016,0.036419537988138774,-0.125794096070099,0.03053214063801392,-0.08619840659743735,0.05505443186447555,-0.06524841585659649,-0.03259507828663062,-0.08167003235273504,-0.02706203899568079,-0.004001819211731917,-0.01951803826182545,-0.00020046870033803288,0.08523101229329236,-0.015788953943768544,0.025318324104006786,0.014980614036655661,0.009359146979565015,-0.08609088997217362,-0.02985621582571943,0.07091396633091701,-0.11875972420685547,0.05546857304181304,0.030911289665868587,0.026047295496744262,-0.0269648177120129,-0.16513993730981302,0.19373346899236565,0.11963361864051168,-0.039389276282998105,0.025445070466221492,0.0996276274026049,0.027788350076409136,-0.05795926324712202,0.06871149987766106,0.155659625048396,-0.004574923298477451,-0.06602733231352616,-0.028850163610280616,0.040555528889472614,-0.030923064464606718,0.09786649802987313,0.019316018376682436,-0.05199402257552043,0.07499126636452282,0.007042252828577351,-0.0332576526640159,0.0743933148358057
bassfl/bassfl021_A4.wav,-0.0662337472723886,-0.08678464049425781,-0.24518478358336726,-0.03203963280128928,0.07794469202282124,-0.09775190019569283,0.1921909956149886,0.03794626891734449,-0.3036582231212705,0.3434451585988761,-0.14319687282346555,-0.025067444194255384,0.04684462677976168,-0.04094923207647596,-0.19348890180439002,0.01608009068207067,-0.01699505808604098,0.14812422764911454,-0.10833488115563697,0.030720535169889818,-0.05026878756342283,-0.008078737378734983,0.012896734049237352,-0.007158927387037377,-0.13970121139498462,0.0722540670140085,0.0037572315182598792,-0.04303552262593613,-0.07522394624590154,0.12198141713263702,0.005012685744968307,-0.05530387573647095,0.02792897732654333,-0.08138515690196149,-0.09436501249437709,0.039505041687349,0.001513599355092897,-0.044039746173637144,0.01751490076200582,0.025934405966055743,-0.08825215912368747,0.033733995490857704,0.015742732492626442,-0.0983318517602906,0.025706890987121648,-0.1071798173041687,-0.06191621209875446,0.07059836835558378,0.017879688571694974,0.0727918456326966,0.1333491000082183,-0.07103263889480074,0.13974529088054347,-0.005476430716649092,-0.04705853927846848,0.011828192095550544,-0.03137792523672547,-0.08151534123377784,-0.04648464491372296,0.10263978232599122,0.04424581422800364,0.15666761251948372,-0.0432683611810094,0.016447689910729493,-0.08950403091370064,-0.03449487292070576,0.03385718935871088,-0.12042204791461081,-0.055026382865890094,0.08859812488247773,0.049461576374955206,0.009179661049306256,0.015861541529376043,-0.036948557780525915,0.034352907230742274,0.005301995588041453,-0.037743720461568875,-0.07153127478104383,-0.09757254161789079,-0.03438185015869851,0.02087135528383606,0.0011817272528692156,-0.04104430282661206,-0.06139546416536771,0.043566311411379635,-0.015939891305488275,0.056515506477724846,-0.06118374040661685,0.014560800139510128,0.033329458501320394,0.007009841278651688,0.0326988919119207,0.008186290038055568,0.13240870011991634,0.011302769700613544,-0.040090696461585945,0.0020223897802685194,-0.01712113292145883,-0.009712318601779228,-0.1189119574379241,0.010468548802541291,-0.03946767625025065,0.015437744030151107,-0.151044194736963,-0.1278894912715347,-0.06985790559698714,-0.01867015288804731,-0.027478641817430816,-0.030287792290911067,0.0246851019668054,0.031097006259094548,-0.003614715057902966,-0.00711642359198412,0.03391151450488963,0.03271154004429067,-0.08281820146714301,-0.02335547510753727,0.025701477167211693,-0.09176844197143876,0.02691693815106822,0.04606960225279623,-0.024857786499969933,-0.08376989918184517,-0.18458360841995758,0.1607988464797162,0.11561448571258212,-0.03417272381750432,0.05907881569555572,0.13505454229118793,0.03764924336194195,-0.033871416511600846,0.02849221220029998,0.16999984577079133,0.010583555426294987,-0.08889447032481365,-0.03041326877696263,0.05013872773218163,-0.007350611328720996,0.08940279053232326,0.03104822971694527,-0.04663780196578888,0.07725999673864155,0.007092657896592143,-0.03720175743654109,0.07255156071202457
bassfl/bassfl022_Ais4.wav,-0.06389254347694565,0.0163240945718815,0.033228958703875114,0.0016918290942532846,0.024680433143849947,-0.010549058904364542,-0.02145926979322902,0.06331401773901761,0.01610295983169121,-0.01902637573380838,0.046299099660203534,0.07874180618226038,0.004388586236112978,-0.06181408712395864,0.021926126171421045,-0.07379989121362492,0.052326769512279714,0.036020640273561166,0.06377322792533688,0.11348681971746151,-0.004602109687880286,-0.16855016040108708,-0.10501307178835592,0.06538576930276352,0.041877608131597514,0.00046548831176340395,0.06508110721726496,0.13274102089085735,0.07726439489844981,0.010946720837800395,-0.031404071159425666,0.00844822476754759,-0.1322685996546259,-0.009355248127201399,-0.058233137639052676,-0.06385480530613584,0.014671057228085312,0.19178918479910687,-0.07771778797283987,-0.04490687741450399,-0.02530978042296629,0.006158194507665396,-0.024425597519303056,0.06949619377345562,-0.12705711668372688,-0.036029476186140316,-0.027458182476811286,-0.11316638832287046,-0.17880654421668812,0.13502187596567666,0.03380672661597463,0.0680345879975734,0.08898989249644615,-0.07002211419565728,0.11426987480476448,-0.08923900020404399,0.07838502979897156,-0.1765787734902719,-0.08378693915820241,-0.16287653174967567,0.004326146000855527,-0.034313784060125634,-0.07351599422545249,0.05914588102293801,0.10230831872544088,0.05088914001139069,-0.058962806266534724,0.06360597727282935,-0.03465423626799218,0.005275716307241801,-0.049936173883834874,-0.11035975059014494,0.0023656837627375957,0.01424107875219079,-0.0578104058524626,0.3138616777665063,0.033730813637167095,0.013131884759958995,0.0981229361086229,-0.06148096201867213,-0.06270100110213558,0.0016174528584697104,0.08776174597067848,-0.07522302336326084,0.047624611380038415,-0.015660192957696994,-0.16346428565092672,-0.03204230313384689,-0.07153702618602714,0.16394390904837622,-0.0049880823375585415,-0.01852651123600843,-0.008184390322921592,0.14214928387544065,-0.01252386566660832,0.03397202868193325,0.07346338720704276,0.058183701767898714,0.06374340847711014,-0.00639036580662221,-0.14250154887018202,-0.08040753539597209,-0.0751033531166665,-0.12357813819087231,-0.13075445526816326,-0.10905422383104205,-0.0497585277747804,-0.0415792374777922,-0.047049922194065036,-0.12581283395576257,-0.04878929491994063,0.03757704053757588,-0.0892734397239631,0.026882043099709308,-0.01964323670995369,-0.025567849760022743,-0.05220296817103774,0.009488615912033978,0.07796837801361588,-0.024534008590398428,0.02442369777038507,-0.027283043138934343,-0.08307620747093793,-0.011298395382850504,0.27324469118266287,-0.017496197681094408,0.013954180292930149,-0.17995726083489727,-0.012776643709416976,0.02523166203903333,0.08058890951075952,0.04520935263735122,0.028860702557937174,0.0434076127744099,0.21215029329330753,-0.06682957806962693,0.027366308275515346,-0.06062659983152586,-0.0937367027848338,0.00922878981491468,0.00660695315410815,0.06144565447047367,-0.020146570545582998,-0.11120545031491363,0.014892580955704626
bassfl/bassfl023_H4.wav,-0.06638344277756025,-0.08439336122583639,-0.17521627570394824,0.010332910530112947,-0.050916481608159175,-0.00782591579337773,-0.09118473765017637,-0.02449652341626173,-0.014491407978087841,-0.22729887465528484,0.33890078051769384,0.15452391934571402,0.051399260386722975,-0.10059498329699473,0.20143043809530817,0.05537085349077565,-0.019190963167694558,0.060810666969905953,-0.07049142329601929,0.06983643677097587,-0.04096544740618232,0.011191464746803423,-0.009241011648346332,-0.04165408198839906,0.12222908355633663,-0.13973186035418333,0.038201619270983,0.14216827421569528,0.11086252930156701,-0.18023749091646318,-0.16420805501752128,0.04799069322652,0.067147403342127,0.16177199613114043,0.10100926744357758,-0.020714426880789505,0.05100770464551298,0.05740495097531137,0.15688235198486378,0.028976982221973407,-0.11084341665710415,0.0826743110666564,0.07259408991572149,0.03964869562395873,0.04264317615301422,0.026546877305493977,0.07190674673771513,-0.07094381637039636,-0.08155561962828493,-0.13450527426658426,-0.03390181186377401,-0.05814113857536893,-0.019058852454036202,0.12555565797631016,-0.07788368195351279,-0.04133552798879337,-0.09023879723382969,0.004408338349449103,0.022123564482438053,-0.028319370905563544,0.02398969350898246,-0.007405513168323084,0.013348620887096325,-0.055850519204332996,-0.060373478196773384,0.0021251757343131034,-0.09841398316383457,-0.10212409575231558,-0.14280868438642683,0.05762864088500287,0.037180788477811755,0.11658934338592326,0.0041722319948996455,-0.001586631549140155,-0.06731823594292333,-0.04727483119374011,-0.10822161719694491,0.06441379970154801,-0.12962191543718232,0.07195643085172976,0.044663346799953055,-0.08099859082124627,0.009194286227234442,-0.10311075252325289,0.04427895119622052,0.03196437703202598,0.060029933505424585,-0.02958911626666564,-0.03164301453905999,-0.04198766911271845,-0.01582051476553263,-0.05484046336628691,0.05766386362747869,0.01689006743792284,0.035778772250072685,-0.05896660988566943,-0.0025479379674769563,-0.08447941418802378,0.048242142650548436,0.0155793711468997,-0.059333453257040224,-0.008546877896156518,0.0078045542529990575,0.0009290751139795217,0.07300906600207668,-0.042662362010374016,-0.03359603957604912,-0.0013359988749349835,0.03427900498191379,0.03266928413397199,-0.0018164179342739298,0.0002971770444769456,0.011437869186883186,0.03462656800992903,-0.0775803437781446,-0.19411273931716222,-0.01610542707249258,0.14940731928272982,-0.07151820034974264,-0.004933988159993692,0.0435334324559702,0.06504233597143494,-0.006548083625394658,-0.11123394437149443,0.14410215591835668,0.12023248136754985,-0.06786223780548592,0.03804508468131085,0.10408496645584991,-0.003359972572493028,-0.054566300570887544,0.049522661171662846,0.1376104671300418,0.01547592635162064,-0.05673181962252634,-0.024727190504975533,0.026023564369103105,-0.030529374011678316,0.10792489812615375,0.030817530716699636,-0.0477699009601544,0.07891450804143675,0.008429679758158332,-0.03601584330746464,0.07372049143699147
bassfl/bassfl024_C5.wav,-0.06355391194606642,-0.020630849669979225,-0.08581593493935613,0.017472967794057312,0.0024521948022450503,-0.03835711251403185,0.006493401194953285,0.02369419784603903,0.030845272141417638,-0.019177277106964458,-0.07890180319873678,-0.09086110043285611,-0.024027055871531425,-0.11503553947055768,0.01510940150716345,0.05882629226430161,-0.16381602768480757,-0.08567787907793442,0.015864049780473607,-0.22983129663580815,0.04218472650089347,0.033968409724898854,0.12136232171400266,0.06458075968588327,-0.0023167054355085898,0.10147155291712824,-0.1102864916026085,-0.1348849422904787,-0.01328003187197494,-0.08921590515854472,-0.060471708424932775,0.03758550564261341,0.058118187730653394,-0.07705572966079731,-0.0014313377849519138,0.026507128579919673,-0.015312208973648815,0.012428728938487876,-0.0500867248217505,-0.07225591711329386,0.06047310086673608,-0.15472263194280164,-0.018675125413148363,-0.12518042491112524,-0.009855749085239729,-0.05880604085719936,-0.043135389417836026,-0.18406556394875814,0.08091786045231841,0.07021186290280543,-0.04292283775731192,-0.03291753707277307,0.06850142874662184,-0.04011120251374619,-0.04147712946629117,0.00549601664963964,0.1324589955730218,-0.016429245236212656,-0.017625761956932887,0.05059994311848744,0.03735472957164148,0.11308158758401993,-0.05369378095161509,0.01941839912856151,0.023973345993676773,-0.16796778515447972,0.02615606538226844,0.017827051617164746,0.10178121991928255,-0.016711833281972316,-0.052849064383380204,-0.06243448824194092,-0.08668569723772418,0.023228089729338486,-0.06829572883162521,-0.1676756335899158,-0.07049353463485641,-0.09578468536964695,-0.20833093702385236,-0.0018048546123144707,0.18604886980778443,-0.06197478674664776,0.022201466079995277,0.06897327914690184,0.05876762212157781,-0.040436550643828235,-0.12769625731696835,0.11243278079030142,0.04133878198540369,-0.03646320569576908,-0.08859969763547723,-0.06487573438723782,0.03590877590861899,-0.11659848206856573,0.06818444786715376,0.12911624522351114,-0.01725115013874797,-0.051392444418052026,0.0627365727048265,0.14541343233466178,-0.021307790168776642,0.008633144258433562,0.06673997105864111,0.1614731269046179,0.10606611468754523,-0.05335436447755076,-0.039740919613300785,-0.11142826125210438,0.06774183676836518,0.048042592138904064,-0.07574893070773037,-0.005250160371588243,-0.10126845772109848,0.0556009522239215,-0.1508457405858885,-0.21202231928019413,-0.033154915826086664,0.13166147182555704,0.14161161739051234,-0.07896176525883936,-0.00919246250962965,-0.06437581069787732,-0.000783006087854084,0.01914319206884789,0.17350823837864193,-0.053166081569623075,0.0589294753787251,-0.1368785796432458,-0.024905619853682594,-0.019759341386412905,0.03429340983651681,0.037549680603340095,0.00958177743708126,0.07836439994443818,0.1665247149429603,-0.07529623501674132,0.06310562338843817,-0.014980277280082518,-0.0282085263853866,0.019947770483341214,0.00629660664509325,0.08251736969703923,0.012391178385745364,-0.1072107554276516,0.029782862565372638
bassfl/bassfl025_Cis5.wav,-0.07039840528270837,0.004696581431252074,-0.015540331884908904,-0.0019600062990633854,-0.005559241721855311,-0.005985946017584745,-0.014559819823919216,0.03991057388916239,0.02212162347522291,-0.01658512191800139,-0.03212320034910901,0.018537509827467963,-0.04414417430009156,-0.005318167922165575,0.012500194284644663,-0.03435888415005974,0.02894630092593545,0.03362530250081053,-0.0035802794804744124,0.05973796512822232,-0.06830398388691043,-0.07694766568813309,0.010680203268966008,0.06155415355595002,-0.01320284709558938,0.11833541550525799,0.04500989579273566,-0.0527112958242381,0.013565424580581988,0.05303854390056746,0.024979157502714885,-0.034565778890871535,-0.023530966726451337,-0.08095903608239226,-0.08457394721698083,-0.081867232713088,0.020871514580433015,-0.005510534944852513,0.04974457972221098,0.029941281327095226,0.11858465177008956,0.018571422811646605,0.10332690355272213,0.08308506954094436,0.10634754620631937,0.05655961206990712,-0.2161439391004534,0.057890521724477485,0.06800087134208027,-0.028878492254480435,-0.039094926872075,-0.1162765089840342,-0.05960151485794171,-0.09723417186516019,0.13335082852108004,0.016999196385238606,-0.07584925885025659,-0.029298857440935973,0.09318952385192453,-0.009947411929324856,0.040843366313251514,-0.06443654030829779,0.08162015769900963,0.13263077447877764,-0.03342534969560068,0.13566804872341887,-0.16476191945287286,-0.04746044696977289,-0.09010233202931257,0.19359939680298746,0.07955476521398386,0.0709094432682723,-0.15658764290110408,-0.016933418698365177,0.05172931837005393,-0.04143774925033418,0.1365985134594471,0.09940755148744432,-0.05117563583581733,0.034054972624943905,-0.05680311436088288,0.03310575826248251,-0.01106665906695238,0.08246000045897449,-0.1635420507510352,-0.20113715179113403,-0.019998175807833043,0.18080405987863998,0.09894616121812072,0.03469090727847286,-0.013572980415345264,-0.0004258794586387421,-0.032485681475112375,-0.011483432707824311,0.05480860616277036,0.0036411212033056264,-0.17299708516401924,-0.03264832822378541,-0.006526356102773162,-0.07476094382053168,-0.034111102126348936,0.1012662648562936,-0.08114755605460186,0.0729992973121662,-0.00971601018141107,0.19202613399208585,0.13161087588658438,0.03345591435955184,-0.02154638914673924,-0.019380574413252756,0.0987150299687639,0.07951163979294006,-0.10712181342676294,-0.12930656552685715,-0.17905128763453315,-0.09255435870697397,-0.012064685877163875,0.05692047598299385,-0.01498059767831502,-0.09716917558086614,0.013722580734400958,0.10428251831375573,-0.05608683211878053,-0.0952988497356173,-0.07514278403673691,0.026296386973246145,-0.05796211686353792,0.07850593685100907,0.005564076423209374,-0.044503601041215306,-0.11580200502877168,0.11316686504742676,0.09018094481195471,0.07790007027046796,0.21130856189742298,-0.02104889513970202,-0.0038252568199321694,-0.24251396988164667,-0.09843992304584309,0.01041686405493236,0.08012757276665784,-0.002199078735268463,-0.06812042847386679,-0.09817373508871485,-0.026967638225717412
bassfl/bassfl026_D6.wav,-0.06617466585156342,0.005127028634133092,0.002737809410983831,0.006710582833980419,0.00473972426515836,0.020288009545171775,-0.019062285977144537,-0.017616125762751723,-0.018764523105206078,0.016327165751606715,0.038406805400490795,-0.06708466016385307,0.023048897355359817,-0.00042635075806144243,-0.0038481013977342254,0.04931900798574604,-0.04701037999163293,-0.06306131990034977,-0.007000697106571168,-0.05009504402333519,0.017556280916656605,0.0983687334827723,0.03860145698831343,-0.05750954586150111,0.03077102108062837,-0.0443383126895873,0.007660714735541505,-0.04066398046047309,-0.01743820859926055,0.05717502618868671,-0.0198759124501696,-0.0035996142320154356,0.018779752642109758,0.052377458864995965,0.041813350311861515,0.12616531031386896,0.033546275891752374,-0.033423635071680724,0.01956582526342357,0.10587642221300189,0.025493658342500482,-0.08444717213466499,0.02396404263641104,0.05890590725026561,0.21106498680623598,-0.013129122905853871,-0.02396246669136506,0.10930241405743824,0.11501727126704228,-0.19117135998233958,-0.08162403793307545,-0.0007370188553290323,-0.034068783649757586,0.04037190703618761,-0.01704584229870743,-0.07985592311978462,0.06501339311976877,0.15526782795410432,0.01974259124928903,0.22842422463016016,0.03993469141396049,0.05520828282418676,0.06728341315568775,-0.1301649748319558,0.06437268564803496,-0.11045896161137879,-0.06435881617867469,0.2032391139259994,-0.030181524516514503,0.0741791890936936,-0.04054994605532588,0.015097688130987934,0.14339699984969045,0.11158117488768134,0.10201297875718253,0.11829137226074428,-0.23316494429381407,0.013910565854669668,0.16047154580747486,-0.007179901310118732,-0.09546515042608081,0.02464444838990052,-0.03146973729535838,-0.009838351847132318,-0.06909142646398647,0.03767410506740212,0.15242099791421357,0.024202152785695395,-0.17939144328903703,0.011367282624250297,-0.1064037040738129,0.11749941925104923,0.05141371215241366,0.07620391249966924,-0.166527376817722,-0.021934229742379477,0.0631018283308028,0.16219810927344164,-0.09482038189223095,-0.10834083960666685,0.09989911891979433,-0.026773104350548527,0.06434310389363938,-0.06759221261586353,-0.015738872313359263,0.0007878875263555886,-0.030086604188211574,0.02320292071758471,-0.004526657156037034,-0.09322961307646507,0.08572167946359119,0.08456595279305795,0.015226755174296669,0.09151971472559446,0.0006433890487545328,-0.051221180629131155,-0.12440084560748628,-0.052794709399769074,0.17256503028536022,-0.06476475682080557,0.0811652661192898,-0.0016366227556183222,-0.10365897783086796,0.11138489102917243,0.12655942152195374,-0.03960731804721779,-0.1140272570206983,-0.05487428283391787,-0.020929432861869615,0.047963878663851385,-0.04686386026268185,0.0352729812175541,0.048472950652048374,0.14224911651918423,0.2015649633956004,-0.05143189771761067,0.029081333154320935,-0.10223712380218207,-0.04475522028642038,0.005597352297120429,0.10189149857345882,0.027292715201913693,0.016915337563656596,-0.12018836846404714,-0.003636534474964581
bassfl/bassfl027_Dis6.wav,-0.0692689200406814,-0.0041030918692839605,0.017804252990633023,0.0034916796908226588,-0.019258974798934868,0.005449233145028671,0.0007696228067387671,-0.03418539555079657,0.0001673422349724816,-0.006274636288488873,0.021262784367672528,0.011143846739012354,0.05152240912518186,-0.03340272104030609,-0.027633714102885336,0.0282779213928026,-0.0012770649423044667,0.007195295255464165,0.011901448883526945,-0.038388473381531486,0.11650428265013404,0.038771391346708456,-0.040072186397429425,-0.056628963966776,-0.028960927138834143,-0.11003038918813729,-0.07635207820299435,0.07315711964218176,0.038720369063430043,-0.05420695171577436,-0.036329438933664415,0.037267032828801214,-0.0009275766339136987,0.021508251250910444,0.09597318387805148,0.08641969123605017,-0.018964221203220905,-0.005083161030283924,-0.053085129913092416,-0.05756822286445654,-0.10568940998714303,0.07382620570885758,-0.13650791509597268,-0.0047738315526864306,-0.21479998674553172,-0.10218152591363092,0.25667235038276653,-0.2053401352048268,0.02472446080568976,0.027909060363174927,0.011698994581419611,0.030479513673813782,-0.08054218029465274,-0.10399361589816264,-0.05761153281127649,-0.021743323519978562,-0.011773266416186673,-0.06123940232346107,-0.1570768705975251,-0.044394578626963374,-0.055486924982799515,0.08475032316925571,-0.07389589758390669,-0.10782693593263751,-0.11226595768000225,-0.11730146143723202,0.02683672179691198,-0.0037547186092728134,0.22953395569941887,-0.099177144673969,0.02798171420312788,0.02799779265059823,0.09515987216727588,0.06726140175729159,-0.010118626701609165,-0.10678867650101642,-0.028780194691188497,-0.04767110356868614,-0.11762660441708747,-0.10739652440724683,-0.09152474941824539,-0.02831324023781252,-0.09956932250161275,0.04090606590012541,-0.1137020609891263,0.061737449017185614,0.02537288455258642,-0.08516019402694665,0.20863709228006275,0.11546790991706556,0.16641369592898114,0.13996681727089938,-0.1027413296730067,0.04699689583989055,0.03150307560760279,-0.02578128890803507,-0.004396705702076878,0.049568431259197764,-0.1271009242041277,-0.06353669630616698,0.08471697479296114,-0.0002777617535286714,-0.007331655594497766,-0.06454095629644578,-0.07033276530581556,0.09009808621552601,0.125307734862487,0.02222272776617458,-0.09542902910583875,-0.02795102818047873,0.06910205358981468,0.03447824201210529,-0.0630699302193479,-0.06772576250742177,-0.11474172041207074,0.03303261764179373,0.03660779020408443,-0.004217530624805571,-0.09979797830676282,-0.03699909430590287,0.029246211762589323,0.12961057710012516,-0.06548008212671089,0.016405434147667944,-0.17491944812103086,0.038313544309399476,-0.11616135763681802,0.05198777549410669,0.053815949416106845,-0.09636241324717493,-0.035156626497440155,0.07012126237109087,0.0788727692141175,0.1261133568404896,0.17970052448644067,-0.025667750831648566,-0.050007757792379884,-0.15818689181719836,-0.093034030641701,0.05275682849569663,0.06657581672921437,0.0095106190176148,-0.07885552360087952,-0.10856100616360816,-0.027236067234294375
bassfl/bassfl028_E6.wav,-0.06643990052396552,-0.001770859284140741,0.02075992119619474,0.00256510982558702,-0.013102379530642225,0.01458697107105391,-0.006367121286678322,-0.02588013415738447,-0.017248496781797233,0.0545311782999231,0.007493467470058064,0.0075230606735070555,-0.00013028511374140687,0.1315181660276705,-0.08670780083105209,-0.02903253437568854,0.07155543787618267,-0.11264133367836719,0.014051218794807339,0.020555632509261776,0.014844134520916489,0.15909849388246977,-0.09435797737125955,-0.12470166215559385,-0.10926728002975837,-0.15986587446082293,-0.1061397362178489,-0.04496104490808417,0.022171177537629837,0.08914038861750452,-0.01681527109347075,0.16495076036756492,0.2811187167420569,0.1661223141314314,0.1448512893786627,0.04862578885564019,-0.023831910974400898,0.0865567638818979,0.1118613892328997,0.05860344921636636,0.13575345852437715,0.00900240200764308,0.09682710979344014,-0.07117964273158094,-0.0316492495909939,0.05050982813668173,0.05172852607539248,0.077210656396966,-0.03016731904126392,0.06340039917016757,0.08599639603625717,-0.0189360684571359,-0.020524765930657416,0.1529589236161281,0.11733153828244505,0.01295834508963694,0.018627947890114717,0.0037794238629402475,0.03950015803335968,0.054858614238270716,-0.10027649742590372,0.1472504346653191,0.10767944598809759,0.14578164781711975,0.07144366625793325,-0.022219386961034142,0.03003549840998184,-0.10983053878695546,-0.05667319917030688,0.05164295678621431,0.009880080780146433,0.009094204811780394,-0.12018056863654472,-0.07361762753418642,-0.009170249681745398,-0.05963323516348894,0.0661555272008969,-0.135322918805667,0.04656683487113515,-0.049718566904117134,-0.03946041666989912,-0.01265733827524014,-0.015404092073010661,-0.007886338331438477,0.021288043241886018,-0.04969237210233704,0.024682925244129957,0.009437226311955333,0.037555903474592534,-0.038795371485395136,0.07184146578652134,-0.028738538859720705,0.023586826123659817,0.02838786293463995,0.04696633298531189,-0.1011983299306504,-0.004165942710665324,-0.050817554026037215,-0.015745206465394262,0.06616410334729651,-0.11147148081450149,0.1046266853059605,-0.15213861726880135,-0.06056671607243448,0.023100477745978884,-0.015886147394020514,-0.04060404676691393,0.1092271543258993,0.05982262780623607,-0.03477938961639021,-0.032521207862243884,-0.10504337294185906,0.10081618975237133,-0.04546715527946083,0.1432136117555045,0.0501826934935162,0.10117127212702813,0.008863721960993567,-0.15706380637813522,0.0020016884280070445,-0.13632386829847454,-0.00816606172503425,0.05893905051542442,0.18200889135139198,0.14695895400052886,-0.03668394934960752,0.12482032155422576,-0.18362263674816137,-0.019809181996147437,-0.03863068908091258,-0.0031915573717314393,0.019593688472008725,0.06855521121398465,0.11627245088846963,0.1662037870950959,0.009536123886155956,0.026821209643782172,-0.060467359943584376,-0.14300695359351334,0.08742602128158991,-0.006598774177820966,0.07234162254074687,-0.05400601825315635,-0.1079296917103574,0.009102466824127848
bassfl/bassfl029_F6.wav,-0.06622312134243483,0.0018431890428826161,-0.005030915925204823,0.03901097188482427,0.09656377849987338,-0.02568696966136454,0.032237168754619315,-0.02139314788230851,0.019533281675317926,-0.0294423536012765,0.002208163256760806,-0.0680774671611039,-0.059010611219782724,-0.04826780109889028,0.026973818045505728,-0.08865425091574462,-0.14487550619345246,-0.12526657522957974,0.04544190431691701,0.06790486900270072,0.1047766181381955,-0.07863278060624804,-0.021525242858393773,-0.04251018234748641,0.02492318538121585,0.001734775519874169,0.04837697481347221,0.08915992555568557,-0.09905655923064122,-0.07118071017591539,0.13663982575085232,-0.020391747803921948,-0.17689120606474873,0.008377542097215546,-0.037303189954834844,-0.02320626972609805,-0.08002191598714233,0.09473402581855492,-0.005749293490809493,0.0784739103623158,-0.08618848408218988,-0.03201339855236009,0.19807140532066214,0.047145922060734084,-0.031696420262261,-0.05814016072022637,-0.04166953578304458,-0.04653316654746528,0.027643598440904513,-0.04456897246202832,0.14045138725991674,0.1299461008480591,-0.11544973621137633,-0.07127151100050055,0.1264562629246058,-0.1958961056445284,-0.18097874358782423,-0.15214874856829297,-0.05245081277631352,0.15526661924766894,0.13208221608594367,-0.039999548639384486,0.0627716319932526,0.027793549502338467,0.05631686647341681,0.0007763019551011441,-0.01380426905686179,0.07310327487318721,-0.004218614093050896,-0.05514188840795753,-0.06969367199060128,-0.13339235021385787,0.09314125574626819,0.05489129748002017,0.0908799629354824,-0.10783215991378944,-0.06629427773102996,-0.04601809933708528,-0.11117667141201679,-0.02006871528103113,-0.006167557403518001,0.006012555057033173,0.008847546968469414,-0.01059425013277745,0.006794726203464475,0.006741890635684932,0.061027119617647105,-0.08619794815807824,-0.0571873180234392,0.07400049143845877,-0.010850390945530978,-0.07386705876371107,0.036740232043175794,-0.08916406191075685,-0.11839633233437047,0.07030141654289176,-0.1509333662227713,-0.04212870376492851,0.034984937538441056,-0.010063196191497092,0.03808133131330567,-0.13115949799859183,-0.021090425182159124,0.04010725301451323,-0.07604583819514821,0.22880579389843464,0.03123294536688187,0.10594892038588895,0.10817788040393295,0.22814283563040955,-0.08770650719920829,0.10196115265462953,0.13797067743730512,-0.08565081268364699,0.08370276748743916,0.06804584220433846,0.07806301467053142,0.03828389426894334,-0.11171586432370359,-0.10071794529150392,-0.0998477348180301,-0.09324579414740396,0.0315335572275776,0.10836379211937897,0.04714903710492301,-0.040229946364279484,0.07022657060880826,0.0013172040361475925,0.06060911575116839,-0.0793886495700882,-0.08762454326116553,0.016414461259771942,0.07332520669099575,0.0525370599461057,-0.06983290619935545,-0.023434022360093565,0.11064207057777513,0.049087332226012824,0.04645519645149728,0.07226199446153357,-0.04854920795288536,0.11023291862817355,0.014853717838170738,-0.07066107719944162,0.0564465835399826
bassfl/bassfl030_Fis6.wav,-0.06632744117722475,-0.011274852729354842,-0.024358152961577763,0.002236634831370815,0.02520975414155145,-0.008153435459298052,0.023829561243252282,0.026159713380121,0.013710053455332806,-0.029928349010436225,-0.010845164310046769,-0.012971378209616507,-0.03043940769127498,-0.07040916635074412,0.06523631049748015,0.026730442914601943,-0.05978252069221026,0.060319952909969415,0.004185180201424678,0.01546982649793028,-0.010377694359540526,-0.11314220258605201,0.14254307010778247,0.06883391661353952,0.08581042670267476,0.14479830917743325,0.07339903757414695,-0.05307193770748439,0.007202528352514219,-0.08386283492649074,-0.013025835188337507,-0.15146555060324018,-0.21690274562409342,-0.06696817344788257,-0.13445874928298351,0.019262274625266217,0.06274806815447201,-0.027652856069997105,-0.08258231007214878,0.00705112526271443,-0.07453810989751253,0.04250937676679273,-0.12693133212142924,0.10086303965213178,0.06417444351428989,-0.0856183820775822,-0.0009762328141015124,-0.0397004074155589,0.01272289525862047,0.08242657264036027,-0.08849034844618092,0.007753735630608818,-0.004839121632138555,0.012166165008741852,-0.17926313113429954,0.2092036404721849,-0.002118182964265136,0.11524533410769944,-0.06482610721391466,-0.0672274637901627,0.056584138710365335,-0.11206706533947874,0.03194108151047988,-0.0374647119748351,-0.12911314595084697,0.05190128393296301,0.20803098159521793,-0.12799049325674025,-0.0930446279467076,-0.06961308550086288,-0.000742834954026373,0.10742687106541363,-0.08528578285450678,-0.0011454941440844687,-0.10435615612874588,-0.16434235498763983,-0.003664141748374934,0.05887456156746395,0.10989515229652941,0.10502376675318568,-0.07116190449613656,-0.05097139022677964,-0.0850297807223516,-0.026507412051828445,0.1262444097555963,-0.012213738799151903,0.07486290127507005,-0.061314610219697877,-0.053171388358571645,-0.21214023430552273,-0.04285697247991639,0.05289984451918481,0.12116044503244826,-0.03380799219657765,-0.015345544158585536,-0.09396565374743887,-0.01357593744489323,-0.09162154082802135,-0.10249068930503497,0.06009654335079754,-0.014695643549009887,-0.04400456995906993,-0.0793501439166837,-0.06808760151368606,-0.03036812181180084,-0.03403748339967996,-0.02448934198216514,0.08588752419080568,-0.08315417028033792,-0.032265080413574156,-0.006674083947464427,-0.04307818379684346,0.15994466467865115,0.0037643868170552375,0.1847800403807211,0.0734075704979473,0.0803324397073259,-0.08937367565013114,-0.10978070978188968,0.04447276152091965,-0.0569709763686765,-0.0349105988726285,0.06839410342279503,0.11904736459906949,0.07849681026385714,-0.048772675178309806,0.08540256312594834,-0.05414841083728365,-0.03103468316040469,-0.00610347439282207,-0.04204174371048022,0.026958529988432397,0.07223578518466442,0.14743208538718075,0.20643530520696146,-0.010767899688038938,0.03251516012669353,-0.09814993735351536,-0.12755915427295533,0.0654278600086861,0.0338296376861751,0.054491720841859895,-0.04474867353785575,-0.114256330489911,-0.0003954518128709666
bassfl/bassfl031_G6.wav,-0.08539002984804256,-0.007768543093250417,0.004451475245956406,-0.011037323958226465,0.001308349246883428,-0.003127236584465825,0.01750656116010168,-0.004668927893286486,-0.016668635852522304,0.024688971939282777,0.017356879425854482,0.013186454487444738,-0.0019614467086427876,0.01384366849927594,0.009313435123426242,-0.011570672899478902,0.022445047757146244,0.01651545737261876,-0.0013601751894062077,0.04642225646347226,0.006900189593482219,-0.019499864106439682,-0.004582210716447486,0.0015476720209632762,-0.00676295950078824,0.009304235734293845,-0.017260536302215884,-0.027256200786449046,0.003889110195819851,-0.01593286645157896,-0.014459590807640841,-0.02358045674919504,0.06196078426536837,0.04386111803706043,0.008465428904554654,0.03817911388035619,-0.041185463093628166,0.0068887232614106555,0.033063556439203126,0.025101229393218582,-0.046958883848736616,0.021870537619789215,-0.03915995839749026,0.03660584683994123,-0.10518280552164418,0.03509924458410442,0.012696687715592972,0.026474621822429722,0.10878869010484005,-0.021382929109938914,0.006246274989525388,-0.07986407977906496,-0.07620298100532416,-0.08506507077966835,-0.012154329647296888,0.006025798648943263,0.003329250414152815,-0.03687816547335176,-0.006444934883415611,0.0031021960942762446,-0.07000989977344646,-0.04101151283247258,0.040693074190665146,0.007329430668946625,-0.13898075757463316,-0.03648905597321445,-0.10458905715975247,-0.0321122808558548,0.05199133544329494,0.07607895747871889,-0.09149788350681422,0.03680476921333495,-0.03839916148911067,-0.060318148775927186,0.043685823591659755,0.19962388308472234,-0.04267037992150938,0.009581703560791743,-0.0014073722719610943,0.1123121174191781,0.13819344778256784,0.19360653397653443,-0.002505845775068266,0.12993826363505906,-0.0615502911726317,0.04476849402152358,-0.05473963091460311,-0.17760278560488374,-0.09726908806062776,0.034068338015817,0.057979274884730134,-0.18669965325796745,0.01205549964938301,0.0662194324695935,0.0510857963026769,0.007964189980477474,0.09152156490120945,-0.02398930410454003,-0.009370862520535844,0.02422321577485874,0.07748676256370848,-0.14200744385192313,0.24393508850200846,0.13688817443899318,0.06589403962857901,-0.22375692805539144,0.06975915679677452,-0.04214375191976216,0.0354619036297094,-0.03325672011871969,-0.062273037546426505,-0.0037532102049740654,0.091190240203462,0.09258846945682975,0.07051075867491716,0.047743233030077034,-0.12185115973998212,-0.03602184524197767,-0.005367778739634463,-0.06410780874709132,-0.07372493974827789,0.053825687816318434,0.01949249033086694,-0.06734506081918527,-0.05963306130331518,-0.15788235240289406,0.4149996484553652,0.13606567451461712,-0.02294964583587746,-0.12232310597995892,-0.11714182242037899,0.05642562625994166,0.05163796172050412,0.014774578973384482,-0.057988030511453445,0.053517640390452585,0.1503853027403482,-0.2559958318479297,-0.014380121509570666,0.02402411415567948,0.12990741331847203,0.029991568491980283,-0.13679748213229345,-0.039152299885965275,-0.0699140534448627
bassfl/bassfl032_Gis6.wav,-0.06537441774139023,0.030688972845923236,0.012377834321963115,0.021446150571882885,-0.046096162400231504,0.04352560714677712,-0.04306845070386369,-0.0320726686051288,-0.012263476089813435,-0.038033371741024904,-0.009660866413245605,-0.016000566125355015,0.05317729196598346,-0.0034789275041247417,-0.05688894169642017,-0.03582636882270414,0.057981153107547166,0.046085422059484564,-0.08305073510782515,-0.1685129409988892,-0.21990072954252196,-0.014086121698733068,-0.022061890724003986,-0.16129968853086107,-0.016994512178865377,-0.034152821333958784,0.14838576470826276,0.15943902120853878,-0.04602420249387841,0.025704163147277213,0.12763148781371836,-0.06627487890190245,-0.08263111998230799,-0.029907776282334483,0.056996787240266134,-0.08191194449813133,-0.041059826157723245,-0.11927396702958115,-0.02664033356149063,0.01388000720792535,-0.06780802571279756,0.0380975508417641,0.021739541132652355,-0.02999795462600157,-0.005208615297434577,0.12122912959233383,0.13163810431480744,0.06294281805196894,-0.04027323020885278,0.0017061900628768806,0.01882627171645348,0.051961227121538486,0.04275921534850574,0.08830144959450933,0.00614688598102229,0.003841615192236539,-0.15044203392136582,-0.1440715789480517,0.20110299733328255,-0.12384576042117941,-0.06333540203923052,-0.01882219756194827,-0.11311192965198166,-0.08001579249764526,-0.03811067123990931,0.09766431544236483,-0.0070601948773288455,-0.007822766131266465,-0.06716634890987538,-0.07959521113283051,0.06717630952224884,-0.0014015368249312363,-0.04151831667210774,0.08907937316581141,0.14322398463743127,0.01664962727996314,0.10960711144937199,-0.03337205551082421,-0.14236666674660747,0.18570250011228479,0.06691337559865004,-0.0514699991216907,-0.08397657720754047,0.0144586383129763,-0.12574203763423938,-0.009633255108865011,0.04604753903540941,0.06650767398568283,0.13164031635172552,-0.21373501989993035,-0.044524876995829486,0.08808043342136805,-0.1902918233882768,-0.06314442696366215,-0.03964969833948731,0.025893741280640054,0.11727703443126669,0.11896008659953808,-0.0965953033736582,-0.07335953308285496,0.12375016237602778,0.09199187402725102,0.11911199062381449,-0.015378590150225479,0.007081013325646229,-0.04772241402577066,0.0007646092885381095,-0.046002814037351444,0.04902947774767356,0.01906236740975459,-0.03882259999999692,-0.007951054597965738,-0.13845531593681049,-0.0011756274377522687,-0.06148277855844668,0.0690709468651707,-0.02806468380593788,-0.030714244426395622,0.06142643599928239,-0.0707154295544852,-0.009104220982825434,-0.11321202999621785,-0.02763886536494288,0.06712916694875401,0.16988807456671326,-0.1695758374488896,0.08822869623703705,-0.04641258818439896,-0.019142174435188,0.039590004504419234,0.06064688856597309,-0.045737284036936506,0.048214736142733236,0.11269817295154717,-0.012420273434704435,0.003849909554721053,0.11934191631565477,0.08659836571147467,-0.10092563227513825,0.08422632371625567,-0.034938071719224216,0.09971805769856222,-0.013492815257437056,-0.10073314659019904,0.03095128478325107
bassfl/bassfl033_A6.wav,-0.06762412524425035,-4.745283837113978e-05,-0.00030076233013326403,-0.03265384751063741,-0.11228515201530961,0.007495086000720717,-0.06817009827593581,-0.05504783039433397,0.003273724368180856,0.06657447341649245,0.054456704148652384,-0.12917472700715965,0.06470871543865055,-0.05424732962897144,0.08996575624871447,0.09997272068831296,0.09895567325659721,0.12133960651404103,-0.009180984851873353,-0.12630044653033567,0.028773214042862632,-0.08477634909969586,0.005020007839928694,0.07591291874568809,-0.05427789447823533,0.017280543313087777,-0.08505316540968764,-0.05707774240819381,0.06560677723486777,-0.0028392722244774855,-0.09956870245234442,0.07537782678162397,0.031526959036173204,0.1756078492533037,0.08398672053689374,0.07313894832424418,0.05093620827185373,-0.12531807607011747,-0.21611981328113153,-0.12237048166647292,0.19858578730600093,-0.04402860459912507,-0.03872689459997148,0.06047958048400593,0.10514981673049767,-0.03619385176662181,0.029303035435787245,-0.043150680340125626,-0.0973368160092525,-0.004368994244978002,0.02751745535577716,-0.006547748557330993,0.1809853925978911,-0.008582372633406839,0.04877605002218374,-0.08036526341585301,0.2582083622300698,-0.005886136384834779,-0.09192135111782712,-0.04033941476912499,-0.07580413252332072,-0.10322214792113782,0.06670805578388608,-0.002099132283052238,-0.04443722934133452,0.07766721009184563,-0.08362112989834299,0.011346514281296217,-0.0114786706373982,0.061782725349191714,-0.09510982067301178,0.0993215432691176,-0.05428423450946597,-0.014246963937431037,-0.12261172247290167,-0.027951593914456136,0.1218754622368417,-0.05849961814540819,0.0747123324687003,0.18145803381167602,-0.05536917345124901,0.06738088778797333,0.04483296330691971,0.14472701702069446,0.04285335048727902,-0.14823810798865933,0.04368703830816284,-0.07380502899085828,0.020346729256312306,0.1057440619064192,0.045618460154113874,0.02478193178293584,-0.008603786597961098,0.0410268737614454,-0.06388618440618823,0.011467406064679359,0.10535172951994654,-0.05644729333793047,-0.01802887588387821,-0.02401731721771143,-0.034481348012443194,0.017417350095075473,0.03392216297000285,-0.06933325666947482,-0.07921032225826119,0.2131628406613298,-0.01649596986522077,0.0010057412176448354,0.04965653693771896,0.1469548708070545,-0.049783312313316945,0.15477157753137533,0.07322019615772227,-0.003018719247710376,-0.004111534591500038,0.07211009901393182,0.023839341340893286,-0.026450242329831303,0.0021130367987283946,-0.11461275725190131,0.10676850059575606,-0.06101705387773118,-0.026712520722706624,0.05857777090478626,-0.012259580967469009,-0.06760352949749102,-0.043533386912727234,0.11742057349283974,0.05326739493217796,-0.008868930404861017,-0.050668521365231096,-0.04739193964278967,0.07235969407100525,0.06831708650319197,-0.18131112903852628,0.0027287573032190723,0.1422636374823774,0.11993093546143999,0.014829578065352563,0.0854249146534334,-0.05947553662554741,0.10884317642548832,0.011082316390936058,-0.06764455774485208,0.055002360484826866
bassfl/bassfl034_Ais6.wav,-0.06567263199034645,-0.015157798700039075,0.007149850264510779,-0.049185374705196766,0.029934924819576422,-0.007328957315161835,0.04962824935221445,0.011003000091305943,-0.03584290971694765,0.030274064549859314,0.03395464447060987,0.07241117522591325,-0.04504489255641043,0.1763841645799892,-0.03049119677142651,0.05768604146879888,0.03279549784262149,-0.08033441076954917,0.0951572644243254,0.4961147910281913,0.021514867573960338,0.05591820741530196,-0.023085326446825323,0.21165613848957612,0.05258104274144709,-0.08767834328018992,0.018036373065777656,0.02727590881700019,0.0019605277739542307,-0.03436873076181118,-0.06617978356930247,0.060253537942144546,0.08315637752850329,-0.11631571974126091,-0.03361956642321556,0.10130448297564812,0.0034450708187551346,0.009110884507557157,0.15686147100636624,-0.06548658816456568,-0.07517280449948555,0.09443245788531152,-0.07980651608380536,-0.018117868529596508,-0.07445824186677508,0.09097349351226394,-0.12005622272172933,0.043363797642314766,0.026508095779855932,0.09736176990715051,-0.10446947296424139,0.06670681075249531,-0.05851070879231608,-0.019703400319169437,-0.07828403174052652,0.09774150899662798,0.06750439017591324,0.13303990537699265,-0.05490168401912359,0.025501901757051998,0.06696954384437948,-0.0008656654329504661,-0.0068830103724766625,-0.006048553905300125,-0.026255709634540353,-0.0985490033490021,0.04760945804197929,0.005530291888714003,-0.01331983910187566,-0.0385951641768762,0.07512636062803575,0.005305752939350636,-0.006412425354435682,-0.04866529476447177,-0.014440651332463538,-0.11640523859395319,0.06299467671011605,0.06581980993937939,0.0399868236023953,-0.0691693685856083,-0.04095893448925482,0.002526104358388806,-0.09206096143608254,-0.10516815189354685,0.0006616275439135954,-0.07893355235967017,-0.11308485723616962,-0.06862286979396734,0.020967414011034705,0.019852841238392302,-0.025913834672824335,0.04959815402078972,-0.018368535796480318,0.03879626883603933,0.08819652918374081,0.10674900743852307,0.025938447551416728,0.049986450786133854,-0.06981970516296414,-0.08868632024785314,0.07457413869004054,0.11330909460444863,0.11927999925693596,0.06355405581959057,0.09768575803276736,0.1027686395477754,-0.020573177074169984,0.009957641925400081,0.10192410696838113,0.0800062394859404,-0.0394581726326687,0.09545934597558854,-0.08288721812258446,0.017629354078198076,-0.11811226999596969,0.07302135781255545,0.0008088771737544825,0.009024531937649335,0.13622318028738753,-0.10027518510491215,0.045958119481948244,-0.09751270852371716,-0.044253338684794544,0.04897670765634807,0.08147438923828516,-0.15083337179837794,-0.005264278969900286,0.05748253631099049,0.0034634601635527254,0.03882440052792951,0.06411729966040071,-0.07668368026595938,0.01575740015643355,0.08169296169811117,-0.10217753908530844,0.018940262269956543,0.12249427892637658,0.12943159676329513,-0.058496167698273156,0.09222294474229906,-0.05167550614465488,0.10966900082879787,-0.0017180371867525023,-0.09480365125147425,0.03776712955888449
bassfl/bassfl035_H6.wav,-0.07235014538732928,-0.0008890116135698983,0.004137110392633967,0.005498406695639389,0.003700444253511185,0.0003720316334053491,-0.009049225119683086,0.0025275566604424336,-0.0010802599135377082,0.021126859325662672,0.0015802686590184424,-8.695261751947257e-05,0.012942457714691194,0.007913173609037908,-0.008135961108459482,-0.004424737892244521,-0.008840916155585165,-0.0069554448201837975,0.00010877526515118072,-0.08107786070533347,0.020584758188275133,0.0276267477534886,-0.017319012434773993,-0.052567152111717516,0.016571554589986486,-0.028294581823735718,-0.015661236445814977,-0.004276934582398327,-0.023790416600276573,0.0406820647167188,-0.004365884786054215,0.019270499241544302,-0.012161860244005106,-0.020255445988940975,0.023104517955366555,-0.004704141001802359,0.005475257862725336,-0.0021358182357529287,0.004573313118071437,-0.015842418139364503,-0.022040104331530082,-0.119635342390228,0.08721319587846482,-0.10517414582163315,0.03290561932527086,-0.030190058520620483,-0.06276630596603097,0.18249448067871366,-0.04627607075419034,-0.007085396847523502,-0.08138148616714938,0.02919791416906759,0.08218341691106285,0.16286204391283282,-0.05185397571501007,-0.03665395337453392,0.030051490788032112,-0.0025813510239213605,-0.050150814370145805,0.15318974562789675,0.2341722369388726,-0.09516437123313584,-0.025575612611121144,0.044653532992908376,0.26064803157571653,0.07292740346097257,0.022421249481472064,-0.023232365883597318,0.04378867808535125,-0.1479079389491972,0.021305134784528855,0.07839683832380233,0.027477632684308098,0.05627100224574447,-0.0437281853330816,0.21818216835209814,-0.006408561796158736,0.029944484333916596,-0.012555945449041178,0.05506743417371702,0.02812930726966575,-0.09449163414469341,0.13814595969592305,-0.22564155997509272,0.2598955944529452,0.06818506390327471,-0.14745493944977178,0.024150801304304054,0.17175749882171518,-0.11460610624691214,0.11160703354188299,-0.020221126151993302,0.10535789795111043,-0.028051795948267847,0.030990780517208064,-0.00964616674501604,-0.018883854030543545,0.0812794027066494,0.11008343562586287,-0.0008340119966686738,-0.015872238467456005,0.07106086261346319,0.14790140642133928,-0.044245728277133856,0.07640836794023362,-0.016583793494443392,0.037589477065477606,-0.07807418330505234,-0.10579157111640383,0.07013134855726115,-0.11410428262597072,0.0991173803537627,-0.04742426180664401,-0.013979128059580027,-0.004552984200641855,0.11956302245074175,0.12092646741550632,-0.018211649374545568,-0.026859781807102308,-0.017338911991343686,0.08572507947820454,0.06757343379499432,0.1092103121178263,-0.11314432924857865,-0.2181815279946423,-0.04301516995735023,-0.02036126489978888,0.1621984958330495,0.08723705413939012,-0.11144590333811838,0.054968067288854665,0.00646375952468519,0.10468149555764096,0.13430990112697563,0.04634874974459833,-0.025326780931113763,-0.03712182605695342,-0.09237623655559936,-0.09443450071731685,0.10040444365599804,0.040491643354913634,0.011674142832731507,-0.13057476084081535,-0.09503970433746221,-0.03842960176673548
bassfl/bassfl036_C6.wav,-0.0668861137224834,-0.011263914323717893,0.009893784732116787,0.017275270516940788,-0.009133507228495336,-0.019563379564811245,0.02615148304192638,0.03293478843073142,0.040967750511601175,-0.06497210651915741,-0.024104297210172675,0.11839611586239725,-0.003788494177418446,-0.04116896606458261,0.002757621837177122,-0.0206452935196743,0.018992076269858042,0.06991233148553953,-0.07958079537977089,-0.17939483924909388,-0.026524075820829073,0.0304700596376234,-0.02109475333192673,-0.05655511056507631,-0.007860438937440394,0.059285860421773466,-0.036009852862743594,0.02686789599820233,0.02844557222971395,-0.01771053471096025,0.11030153869547342,-0.08949111394292203,0.02235124226621637,-0.03786591904906944,-0.025014336949154024,-0.05403508064104791,-0.10692028931644014,0.027576673847302537,-0.0067592560572881655,0.02835376246632313,-0.08341301047677693,0.013987285720407,-0.08621829985287256,-0.03142301886595316,-0.09253637632125782,-0.030745681505918585,0.14509138708963631,0.03680544434598737,0.12610034591680272,0.053288733220500706,-0.07740846806093332,-0.10653228360535769,-0.016692276039237532,0.03297856772844662,0.013144999736979614,0.05968390554348843,-0.08827653353260129,-0.02740594607867127,0.15329708515642512,-0.05270309693886475,-0.011007206949220943,0.0734469980784257,-0.13408825785982065,0.09284580969076714,0.04762790167688241,0.00841711919387329,-0.024760384092447636,-0.0423665717192855,0.056873593836653,-0.0764784285410551,0.03814732919083518,0.04523714108392174,-0.11922163114825368,0.012075164209543313,-0.032039855868063224,0.12714464462968894,-0.10451337855475727,-0.08387410631532503,0.07067974754335268,-0.10316676481332475,0.08218209083883277,0.06941998048890181,0.06676758515713101,0.06855696364323244,0.02214754502168305,-0.06754187623618017,-0.0628439806189621,0.045221240964845574,-0.2539743601873805,0.1388230486242321,-0.03119439438983672,0.04272537065138657,0.3145833776168978,0.12149072099024545,0.1852777951825182,-0.006997247012748067,-0.20692503540357546,-0.037433413566537455,-0.04991639494549424,0.0358782728537232,0.028742948563094083,0.01251469711770552,0.04688850128333712,0.007411432204277521,0.07994794207495251,0.15605042466456084,0.022202517856885696,0.19038705567346534,0.025499457226113974,-0.10967319059930483,0.11271018598894743,0.06783049812396666,0.15047280814173664,0.030634289435511677,-0.011607899489068173,0.058227401848320474,0.04614206619710426,0.03945692163947093,0.012097770358094336,-0.10397656524955473,0.09404898361661714,0.13419650696091803,-0.09460830487172694,0.027443177679392715,0.01039633619222412,-0.056098416004603635,-0.1442996726643158,0.0516408354667139,-0.03530264904603288,0.08081478772293438,0.08570009585913324,-0.10654135364801769,-0.046832606755249584,0.049833017798121174,-0.1372039790664867,0.0766925928871257,0.06546798723105876,0.13097221791254077,-0.0821476393576574,0.10106412652328743,-0.058836000640872625,0.09726702171443076,-0.014676080471581478,-0.09561195444070351,0.029022747491611562
